{"timestamp": "2026-08-14T16:00:46.369045Z", "level": "INFO", "component": "execution", "message": "[scalper] \u2705 BUY order placed! Price: 50000.00", "mode": "PAPER", "strategy": "scalper", "symbol": "BTCUSDT"}
{"timestamp": "2026-08-14T16:00:46.369588Z", "level": "INFO", "component": "execution", "message": "[scalper] \ud83d\udee1\ufe0f  SL/TP OCO order placed! SL: 49000.00 | TP: 51000.00", "mode": "PAPER", "strategy": "scalper", "symbol": "BTCUSDT"}
{"timestamp": "2026-08-14T16:01:34.598773Z", "level": "INFO", "component": "execution", "message": "[scalper] \u2705 BUY order placed! Price: 50000.00", "mode": "PAPER", "strategy": "scalper", "symbol": "BTCUSDT"}
{"timestamp": "2026-08-14T16:01:34.599329Z", "level": "INFO", "component": "execution", "message": "[scalper] \ud83d\udee1\ufe0f  SL/TP OCO order placed! SL: 49000.00 | TP: 51000.00", "mode": "PAPER", "strategy": "scalper", "symbol": "BTCUSDT"}
{"timestamp": "2026-08-14T16:02:11.063686Z", "level": "WARNING", "component": "data_monitor", "message": "Data gap detected for BTCUSDT: 120.0s", "mode": "PAPER"}
{"timestamp": "2026-08-14T16:02:11.069947Z", "level": "WARNING", "component": "data_monitor", "message": "Out of order tick for BTCUSDT", "mode": "PAPER"}
{"timestamp": "2026-08-14T16:02:11.241583Z", "level": "WARNING", "component": "data_monitor", "message": "Data gap detected for BTCUSDT: 120.0s", "mode": "PAPER"}
{"timestamp": "2026-08-14T16:02:11.242905Z", "level": "WARNING", "component": "data_monitor", "message": "Out of order tick for BTCUSDT", "mode": "PAPER"}
{"timestamp": "2026-08-14T16:02:11.411936Z", "level": "WARNING", "component": "data_monitor", "message": "Data gap detected for BTCUSDT: 120.0s", "mode": "PAPER"}
{"timestamp": "2026-08-14T16:02:11.413187Z", "level": "WARNING", "component": "data_monitor", "message": "Out of order tick for BTCUSDT", "mode": "PAPER"}
{"timestamp": "2026-08-14T16:02:11.573075Z", "level": "WARNING", "component": "data_monitor", "message": "Data gap detected for BTCUSDT: 120.0s", "mode": "PAPER"}
{"timestamp": "2026-08-14T16:02:11.575507Z", "level": "WARNING", "component": "data_monitor", "message": "Out of order tick for BTCUSDT", "mode": "PAPER"}
{"timestamp": "2026-08-14T16:02:11.742221Z", "level": "WARNING", "component": "data_monitor", "message": "Data gap detected for BTCUSDT: 120.0s", "mode": "PAPER"}
{"timestamp": "2026-08-14T16:02:11.743914Z", "level": "WARNING", "component": "data_monitor", "message": "Out of order tick for BTCUSDT", "mode": "PAPER"}
{"timestamp": "2026-08-14T16:02:11.905617Z", "level": "WARNING", "component": "data_monitor", "message": "Data gap detected for BTCUSDT: 120.0s", "mode": "PAPER"}
{"timestamp": "2026-08-14T16:02:11.908280Z", "level": "WARNING", "component": "data_monitor", "message": "Out of order tick for BTCUSDT", "mode": "PAPER"}
{"timestamp": "2026-08-14T16:02:12.064216Z", "level": "WARNING", "component": "data_monitor", "message": "Data gap detected for BTCUSDT: 120.0s", "mode": "PAPER"}
{"timestamp": "2026-08-14T16:02:12.066883Z", "level": "WARNING", "component": "data_monitor", "message": "Out of order tick for BTCUSDT", "mode": "PAPER"}
{"timestamp": "2026-08-14T16:02:12.229015Z", "level": "WARNING", "component": "data_monitor", "message": "Data gap detected for BTCUSDT: 120.0s", "mode": "PAPER"}
{"timestamp": "2026-08-14T16:02:12.230498Z", "level": "WARNING", "component": "data_monitor", "message": "Out of order tick for BTCUSDT", "mode": "PAPER"}
{"timestamp": "2026-08-14T16:02:12.452735Z", "level": "WARNING", "component": "data_monitor", "message": "Data gap detected for BTCUSDT: 120.0s", "mode": "PAPER"}
{"timestamp": "2026-08-14T16:02:12.453710Z", "level": "WARNING", "component": "data_monitor", "message": "Out of order tick for BTCUSDT", "mode": "PAPER"}
{"timestamp": "2026-08-14T16:02:12.684843Z", "level": "WARNING", "component": "data_monitor", "message": "Data gap detected for BTCUSDT: 120.0s", "mode": "PAPER"}
{"timestamp": "2026-08-14T16:02:12.687378Z", "level": "WARNING", "component": "data_monitor", "message": "Out of order tick for BTCUSDT", "mode": "PAPER"}
{"timestamp": "2026-08-14T16:02:12.850735Z", "level": "WARNING", "component": "data_monitor", "message": "Data gap detected for BTCUSDT: 120.0s", "mode": "PAPER"}
{"timestamp": "2026-08-14T16:02:12.855468Z", "level": "WARNING", "component": "data_monitor", "message": "Out of order tick for BTCUSDT", "mode": "PAPER"}
{"timestamp": "2026-08-14T16:02:13.014691Z", "level": "WARNING", "component": "data_monitor", "message": "Data gap detected for BTCUSDT: 120.0s", "mode": "PAPER"}
{"timestamp": "2026-08-14T16:02:13.016036Z", "level": "WARNING", "component": "data_monitor", "message": "Out of order tick for BTCUSDT", "mode": "PAPER"}
{"timestamp": "2026-08-14T16:02:13.180106Z", "level": "WARNING", "component": "data_monitor", "message": "Data gap detected for BTCUSDT: 120.0s", "mode": "PAPER"}
{"timestamp": "2026-08-14T16:02:13.182217Z", "level": "WARNING", "component": "data_monitor", "message": "Out of order tick for BTCUSDT", "mode": "PAPER"}
{"timestamp": "2026-08-14T16:02:13.338838Z", "level": "WARNING", "component": "data_monitor", "message": "Data gap detected for BTCUSDT: 120.0s", "mode": "PAPER"}
{"timestamp": "2026-08-14T16:02:13.340231Z", "level": "WARNING", "component": "data_monitor", "message": "Out of order tick for BTCUSDT", "mode": "PAPER"}
{"timestamp": "2026-08-14T16:02:13.503420Z", "level": "WARNING", "component": "data_monitor", "message": "Data gap detected for BTCUSDT: 120.0s", "mode": "PAPER"}
{"timestamp": "2026-08-14T16:02:13.505016Z", "level": "WARNING", "component": "data_monitor", "message": "Out of order tick for BTCUSDT", "mode": "PAPER"}
{"timestamp": "2026-08-14T16:02:13.660054Z", "level": "WARNING", "component": "data_monitor", "message": "Data gap detected for BTCUSDT: 120.0s", "mode": "PAPER"}
{"timestamp": "2026-08-14T16:02:13.661028Z", "level": "WARNING", "component": "data_monitor", "message": "Out of order tick for BTCUSDT", "mode": "PAPER"}
{"timestamp": "2026-08-14T16:02:13.814897Z", "level": "WARNING", "component": "data_monitor", "message": "Data gap detected for BTCUSDT: 120.0s", "mode": "PAPER"}
{"timestamp": "2026-08-14T16:02:13.816308Z", "level": "WARNING", "component": "data_monitor", "message": "Out of order tick for BTCUSDT", "mode": "PAPER"}
{"timestamp": "2026-08-14T16:02:13.978941Z", "level": "WARNING", "component": "data_monitor", "message": "Data gap detected for BTCUSDT: 120.0s", "mode": "PAPER"}
{"timestamp": "2026-08-14T16:02:13.981023Z", "level": "WARNING", "component": "data_monitor", "message": "Out of order tick for BTCUSDT", "mode": "PAPER"}
{"timestamp": "2026-08-14T16:02:14.198959Z", "level": "WARNING", "component": "data_monitor", "message": "Data gap detected for BTCUSDT: 120.0s", "mode": "PAPER"}
{"timestamp": "2026-08-14T16:02:14.202377Z", "level": "WARNING", "component": "data_monitor", "message": "Out of order tick for BTCUSDT", "mode": "PAPER"}
{"timestamp": "2026-08-14T16:02:14.406990Z", "level": "WARNING", "component": "data_monitor", "message": "Data gap detected for BTCUSDT: 120.0s", "mode": "PAPER"}
{"timestamp": "2026-08-14T16:02:14.409414Z", "level": "WARNING", "component": "data_monitor", "message": "Out of order tick for BTCUSDT", "mode": "PAPER"}
{"timestamp": "2026-08-14T16:02:14.618092Z", "level": "WARNING", "component": "data_monitor", "message": "Data gap detected for BTCUSDT: 120.0s", "mode": "PAPER"}
{"timestamp": "2026-08-14T16:02:14.623375Z", "level": "WARNING", "component": "data_monitor", "message": "Out of order tick for BTCUSDT", "mode": "PAPER"}
{"timestamp": "2026-08-14T16:02:14.833345Z", "level": "WARNING", "component": "data_monitor", "message": "Data gap detected for BTCUSDT: 120.0s", "mode": "PAPER"}
{"timestamp": "2026-08-14T16:02:14.836158Z", "level": "WARNING", "component": "data_monitor", "message": "Out of order tick for BTCUSDT", "mode": "PAPER"}
{"timestamp": "2026-08-14T16:02:15.041624Z", "level": "WARNING", "component": "data_monitor", "message": "Data gap detected for BTCUSDT: 120.0s", "mode": "PAPER"}
{"timestamp": "2026-08-14T16:02:15.043837Z", "level": "WARNING", "component": "data_monitor", "message": "Out of order tick for BTCUSDT", "mode": "PAPER"}
{"timestamp": "2026-08-14T16:02:15.256743Z", "level": "WARNING", "component": "data_monitor", "message": "Data gap detected for BTCUSDT: 120.0s", "mode": "PAPER"}
{"timestamp": "2026-08-14T16:02:15.259139Z", "level": "WARNING", "component": "data_monitor", "message": "Out of order tick for BTCUSDT", "mode": "PAPER"}
{"timestamp": "2026-08-14T16:02:15.476991Z", "level": "WARNING", "component": "data_monitor", "message": "Data gap detected for BTCUSDT: 120.0s", "mode": "PAPER"}
{"timestamp": "2026-08-14T16:02:15.478916Z", "level": "WARNING", "component": "data_monitor", "message": "Out of order tick for BTCUSDT", "mode": "PAPER"}
{"timestamp": "2026-08-14T16:02:15.685965Z", "level": "WARNING", "component": "data_monitor", "message": "Data gap detected for BTCUSDT: 120.0s", "mode": "PAPER"}
{"timestamp": "2026-08-14T16:02:15.687166Z", "level": "WARNING", "component": "data_monitor", "message": "Out of order tick for BTCUSDT", "mode": "PAPER"}
{"timestamp": "2026-08-14T16:02:15.908082Z", "level": "WARNING", "component": "data_monitor", "message": "Data gap detected for BTCUSDT: 120.0s", "mode": "PAPER"}
{"timestamp": "2026-08-14T16:02:15.910946Z", "level": "WARNING", "component": "data_monitor", "message": "Out of order tick for BTCUSDT", "mode": "PAPER"}
{"timestamp": "2026-08-14T16:02:16.118831Z", "level": "WARNING", "component": "data_monitor", "message": "Data gap detected for BTCUSDT: 120.0s", "mode": "PAPER"}
{"timestamp": "2026-08-14T16:02:16.121081Z", "level": "WARNING", "component": "data_monitor", "message": "Out of order tick for BTCUSDT", "mode": "PAPER"}
{"timestamp": "2026-08-14T16:02:16.334523Z", "level": "WARNING", "component": "data_monitor", "message": "Data gap detected for BTCUSDT: 120.0s", "mode": "PAPER"}
{"timestamp": "2026-08-14T16:02:16.335944Z", "level": "WARNING", "component": "data_monitor", "message": "Out of order tick for BTCUSDT", "mode": "PAPER"}
{"timestamp": "2026-08-14T16:02:16.538729Z", "level": "WARNING", "component": "data_monitor", "message": "Data gap detected for BTCUSDT: 120.0s", "mode": "PAPER"}
{"timestamp": "2026-08-14T16:02:16.540657Z", "level": "WARNING", "component": "data_monitor", "message": "Out of order tick for BTCUSDT", "mode": "PAPER"}
{"timestamp": "2026-08-14T16:02:16.753464Z", "level": "WARNING", "component": "data_monitor", "message": "Data gap detected for BTCUSDT: 120.0s", "mode": "PAPER"}
{"timestamp": "2026-08-14T16:02:16.759156Z", "level": "WARNING", "component": "data_monitor", "message": "Out of order tick for BTCUSDT", "mode": "PAPER"}
{"timestamp": "2026-08-14T16:02:16.966702Z", "level": "WARNING", "component": "data_monitor", "message": "Data gap detected for BTCUSDT: 120.0s", "mode": "PAPER"}
{"timestamp": "2026-08-14T16:02:16.969450Z", "level": "WARNING", "component": "data_monitor", "message": "Out of order tick for BTCUSDT", "mode": "PAPER"}
{"timestamp": "2026-08-14T16:02:17.174794Z", "level": "WARNING", "component": "data_monitor", "message": "Data gap detected for BTCUSDT: 120.0s", "mode": "PAPER"}
{"timestamp": "2026-08-14T16:02:17.176849Z", "level": "WARNING", "component": "data_monitor", "message": "Out of order tick for BTCUSDT", "mode": "PAPER"}
{"timestamp": "2026-08-14T16:02:17.376714Z", "level": "WARNING", "component": "data_monitor", "message": "Data gap detected for BTCUSDT: 120.0s", "mode": "PAPER"}
{"timestamp": "2026-08-14T16:02:17.379333Z", "level": "WARNING", "component": "data_monitor", "message": "Out of order tick for BTCUSDT", "mode": "PAPER"}
{"timestamp": "2026-08-14T16:02:17.582829Z", "level": "WARNING", "component": "data_monitor", "message": "Data gap detected for BTCUSDT: 120.0s", "mode": "PAPER"}
{"timestamp": "2026-08-14T16:02:17.585425Z", "level": "WARNING", "component": "data_monitor", "message": "Out of order tick for BTCUSDT", "mode": "PAPER"}
{"timestamp": "2026-08-14T16:02:17.780528Z", "level": "WARNING", "component": "data_monitor", "message": "Data gap detected for BTCUSDT: 120.0s", "mode": "PAPER"}
{"timestamp": "2026-08-14T16:02:17.782947Z", "level": "WARNING", "component": "data_monitor", "message": "Out of order tick for BTCUSDT", "mode": "PAPER"}
{"timestamp": "2026-08-14T16:02:17.980608Z", "level": "WARNING", "component": "data_monitor", "message": "Data gap detected for BTCUSDT: 120.0s", "mode": "PAPER"}
{"timestamp": "2026-08-14T16:02:17.982848Z", "level": "WARNING", "component": "data_monitor", "message": "Out of order tick for BTCUSDT", "mode": "PAPER"}
{"timestamp": "2026-08-14T16:02:18.210585Z", "level": "WARNING", "component": "data_monitor", "message": "Data gap detected for BTCUSDT: 120.0s", "mode": "PAPER"}
{"timestamp": "2026-08-14T16:02:18.212423Z", "level": "WARNING", "component": "data_monitor", "message": "Out of order tick for BTCUSDT", "mode": "PAPER"}
{"timestamp": "2026-08-14T16:02:18.422785Z", "level": "WARNING", "component": "data_monitor", "message": "Data gap detected for BTCUSDT: 120.0s", "mode": "PAPER"}
{"timestamp": "2026-08-14T16:02:18.425564Z", "level": "WARNING", "component": "data_monitor", "message": "Out of order tick for BTCUSDT", "mode": "PAPER"}
{"timestamp": "2026-08-14T16:02:18.625502Z", "level": "WARNING", "component": "data_monitor", "message": "Data gap detected for BTCUSDT: 120.0s", "mode": "PAPER"}
{"timestamp": "2026-08-14T16:02:18.628650Z", "level": "WARNING", "component": "data_monitor", "message": "Out of order tick for BTCUSDT", "mode": "PAPER"}
{"timestamp": "2026-08-14T16:02:18.836890Z", "level": "WARNING", "component": "data_monitor", "message": "Data gap detected for BTCUSDT: 120.0s", "mode": "PAPER"}
{"timestamp": "2026-08-14T16:02:18.842997Z", "level": "WARNING", "component": "data_monitor", "message": "Out of order tick for BTCUSDT", "mode": "PAPER"}
{"timestamp": "2026-08-14T16:02:19.037588Z", "level": "WARNING", "component": "data_monitor", "message": "Data gap detected for BTCUSDT: 120.0s", "mode": "PAPER"}
{"timestamp": "2026-08-14T16:02:19.039302Z", "level": "WARNING", "component": "data_monitor", "message": "Out of order tick for BTCUSDT", "mode": "PAPER"}
{"timestamp": "2026-08-14T16:02:19.238835Z", "level": "WARNING", "component": "data_monitor", "message": "Data gap detected for BTCUSDT: 120.0s", "mode": "PAPER"}
{"timestamp": "2026-08-14T16:02:19.241225Z", "level": "WARNING", "component": "data_monitor", "message": "Out of order tick for BTCUSDT", "mode": "PAPER"}
{"timestamp": "2026-08-14T16:02:19.453786Z", "level": "WARNING", "component": "data_monitor", "message": "Data gap detected for BTCUSDT: 120.0s", "mode": "PAPER"}
{"timestamp": "2026-08-14T16:02:19.456481Z", "level": "WARNING", "component": "data_monitor", "message": "Out of order tick for BTCUSDT", "mode": "PAPER"}
{"timestamp": "2026-08-14T16:02:19.667925Z", "level": "WARNING", "component": "data_monitor", "message": "Data gap detected for BTCUSDT: 120.0s", "mode": "PAPER"}
{"timestamp": "2026-08-14T16:02:19.669832Z", "level": "WARNING", "component": "data_monitor", "message": "Out of order tick for BTCUSDT", "mode": "PAPER"}
{"timestamp": "2026-08-14T16:02:19.876771Z", "level": "WARNING", "component": "data_monitor", "message": "Data gap detected for BTCUSDT: 120.0s", "mode": "PAPER"}
{"timestamp": "2026-08-14T16:02:19.878945Z", "level": "WARNING", "component": "data_monitor", "message": "Out of order tick for BTCUSDT", "mode": "PAPER"}
{"timestamp": "2026-08-14T16:02:20.098833Z", "level": "WARNING", "component": "data_monitor", "message": "Data gap detected for BTCUSDT: 120.0s", "mode": "PAPER"}
{"timestamp": "2026-08-14T16:02:20.100784Z", "level": "WARNING", "component": "data_monitor", "message": "Out of order tick for BTCUSDT", "mode": "PAPER"}
{"timestamp": "2026-08-14T16:02:20.359867Z", "level": "WARNING", "component": "data_monitor", "message": "Data gap detected for BTCUSDT: 120.0s", "mode": "PAPER"}
{"timestamp": "2026-08-14T16:02:20.361796Z", "level": "WARNING", "component": "data_monitor", "message": "Out of order tick for BTCUSDT", "mode": "PAPER"}
{"timestamp": "2026-08-14T16:02:20.612932Z", "level": "WARNING", "component": "data_monitor", "message": "Data gap detected for BTCUSDT: 120.0s", "mode": "PAPER"}
{"timestamp": "2026-08-14T16:02:20.615743Z", "level": "WARNING", "component": "data_monitor", "message": "Out of order tick for BTCUSDT", "mode": "PAPER"}
{"timestamp": "2026-08-14T16:02:20.829626Z", "level": "WARNING", "component": "data_monitor", "message": "Data gap detected for BTCUSDT: 120.0s", "mode": "PAPER"}
{"timestamp": "2026-08-14T16:02:20.831715Z", "level": "WARNING", "component": "data_monitor", "message": "Out of order tick for BTCUSDT", "mode": "PAPER"}
{"timestamp": "2026-08-14T16:02:21.030695Z", "level": "WARNING", "component": "data_monitor", "message": "Data gap detected for BTCUSDT: 120.0s", "mode": "PAPER"}
{"timestamp": "2026-08-14T16:02:21.035498Z", "level": "WARNING", "component": "data_monitor", "message": "Out of order tick for BTCUSDT", "mode": "PAPER"}
{"timestamp": "2026-08-14T16:02:21.234613Z", "level": "WARNING", "component": "data_monitor", "message": "Data gap detected for BTCUSDT: 120.0s", "mode": "PAPER"}
{"timestamp": "2026-08-14T16:02:21.236714Z", "level": "WARNING", "component": "data_monitor", "message": "Out of order tick for BTCUSDT", "mode": "PAPER"}
{"timestamp": "2026-08-14T16:02:21.447651Z", "level": "WARNING", "component": "data_monitor", "message": "Data gap detected for BTCUSDT: 120.0s", "mode": "PAPER"}
{"timestamp": "2026-08-14T16:02:21.449308Z", "level": "WARNING", "component": "data_monitor", "message": "Out of order tick for BTCUSDT", "mode": "PAPER"}
{"timestamp": "2026-08-14T16:02:21.661463Z", "level": "WARNING", "component": "data_monitor", "message": "Data gap detected for BTCUSDT: 120.0s", "mode": "PAPER"}
{"timestamp": "2026-08-14T16:02:21.663776Z", "level": "WARNING", "component": "data_monitor", "message": "Out of order tick for BTCUSDT", "mode": "PAPER"}
{"timestamp": "2026-08-14T16:02:21.879926Z", "level": "WARNING", "component": "data_monitor", "message": "Data gap detected for BTCUSDT: 120.0s", "mode": "PAPER"}
{"timestamp": "2026-08-14T16:02:21.881871Z", "level": "WARNING", "component": "data_monitor", "message": "Out of order tick for BTCUSDT", "mode": "PAPER"}
{"timestamp": "2026-08-14T16:02:22.084501Z", "level": "WARNING", "component": "data_monitor", "message": "Data gap detected for BTCUSDT: 120.0s", "mode": "PAPER"}
{"timestamp": "2026-08-14T16:02:22.086158Z", "level": "WARNING", "component": "data_monitor", "message": "Out of order tick for BTCUSDT", "mode": "PAPER"}
{"timestamp": "2026-08-14T16:02:22.295787Z", "level": "WARNING", "component": "data_monitor", "message": "Data gap detected for BTCUSDT: 120.0s", "mode": "PAPER"}
{"timestamp": "2026-08-14T16:02:22.298467Z", "level": "WARNING", "component": "data_monitor", "message": "Out of order tick for BTCUSDT", "mode": "PAPER"}
{"timestamp": "2026-08-14T16:02:22.505744Z", "level": "WARNING", "component": "data_monitor", "message": "Data gap detected for BTCUSDT: 120.0s", "mode": "PAPER"}
{"timestamp": "2026-08-14T16:02:22.507338Z", "level": "WARNING", "component": "data_monitor", "message": "Out of order tick for BTCUSDT", "mode": "PAPER"}
{"timestamp": "2026-08-14T16:02:22.711619Z", "level": "WARNING", "component": "data_monitor", "message": "Data gap detected for BTCUSDT: 120.0s", "mode": "PAPER"}
{"timestamp": "2026-08-14T16:02:22.714321Z", "level": "WARNING", "component": "data_monitor", "message": "Out of order tick for BTCUSDT", "mode": "PAPER"}
{"timestamp": "2026-08-14T16:02:22.918260Z", "level": "WARNING", "component": "data_monitor", "message": "Data gap detected for BTCUSDT: 120.0s", "mode": "PAPER"}
{"timestamp": "2026-08-14T16:02:22.920494Z", "level": "WARNING", "component": "data_monitor", "message": "Out of order tick for BTCUSDT", "mode": "PAPER"}
{"timestamp": "2026-08-14T16:02:23.125611Z", "level": "WARNING", "component": "data_monitor", "message": "Data gap detected for BTCUSDT: 120.0s", "mode": "PAPER"}
{"timestamp": "2026-08-14T16:02:23.131188Z", "level": "WARNING", "component": "data_monitor", "message": "Out of order tick for BTCUSDT", "mode": "PAPER"}
{"timestamp": "2026-08-14T16:02:23.331469Z", "level": "WARNING", "component": "data_monitor", "message": "Data gap detected for BTCUSDT: 120.0s", "mode": "PAPER"}
{"timestamp": "2026-08-14T16:02:23.333142Z", "level": "WARNING", "component": "data_monitor", "message": "Out of order tick for BTCUSDT", "mode": "PAPER"}
{"timestamp": "2026-08-14T16:02:23.536700Z", "level": "WARNING", "component": "data_monitor", "message": "Data gap detected for BTCUSDT: 120.0s", "mode": "PAPER"}
{"timestamp": "2026-08-14T16:02:23.538843Z", "level": "WARNING", "component": "data_monitor", "message": "Out of order tick for BTCUSDT", "mode": "PAPER"}
{"timestamp": "2026-08-14T16:02:23.738619Z", "level": "WARNING", "component": "data_monitor", "message": "Data gap detected for BTCUSDT: 120.0s", "mode": "PAPER"}
{"timestamp": "2026-08-14T16:02:23.740795Z", "level": "WARNING", "component": "data_monitor", "message": "Out of order tick for BTCUSDT", "mode": "PAPER"}
{"timestamp": "2026-08-14T16:02:23.946619Z", "level": "WARNING", "component": "data_monitor", "message": "Data gap detected for BTCUSDT: 120.0s", "mode": "PAPER"}
{"timestamp": "2026-08-14T16:02:23.949279Z", "level": "WARNING", "component": "data_monitor", "message": "Out of order tick for BTCUSDT", "mode": "PAPER"}
{"timestamp": "2026-08-14T16:02:24.155476Z", "level": "WARNING", "component": "data_monitor", "message": "Data gap detected for BTCUSDT: 120.0s", "mode": "PAPER"}
{"timestamp": "2026-08-14T16:02:24.158185Z", "level": "WARNING", "component": "data_monitor", "message": "Out of order tick for BTCUSDT", "mode": "PAPER"}
{"timestamp": "2026-08-14T16:02:24.365502Z", "level": "WARNING", "component": "data_monitor", "message": "Data gap detected for BTCUSDT: 120.0s", "mode": "PAPER"}
{"timestamp": "2026-08-14T16:02:24.368209Z", "level": "WARNING", "component": "data_monitor", "message": "Out of order tick for BTCUSDT", "mode": "PAPER"}
{"timestamp": "2026-08-14T16:02:24.576589Z", "level": "WARNING", "component": "data_monitor", "message": "Data gap detected for BTCUSDT: 120.0s", "mode": "PAPER"}
{"timestamp": "2026-08-14T16:02:24.578511Z", "level": "WARNING", "component": "data_monitor", "message": "Out of order tick for BTCUSDT", "mode": "PAPER"}
{"timestamp": "2026-08-14T16:02:24.793747Z", "level": "WARNING", "component": "data_monitor", "message": "Data gap detected for BTCUSDT: 120.0s", "mode": "PAPER"}
{"timestamp": "2026-08-14T16:02:24.795470Z", "level": "WARNING", "component": "data_monitor", "message": "Out of order tick for BTCUSDT", "mode": "PAPER"}
{"timestamp": "2026-08-14T16:02:25.003708Z", "level": "WARNING", "component": "data_monitor", "message": "Data gap detected for BTCUSDT: 120.0s", "mode": "PAPER"}
{"timestamp": "2026-08-14T16:02:25.005206Z", "level": "WARNING", "component": "data_monitor", "message": "Out of order tick for BTCUSDT", "mode": "PAPER"}
{"timestamp": "2026-08-14T16:02:25.212323Z", "level": "WARNING", "component": "data_monitor", "message": "Data gap detected for BTCUSDT: 120.0s", "mode": "PAPER"}
{"timestamp": "2026-08-14T16:02:25.220115Z", "level": "WARNING", "component": "data_monitor", "message": "Out of order tick for BTCUSDT", "mode": "PAPER"}
{"timestamp": "2026-08-14T16:02:25.427736Z", "level": "WARNING", "component": "data_monitor", "message": "Data gap detected for BTCUSDT: 120.0s", "mode": "PAPER"}
{"timestamp": "2026-08-14T16:02:25.429948Z", "level": "WARNING", "component": "data_monitor", "message": "Out of order tick for BTCUSDT", "mode": "PAPER"}
{"timestamp": "2026-08-14T16:02:25.628663Z", "level": "WARNING", "component": "data_monitor", "message": "Data gap detected for BTCUSDT: 120.0s", "mode": "PAPER"}
{"timestamp": "2026-08-14T16:02:25.629547Z", "level": "WARNING", "component": "data_monitor", "message": "Out of order tick for BTCUSDT", "mode": "PAPER"}
{"timestamp": "2026-08-14T16:02:25.833587Z", "level": "WARNING", "component": "data_monitor", "message": "Data gap detected for BTCUSDT: 120.0s", "mode": "PAPER"}
{"timestamp": "2026-08-14T16:02:25.835885Z", "level": "WARNING", "component": "data_monitor", "message": "Out of order tick for BTCUSDT", "mode": "PAPER"}
{"timestamp": "2026-08-14T16:02:26.046651Z", "level": "WARNING", "component": "data_monitor", "message": "Data gap detected for BTCUSDT: 120.0s", "mode": "PAPER"}
{"timestamp": "2026-08-14T16:02:26.048533Z", "level": "WARNING", "component": "data_monitor", "message": "Out of order tick for BTCUSDT", "mode": "PAPER"}
{"timestamp": "2026-08-14T16:02:26.254278Z", "level": "WARNING", "component": "data_monitor", "message": "Data gap detected for BTCUSDT: 120.0s", "mode": "PAPER"}
{"timestamp": "2026-08-14T16:02:26.262844Z", "level": "WARNING", "component": "data_monitor", "message": "Out of order tick for BTCUSDT", "mode": "PAPER"}
{"timestamp": "2026-08-14T16:02:26.471515Z", "level": "WARNING", "component": "data_monitor", "message": "Data gap detected for BTCUSDT: 120.0s", "mode": "PAPER"}
{"timestamp": "2026-08-14T16:02:26.473648Z", "level": "WARNING", "component": "data_monitor", "message": "Out of order tick for BTCUSDT", "mode": "PAPER"}
{"timestamp": "2026-08-14T16:02:26.686799Z", "level": "WARNING", "component": "data_monitor", "message": "Data gap detected for BTCUSDT: 120.0s", "mode": "PAPER"}
{"timestamp": "2026-08-14T16:02:26.688697Z", "level": "WARNING", "component": "data_monitor", "message": "Out of order tick for BTCUSDT", "mode": "PAPER"}
{"timestamp": "2026-08-14T16:02:26.896644Z", "level": "WARNING", "component": "data_monitor", "message": "Data gap detected for BTCUSDT: 120.0s", "mode": "PAPER"}
{"timestamp": "2026-08-14T16:02:26.899001Z", "level": "WARNING", "component": "data_monitor", "message": "Out of order tick for BTCUSDT", "mode": "PAPER"}
{"timestamp": "2026-08-14T16:02:27.098144Z", "level": "WARNING", "component": "data_monitor", "message": "Data gap detected for BTCUSDT: 120.0s", "mode": "PAPER"}
{"timestamp": "2026-08-14T16:02:27.100352Z", "level": "WARNING", "component": "data_monitor", "message": "Out of order tick for BTCUSDT", "mode": "PAPER"}
{"timestamp": "2026-08-14T16:02:27.304541Z", "level": "WARNING", "component": "data_monitor", "message": "Data gap detected for BTCUSDT: 120.0s", "mode": "PAPER"}
{"timestamp": "2026-08-14T16:02:27.309892Z", "level": "WARNING", "component": "data_monitor", "message": "Out of order tick for BTCUSDT", "mode": "PAPER"}
{"timestamp": "2026-08-14T16:02:27.529226Z", "level": "WARNING", "component": "data_monitor", "message": "Data gap detected for BTCUSDT: 120.0s", "mode": "PAPER"}
{"timestamp": "2026-08-14T16:02:27.531117Z", "level": "WARNING", "component": "data_monitor", "message": "Out of order tick for BTCUSDT", "mode": "PAPER"}
{"timestamp": "2026-08-14T16:02:27.754305Z", "level": "WARNING", "component": "data_monitor", "message": "Data gap detected for BTCUSDT: 120.0s", "mode": "PAPER"}
{"timestamp": "2026-08-14T16:02:27.757725Z", "level": "WARNING", "component": "data_monitor", "message": "Out of order tick for BTCUSDT", "mode": "PAPER"}
{"timestamp": "2026-08-14T16:02:27.964641Z", "level": "WARNING", "component": "data_monitor", "message": "Data gap detected for BTCUSDT: 120.0s", "mode": "PAPER"}
{"timestamp": "2026-08-14T16:02:27.967633Z", "level": "WARNING", "component": "data_monitor", "message": "Out of order tick for BTCUSDT", "mode": "PAPER"}
{"timestamp": "2026-08-14T16:02:28.182871Z", "level": "WARNING", "component": "data_monitor", "message": "Data gap detected for BTCUSDT: 120.0s", "mode": "PAPER"}
{"timestamp": "2026-08-14T16:02:28.186276Z", "level": "WARNING", "component": "data_monitor", "message": "Out of order tick for BTCUSDT", "mode": "PAPER"}
{"timestamp": "2026-08-14T16:02:28.384079Z", "level": "WARNING", "component": "data_monitor", "message": "Data gap detected for BTCUSDT: 120.0s", "mode": "PAPER"}
{"timestamp": "2026-08-14T16:02:28.387383Z", "level": "WARNING", "component": "data_monitor", "message": "Out of order tick for BTCUSDT", "mode": "PAPER"}
{"timestamp": "2026-08-14T16:02:28.594760Z", "level": "WARNING", "component": "data_monitor", "message": "Data gap detected for BTCUSDT: 120.0s", "mode": "PAPER"}
{"timestamp": "2026-08-14T16:02:28.597604Z", "level": "WARNING", "component": "data_monitor", "message": "Out of order tick for BTCUSDT", "mode": "PAPER"}
{"timestamp": "2026-08-14T16:02:28.807033Z", "level": "WARNING", "component": "data_monitor", "message": "Data gap detected for BTCUSDT: 120.0s", "mode": "PAPER"}
{"timestamp": "2026-08-14T16:02:28.808657Z", "level": "WARNING", "component": "data_monitor", "message": "Out of order tick for BTCUSDT", "mode": "PAPER"}
{"timestamp": "2026-08-14T16:02:29.021279Z", "level": "WARNING", "component": "data_monitor", "message": "Data gap detected for BTCUSDT: 120.0s", "mode": "PAPER"}
{"timestamp": "2026-08-14T16:02:29.023502Z", "level": "WARNING", "component": "data_monitor", "message": "Out of order tick for BTCUSDT", "mode": "PAPER"}
{"timestamp": "2026-08-14T16:02:29.260359Z", "level": "WARNING", "component": "data_monitor", "message": "Data gap detected for BTCUSDT: 120.0s", "mode": "PAPER"}
{"timestamp": "2026-08-14T16:02:29.263514Z", "level": "WARNING", "component": "data_monitor", "message": "Out of order tick for BTCUSDT", "mode": "PAPER"}
{"timestamp": "2026-08-14T16:02:29.506989Z", "level": "WARNING", "component": "data_monitor", "message": "Data gap detected for BTCUSDT: 120.0s", "mode": "PAPER"}
{"timestamp": "2026-08-14T16:02:29.514087Z", "level": "WARNING", "component": "data_monitor", "message": "Out of order tick for BTCUSDT", "mode": "PAPER"}
{"timestamp": "2026-08-14T16:02:29.730832Z", "level": "WARNING", "component": "data_monitor", "message": "Data gap detected for BTCUSDT: 120.0s", "mode": "PAPER"}
{"timestamp": "2026-08-14T16:02:29.733588Z", "level": "WARNING", "component": "data_monitor", "message": "Out of order tick for BTCUSDT", "mode": "PAPER"}
{"timestamp": "2026-08-14T16:02:29.943161Z", "level": "WARNING", "component": "data_monitor", "message": "Data gap detected for BTCUSDT: 120.0s", "mode": "PAPER"}
{"timestamp": "2026-08-14T16:02:29.945885Z", "level": "WARNING", "component": "data_monitor", "message": "Out of order tick for BTCUSDT", "mode": "PAPER"}
{"timestamp": "2026-08-14T16:02:30.150483Z", "level": "WARNING", "component": "data_monitor", "message": "Data gap detected for BTCUSDT: 120.0s", "mode": "PAPER"}
{"timestamp": "2026-08-14T16:02:30.152760Z", "level": "WARNING", "component": "data_monitor", "message": "Out of order tick for BTCUSDT", "mode": "PAPER"}
{"timestamp": "2026-08-14T16:02:30.371268Z", "level": "WARNING", "component": "data_monitor", "message": "Data gap detected for BTCUSDT: 120.0s", "mode": "PAPER"}
{"timestamp": "2026-08-14T16:02:30.373150Z", "level": "WARNING", "component": "data_monitor", "message": "Out of order tick for BTCUSDT", "mode": "PAPER"}
{"timestamp": "2026-08-14T16:02:30.586516Z", "level": "WARNING", "component": "data_monitor", "message": "Data gap detected for BTCUSDT: 120.0s", "mode": "PAPER"}
{"timestamp": "2026-08-14T16:02:30.589165Z", "level": "WARNING", "component": "data_monitor", "message": "Out of order tick for BTCUSDT", "mode": "PAPER"}
{"timestamp": "2026-08-14T16:02:30.793981Z", "level": "WARNING", "component": "data_monitor", "message": "Data gap detected for BTCUSDT: 120.0s", "mode": "PAPER"}
{"timestamp": "2026-08-14T16:02:30.796698Z", "level": "WARNING", "component": "data_monitor", "message": "Out of order tick for BTCUSDT", "mode": "PAPER"}
{"timestamp": "2026-08-14T16:02:31.001505Z", "level": "WARNING", "component": "data_monitor", "message": "Data gap detected for BTCUSDT: 120.0s", "mode": "PAPER"}
{"timestamp": "2026-08-14T16:02:31.003805Z", "level": "WARNING", "component": "data_monitor", "message": "Out of order tick for BTCUSDT", "mode": "PAPER"}
{"timestamp": "2026-08-14T16:02:31.207014Z", "level": "WARNING", "component": "data_monitor", "message": "Data gap detected for BTCUSDT: 120.0s", "mode": "PAPER"}
{"timestamp": "2026-08-14T16:02:31.209169Z", "level": "WARNING", "component": "data_monitor", "message": "Out of order tick for BTCUSDT", "mode": "PAPER"}
{"timestamp": "2026-08-14T16:02:31.414238Z", "level": "WARNING", "component": "data_monitor", "message": "Data gap detected for BTCUSDT: 120.0s", "mode": "PAPER"}
{"timestamp": "2026-08-14T16:02:31.417643Z", "level": "WARNING", "component": "data_monitor", "message": "Out of order tick for BTCUSDT", "mode": "PAPER"}
{"timestamp": "2026-08-14T16:02:31.618182Z", "level": "WARNING", "component": "data_monitor", "message": "Data gap detected for BTCUSDT: 120.0s", "mode": "PAPER"}
{"timestamp": "2026-08-14T16:02:31.624850Z", "level": "WARNING", "component": "data_monitor", "message": "Out of order tick for BTCUSDT", "mode": "PAPER"}
{"timestamp": "2026-08-14T16:02:31.834112Z", "level": "WARNING", "component": "data_monitor", "message": "Data gap detected for BTCUSDT: 120.0s", "mode": "PAPER"}
{"timestamp": "2026-08-14T16:02:31.835766Z", "level": "WARNING", "component": "data_monitor", "message": "Out of order tick for BTCUSDT", "mode": "PAPER"}
{"timestamp": "2026-08-14T16:02:32.041942Z", "level": "WARNING", "component": "data_monitor", "message": "Data gap detected for BTCUSDT: 120.0s", "mode": "PAPER"}
{"timestamp": "2026-08-14T16:02:32.044805Z", "level": "WARNING", "component": "data_monitor", "message": "Out of order tick for BTCUSDT", "mode": "PAPER"}
{"timestamp": "2026-08-14T16:02:32.246722Z", "level": "WARNING", "component": "data_monitor", "message": "Data gap detected for BTCUSDT: 120.0s", "mode": "PAPER"}
{"timestamp": "2026-08-14T16:02:32.249207Z", "level": "WARNING", "component": "data_monitor", "message": "Out of order tick for BTCUSDT", "mode": "PAPER"}
{"timestamp": "2026-08-14T16:02:32.460622Z", "level": "WARNING", "component": "data_monitor", "message": "Data gap detected for BTCUSDT: 120.0s", "mode": "PAPER"}
{"timestamp": "2026-08-14T16:02:32.462986Z", "level": "WARNING", "component": "data_monitor", "message": "Out of order tick for BTCUSDT", "mode": "PAPER"}
{"timestamp": "2026-08-14T16:02:32.667333Z", "level": "WARNING", "component": "data_monitor", "message": "Data gap detected for BTCUSDT: 120.0s", "mode": "PAPER"}
{"timestamp": "2026-08-14T16:02:32.669545Z", "level": "WARNING", "component": "data_monitor", "message": "Out of order tick for BTCUSDT", "mode": "PAPER"}
{"timestamp": "2026-08-14T16:02:32.874404Z", "level": "WARNING", "component": "data_monitor", "message": "Data gap detected for BTCUSDT: 120.0s", "mode": "PAPER"}
{"timestamp": "2026-08-14T16:02:32.876568Z", "level": "WARNING", "component": "data_monitor", "message": "Out of order tick for BTCUSDT", "mode": "PAPER"}
{"timestamp": "2026-08-14T16:02:33.096369Z", "level": "WARNING", "component": "data_monitor", "message": "Data gap detected for BTCUSDT: 120.0s", "mode": "PAPER"}
{"timestamp": "2026-08-14T16:02:33.098616Z", "level": "WARNING", "component": "data_monitor", "message": "Out of order tick for BTCUSDT", "mode": "PAPER"}
{"timestamp": "2026-08-14T16:02:33.298434Z", "level": "WARNING", "component": "data_monitor", "message": "Data gap detected for BTCUSDT: 120.0s", "mode": "PAPER"}
{"timestamp": "2026-08-14T16:02:33.301093Z", "level": "WARNING", "component": "data_monitor", "message": "Out of order tick for BTCUSDT", "mode": "PAPER"}
{"timestamp": "2026-08-14T16:02:33.506958Z", "level": "WARNING", "component": "data_monitor", "message": "Data gap detected for BTCUSDT: 120.0s", "mode": "PAPER"}
{"timestamp": "2026-08-14T16:02:33.510344Z", "level": "WARNING", "component": "data_monitor", "message": "Out of order tick for BTCUSDT", "mode": "PAPER"}
{"timestamp": "2026-08-14T16:02:33.721494Z", "level": "WARNING", "component": "data_monitor", "message": "Data gap detected for BTCUSDT: 120.0s", "mode": "PAPER"}
{"timestamp": "2026-08-14T16:02:33.728205Z", "level": "WARNING", "component": "data_monitor", "message": "Out of order tick for BTCUSDT", "mode": "PAPER"}
{"timestamp": "2026-08-14T16:02:33.944340Z", "level": "WARNING", "component": "data_monitor", "message": "Data gap detected for BTCUSDT: 120.0s", "mode": "PAPER"}
{"timestamp": "2026-08-14T16:02:33.946021Z", "level": "WARNING", "component": "data_monitor", "message": "Out of order tick for BTCUSDT", "mode": "PAPER"}
{"timestamp": "2026-08-14T16:02:34.157913Z", "level": "WARNING", "component": "data_monitor", "message": "Data gap detected for BTCUSDT: 120.0s", "mode": "PAPER"}
{"timestamp": "2026-08-14T16:02:34.160031Z", "level": "WARNING", "component": "data_monitor", "message": "Out of order tick for BTCUSDT", "mode": "PAPER"}
{"timestamp": "2026-08-14T16:02:34.368090Z", "level": "WARNING", "component": "data_monitor", "message": "Data gap detected for BTCUSDT: 120.0s", "mode": "PAPER"}
{"timestamp": "2026-08-14T16:02:34.369681Z", "level": "WARNING", "component": "data_monitor", "message": "Out of order tick for BTCUSDT", "mode": "PAPER"}
{"timestamp": "2026-08-14T16:02:34.588993Z", "level": "WARNING", "component": "data_monitor", "message": "Data gap detected for BTCUSDT: 120.0s", "mode": "PAPER"}
{"timestamp": "2026-08-14T16:02:34.590684Z", "level": "WARNING", "component": "data_monitor", "message": "Out of order tick for BTCUSDT", "mode": "PAPER"}
{"timestamp": "2026-08-14T16:02:34.799390Z", "level": "WARNING", "component": "data_monitor", "message": "Data gap detected for BTCUSDT: 120.0s", "mode": "PAPER"}
{"timestamp": "2026-08-14T16:02:34.801727Z", "level": "WARNING", "component": "data_monitor", "message": "Out of order tick for BTCUSDT", "mode": "PAPER"}
{"timestamp": "2026-08-14T16:02:35.015345Z", "level": "WARNING", "component": "data_monitor", "message": "Data gap detected for BTCUSDT: 120.0s", "mode": "PAPER"}
{"timestamp": "2026-08-14T16:02:35.018159Z", "level": "WARNING", "component": "data_monitor", "message": "Out of order tick for BTCUSDT", "mode": "PAPER"}
{"timestamp": "2026-08-14T16:02:35.236019Z", "level": "WARNING", "component": "data_monitor", "message": "Data gap detected for BTCUSDT: 120.0s", "mode": "PAPER"}
{"timestamp": "2026-08-14T16:02:35.238262Z", "level": "WARNING", "component": "data_monitor", "message": "Out of order tick for BTCUSDT", "mode": "PAPER"}
{"timestamp": "2026-08-14T16:02:35.457221Z", "level": "WARNING", "component": "data_monitor", "message": "Data gap detected for BTCUSDT: 120.0s", "mode": "PAPER"}
{"timestamp": "2026-08-14T16:02:35.458874Z", "level": "WARNING", "component": "data_monitor", "message": "Out of order tick for BTCUSDT", "mode": "PAPER"}
{"timestamp": "2026-08-14T16:02:35.685000Z", "level": "WARNING", "component": "data_monitor", "message": "Data gap detected for BTCUSDT: 120.0s", "mode": "PAPER"}
{"timestamp": "2026-08-14T16:02:35.686651Z", "level": "WARNING", "component": "data_monitor", "message": "Out of order tick for BTCUSDT", "mode": "PAPER"}
{"timestamp": "2026-08-14T16:02:35.899520Z", "level": "WARNING", "component": "data_monitor", "message": "Data gap detected for BTCUSDT: 120.0s", "mode": "PAPER"}
{"timestamp": "2026-08-14T16:02:35.905523Z", "level": "WARNING", "component": "data_monitor", "message": "Out of order tick for BTCUSDT", "mode": "PAPER"}
{"timestamp": "2026-08-14T16:02:36.151144Z", "level": "WARNING", "component": "data_monitor", "message": "Data gap detected for BTCUSDT: 120.0s", "mode": "PAPER"}
{"timestamp": "2026-08-14T16:02:36.152860Z", "level": "WARNING", "component": "data_monitor", "message": "Out of order tick for BTCUSDT", "mode": "PAPER"}
{"timestamp": "2026-08-14T16:02:36.433558Z", "level": "WARNING", "component": "data_monitor", "message": "Data gap detected for BTCUSDT: 120.0s", "mode": "PAPER"}
{"timestamp": "2026-08-14T16:02:36.435698Z", "level": "WARNING", "component": "data_monitor", "message": "Out of order tick for BTCUSDT", "mode": "PAPER"}
{"timestamp": "2026-08-14T16:02:36.648922Z", "level": "WARNING", "component": "data_monitor", "message": "Data gap detected for BTCUSDT: 120.0s", "mode": "PAPER"}
{"timestamp": "2026-08-14T16:02:36.651379Z", "level": "WARNING", "component": "data_monitor", "message": "Out of order tick for BTCUSDT", "mode": "PAPER"}
{"timestamp": "2026-08-14T16:02:36.875434Z", "level": "WARNING", "component": "data_monitor", "message": "Data gap detected for BTCUSDT: 120.0s", "mode": "PAPER"}
{"timestamp": "2026-08-14T16:02:36.877090Z", "level": "WARNING", "component": "data_monitor", "message": "Out of order tick for BTCUSDT", "mode": "PAPER"}
{"timestamp": "2026-08-14T16:02:37.096574Z", "level": "WARNING", "component": "data_monitor", "message": "Data gap detected for BTCUSDT: 120.0s", "mode": "PAPER"}
{"timestamp": "2026-08-14T16:02:37.098265Z", "level": "WARNING", "component": "data_monitor", "message": "Out of order tick for BTCUSDT", "mode": "PAPER"}
{"timestamp": "2026-08-14T16:02:37.313867Z", "level": "WARNING", "component": "data_monitor", "message": "Data gap detected for BTCUSDT: 120.0s", "mode": "PAPER"}
{"timestamp": "2026-08-14T16:02:37.315664Z", "level": "WARNING", "component": "data_monitor", "message": "Out of order tick for BTCUSDT", "mode": "PAPER"}
{"timestamp": "2026-08-14T16:02:37.523518Z", "level": "WARNING", "component": "data_monitor", "message": "Data gap detected for BTCUSDT: 120.0s", "mode": "PAPER"}
{"timestamp": "2026-08-14T16:02:37.525825Z", "level": "WARNING", "component": "data_monitor", "message": "Out of order tick for BTCUSDT", "mode": "PAPER"}
{"timestamp": "2026-08-14T16:02:37.736599Z", "level": "WARNING", "component": "data_monitor", "message": "Data gap detected for BTCUSDT: 120.0s", "mode": "PAPER"}
{"timestamp": "2026-08-14T16:02:37.738890Z", "level": "WARNING", "component": "data_monitor", "message": "Out of order tick for BTCUSDT", "mode": "PAPER"}
{"timestamp": "2026-08-14T16:02:37.951627Z", "level": "WARNING", "component": "data_monitor", "message": "Data gap detected for BTCUSDT: 120.0s", "mode": "PAPER"}
{"timestamp": "2026-08-14T16:02:37.954022Z", "level": "WARNING", "component": "data_monitor", "message": "Out of order tick for BTCUSDT", "mode": "PAPER"}
{"timestamp": "2026-08-14T16:02:38.161652Z", "level": "WARNING", "component": "data_monitor", "message": "Data gap detected for BTCUSDT: 120.0s", "mode": "PAPER"}
{"timestamp": "2026-08-14T16:02:38.168977Z", "level": "WARNING", "component": "data_monitor", "message": "Out of order tick for BTCUSDT", "mode": "PAPER"}
{"timestamp": "2026-08-14T16:02:38.375370Z", "level": "WARNING", "component": "data_monitor", "message": "Data gap detected for BTCUSDT: 120.0s", "mode": "PAPER"}
{"timestamp": "2026-08-14T16:02:38.377121Z", "level": "WARNING", "component": "data_monitor", "message": "Out of order tick for BTCUSDT", "mode": "PAPER"}
{"timestamp": "2026-08-14T16:02:38.590815Z", "level": "WARNING", "component": "data_monitor", "message": "Data gap detected for BTCUSDT: 120.0s", "mode": "PAPER"}
{"timestamp": "2026-08-14T16:02:38.593117Z", "level": "WARNING", "component": "data_monitor", "message": "Out of order tick for BTCUSDT", "mode": "PAPER"}
{"timestamp": "2026-08-14T16:02:38.804253Z", "level": "WARNING", "component": "data_monitor", "message": "Data gap detected for BTCUSDT: 120.0s", "mode": "PAPER"}
{"timestamp": "2026-08-14T16:02:38.806601Z", "level": "WARNING", "component": "data_monitor", "message": "Out of order tick for BTCUSDT", "mode": "PAPER"}
{"timestamp": "2026-08-14T16:02:39.021519Z", "level": "WARNING", "component": "data_monitor", "message": "Data gap detected for BTCUSDT: 120.0s", "mode": "PAPER"}
{"timestamp": "2026-08-14T16:02:39.023524Z", "level": "WARNING", "component": "data_monitor", "message": "Out of order tick for BTCUSDT", "mode": "PAPER"}
{"timestamp": "2026-08-14T16:02:39.237396Z", "level": "WARNING", "component": "data_monitor", "message": "Data gap detected for BTCUSDT: 120.0s", "mode": "PAPER"}
{"timestamp": "2026-08-14T16:02:39.239542Z", "level": "WARNING", "component": "data_monitor", "message": "Out of order tick for BTCUSDT", "mode": "PAPER"}
{"timestamp": "2026-08-14T16:02:39.464275Z", "level": "WARNING", "component": "data_monitor", "message": "Data gap detected for BTCUSDT: 120.0s", "mode": "PAPER"}
{"timestamp": "2026-08-14T16:02:39.466803Z", "level": "WARNING", "component": "data_monitor", "message": "Out of order tick for BTCUSDT", "mode": "PAPER"}
{"timestamp": "2026-08-14T16:02:39.694215Z", "level": "WARNING", "component": "data_monitor", "message": "Data gap detected for BTCUSDT: 120.0s", "mode": "PAPER"}
{"timestamp": "2026-08-14T16:02:39.696115Z", "level": "WARNING", "component": "data_monitor", "message": "Out of order tick for BTCUSDT", "mode": "PAPER"}
{"timestamp": "2026-08-14T16:02:39.921499Z", "level": "WARNING", "component": "data_monitor", "message": "Data gap detected for BTCUSDT: 120.0s", "mode": "PAPER"}
{"timestamp": "2026-08-14T16:02:39.923282Z", "level": "WARNING", "component": "data_monitor", "message": "Out of order tick for BTCUSDT", "mode": "PAPER"}
{"timestamp": "2026-08-14T16:02:40.144098Z", "level": "WARNING", "component": "data_monitor", "message": "Data gap detected for BTCUSDT: 120.0s", "mode": "PAPER"}
{"timestamp": "2026-08-14T16:02:40.145776Z", "level": "WARNING", "component": "data_monitor", "message": "Out of order tick for BTCUSDT", "mode": "PAPER"}
{"timestamp": "2026-08-14T16:02:40.362410Z", "level": "WARNING", "component": "data_monitor", "message": "Data gap detected for BTCUSDT: 120.0s", "mode": "PAPER"}
{"timestamp": "2026-08-14T16:02:40.369598Z", "level": "WARNING", "component": "data_monitor", "message": "Out of order tick for BTCUSDT", "mode": "PAPER"}
{"timestamp": "2026-08-14T16:02:40.589688Z", "level": "WARNING", "component": "data_monitor", "message": "Data gap detected for BTCUSDT: 120.0s", "mode": "PAPER"}
{"timestamp": "2026-08-14T16:02:40.591819Z", "level": "WARNING", "component": "data_monitor", "message": "Out of order tick for BTCUSDT", "mode": "PAPER"}
{"timestamp": "2026-08-14T16:02:40.808666Z", "level": "WARNING", "component": "data_monitor", "message": "Data gap detected for BTCUSDT: 120.0s", "mode": "PAPER"}
{"timestamp": "2026-08-14T16:02:40.810675Z", "level": "WARNING", "component": "data_monitor", "message": "Out of order tick for BTCUSDT", "mode": "PAPER"}
{"timestamp": "2026-08-14T16:02:41.029599Z", "level": "WARNING", "component": "data_monitor", "message": "Data gap detected for BTCUSDT: 120.0s", "mode": "PAPER"}
{"timestamp": "2026-08-14T16:02:41.031509Z", "level": "WARNING", "component": "data_monitor", "message": "Out of order tick for BTCUSDT", "mode": "PAPER"}
{"timestamp": "2026-08-14T16:02:41.253166Z", "level": "WARNING", "component": "data_monitor", "message": "Data gap detected for BTCUSDT: 120.0s", "mode": "PAPER"}
{"timestamp": "2026-08-14T16:02:41.255466Z", "level": "WARNING", "component": "data_monitor", "message": "Out of order tick for BTCUSDT", "mode": "PAPER"}
{"timestamp": "2026-08-14T16:02:41.463225Z", "level": "WARNING", "component": "data_monitor", "message": "Data gap detected for BTCUSDT: 120.0s", "mode": "PAPER"}
{"timestamp": "2026-08-14T16:02:41.464999Z", "level": "WARNING", "component": "data_monitor", "message": "Out of order tick for BTCUSDT", "mode": "PAPER"}
{"timestamp": "2026-08-14T16:02:41.665167Z", "level": "WARNING", "component": "data_monitor", "message": "Data gap detected for BTCUSDT: 120.0s", "mode": "PAPER"}
{"timestamp": "2026-08-14T16:02:41.668051Z", "level": "WARNING", "component": "data_monitor", "message": "Out of order tick for BTCUSDT", "mode": "PAPER"}
{"timestamp": "2026-08-14T16:02:41.881251Z", "level": "WARNING", "component": "data_monitor", "message": "Data gap detected for BTCUSDT: 120.0s", "mode": "PAPER"}
{"timestamp": "2026-08-14T16:02:41.883916Z", "level": "WARNING", "component": "data_monitor", "message": "Out of order tick for BTCUSDT", "mode": "PAPER"}
{"timestamp": "2026-08-14T16:02:42.088284Z", "level": "WARNING", "component": "data_monitor", "message": "Data gap detected for BTCUSDT: 120.0s", "mode": "PAPER"}
{"timestamp": "2026-08-14T16:02:42.090482Z", "level": "WARNING", "component": "data_monitor", "message": "Out of order tick for BTCUSDT", "mode": "PAPER"}
{"timestamp": "2026-08-14T16:02:42.302138Z", "level": "WARNING", "component": "data_monitor", "message": "Data gap detected for BTCUSDT: 120.0s", "mode": "PAPER"}
{"timestamp": "2026-08-14T16:02:42.304859Z", "level": "WARNING", "component": "data_monitor", "message": "Out of order tick for BTCUSDT", "mode": "PAPER"}
{"timestamp": "2026-08-14T16:02:42.549174Z", "level": "WARNING", "component": "data_monitor", "message": "Data gap detected for BTCUSDT: 120.0s", "mode": "PAPER"}
{"timestamp": "2026-08-14T16:02:42.559426Z", "level": "WARNING", "component": "data_monitor", "message": "Out of order tick for BTCUSDT", "mode": "PAPER"}
{"timestamp": "2026-08-14T16:02:42.864980Z", "level": "WARNING", "component": "data_monitor", "message": "Data gap detected for BTCUSDT: 120.0s", "mode": "PAPER"}
{"timestamp": "2026-08-14T16:02:42.866974Z", "level": "WARNING", "component": "data_monitor", "message": "Out of order tick for BTCUSDT", "mode": "PAPER"}
{"timestamp": "2026-08-14T16:02:43.076481Z", "level": "WARNING", "component": "data_monitor", "message": "Data gap detected for BTCUSDT: 120.0s", "mode": "PAPER"}
{"timestamp": "2026-08-14T16:02:43.079167Z", "level": "WARNING", "component": "data_monitor", "message": "Out of order tick for BTCUSDT", "mode": "PAPER"}
{"timestamp": "2026-08-14T16:02:43.282165Z", "level": "WARNING", "component": "data_monitor", "message": "Data gap detected for BTCUSDT: 120.0s", "mode": "PAPER"}
{"timestamp": "2026-08-14T16:02:43.284381Z", "level": "WARNING", "component": "data_monitor", "message": "Out of order tick for BTCUSDT", "mode": "PAPER"}
{"timestamp": "2026-08-14T16:02:43.493105Z", "level": "WARNING", "component": "data_monitor", "message": "Data gap detected for BTCUSDT: 120.0s", "mode": "PAPER"}
{"timestamp": "2026-08-14T16:02:43.494390Z", "level": "WARNING", "component": "data_monitor", "message": "Out of order tick for BTCUSDT", "mode": "PAPER"}
{"timestamp": "2026-08-14T16:02:43.697292Z", "level": "WARNING", "component": "data_monitor", "message": "Data gap detected for BTCUSDT: 120.0s", "mode": "PAPER"}
{"timestamp": "2026-08-14T16:02:43.699118Z", "level": "WARNING", "component": "data_monitor", "message": "Out of order tick for BTCUSDT", "mode": "PAPER"}
{"timestamp": "2026-08-14T16:02:43.906432Z", "level": "WARNING", "component": "data_monitor", "message": "Data gap detected for BTCUSDT: 120.0s", "mode": "PAPER"}
{"timestamp": "2026-08-14T16:02:43.908566Z", "level": "WARNING", "component": "data_monitor", "message": "Out of order tick for BTCUSDT", "mode": "PAPER"}
{"timestamp": "2026-08-14T16:02:44.121250Z", "level": "WARNING", "component": "data_monitor", "message": "Data gap detected for BTCUSDT: 120.0s", "mode": "PAPER"}
{"timestamp": "2026-08-14T16:02:44.123583Z", "level": "WARNING", "component": "data_monitor", "message": "Out of order tick for BTCUSDT", "mode": "PAPER"}
{"timestamp": "2026-08-14T16:02:44.322459Z", "level": "WARNING", "component": "data_monitor", "message": "Data gap detected for BTCUSDT: 120.0s", "mode": "PAPER"}
{"timestamp": "2026-08-14T16:02:44.324580Z", "level": "WARNING", "component": "data_monitor", "message": "Out of order tick for BTCUSDT", "mode": "PAPER"}
{"timestamp": "2026-08-14T16:02:44.526385Z", "level": "WARNING", "component": "data_monitor", "message": "Data gap detected for BTCUSDT: 120.0s", "mode": "PAPER"}
{"timestamp": "2026-08-14T16:02:44.529269Z", "level": "WARNING", "component": "data_monitor", "message": "Out of order tick for BTCUSDT", "mode": "PAPER"}
{"timestamp": "2026-08-14T16:02:44.730035Z", "level": "WARNING", "component": "data_monitor", "message": "Data gap detected for BTCUSDT: 120.0s", "mode": "PAPER"}
{"timestamp": "2026-08-14T16:02:44.737658Z", "level": "WARNING", "component": "data_monitor", "message": "Out of order tick for BTCUSDT", "mode": "PAPER"}
{"timestamp": "2026-08-14T16:02:44.948474Z", "level": "WARNING", "component": "data_monitor", "message": "Data gap detected for BTCUSDT: 120.0s", "mode": "PAPER"}
{"timestamp": "2026-08-14T16:02:44.951953Z", "level": "WARNING", "component": "data_monitor", "message": "Out of order tick for BTCUSDT", "mode": "PAPER"}
{"timestamp": "2026-08-14T16:02:45.166125Z", "level": "WARNING", "component": "data_monitor", "message": "Data gap detected for BTCUSDT: 120.0s", "mode": "PAPER"}
{"timestamp": "2026-08-14T16:02:45.167775Z", "level": "WARNING", "component": "data_monitor", "message": "Out of order tick for BTCUSDT", "mode": "PAPER"}
{"timestamp": "2026-08-14T16:02:45.382331Z", "level": "WARNING", "component": "data_monitor", "message": "Data gap detected for BTCUSDT: 120.0s", "mode": "PAPER"}
{"timestamp": "2026-08-14T16:02:45.385129Z", "level": "WARNING", "component": "data_monitor", "message": "Out of order tick for BTCUSDT", "mode": "PAPER"}
{"timestamp": "2026-08-14T16:02:45.597416Z", "level": "WARNING", "component": "data_monitor", "message": "Data gap detected for BTCUSDT: 120.0s", "mode": "PAPER"}
{"timestamp": "2026-08-14T16:02:45.598996Z", "level": "WARNING", "component": "data_monitor", "message": "Out of order tick for BTCUSDT", "mode": "PAPER"}
{"timestamp": "2026-08-14T16:02:45.812957Z", "level": "WARNING", "component": "data_monitor", "message": "Data gap detected for BTCUSDT: 120.0s", "mode": "PAPER"}
{"timestamp": "2026-08-14T16:02:45.815351Z", "level": "WARNING", "component": "data_monitor", "message": "Out of order tick for BTCUSDT", "mode": "PAPER"}
{"timestamp": "2026-08-14T16:02:46.025252Z", "level": "WARNING", "component": "data_monitor", "message": "Data gap detected for BTCUSDT: 120.0s", "mode": "PAPER"}
{"timestamp": "2026-08-14T16:02:46.026560Z", "level": "WARNING", "component": "data_monitor", "message": "Out of order tick for BTCUSDT", "mode": "PAPER"}
{"timestamp": "2026-08-14T16:02:46.234375Z", "level": "WARNING", "component": "data_monitor", "message": "Data gap detected for BTCUSDT: 120.0s", "mode": "PAPER"}
{"timestamp": "2026-08-14T16:02:46.235728Z", "level": "WARNING", "component": "data_monitor", "message": "Out of order tick for BTCUSDT", "mode": "PAPER"}
{"timestamp": "2026-08-14T16:02:46.437409Z", "level": "WARNING", "component": "data_monitor", "message": "Data gap detected for BTCUSDT: 120.0s", "mode": "PAPER"}
{"timestamp": "2026-08-14T16:02:46.439644Z", "level": "WARNING", "component": "data_monitor", "message": "Out of order tick for BTCUSDT", "mode": "PAPER"}
{"timestamp": "2026-08-14T16:02:46.647213Z", "level": "WARNING", "component": "data_monitor", "message": "Data gap detected for BTCUSDT: 120.0s", "mode": "PAPER"}
{"timestamp": "2026-08-14T16:02:46.649941Z", "level": "WARNING", "component": "data_monitor", "message": "Out of order tick for BTCUSDT", "mode": "PAPER"}
{"timestamp": "2026-08-14T16:02:46.865188Z", "level": "WARNING", "component": "data_monitor", "message": "Data gap detected for BTCUSDT: 120.0s", "mode": "PAPER"}
{"timestamp": "2026-08-14T16:02:46.875062Z", "level": "WARNING", "component": "data_monitor", "message": "Out of order tick for BTCUSDT", "mode": "PAPER"}
{"timestamp": "2026-08-14T16:02:47.069207Z", "level": "WARNING", "component": "data_monitor", "message": "Data gap detected for BTCUSDT: 120.0s", "mode": "PAPER"}
{"timestamp": "2026-08-14T16:02:47.071679Z", "level": "WARNING", "component": "data_monitor", "message": "Out of order tick for BTCUSDT", "mode": "PAPER"}
{"timestamp": "2026-08-14T16:02:47.268455Z", "level": "WARNING", "component": "data_monitor", "message": "Data gap detected for BTCUSDT: 120.0s", "mode": "PAPER"}
{"timestamp": "2026-08-14T16:02:47.271279Z", "level": "WARNING", "component": "data_monitor", "message": "Out of order tick for BTCUSDT", "mode": "PAPER"}
{"timestamp": "2026-08-14T16:02:47.482099Z", "level": "WARNING", "component": "data_monitor", "message": "Data gap detected for BTCUSDT: 120.0s", "mode": "PAPER"}
{"timestamp": "2026-08-14T16:02:47.484009Z", "level": "WARNING", "component": "data_monitor", "message": "Out of order tick for BTCUSDT", "mode": "PAPER"}
{"timestamp": "2026-08-14T16:02:47.692997Z", "level": "WARNING", "component": "data_monitor", "message": "Data gap detected for BTCUSDT: 120.0s", "mode": "PAPER"}
{"timestamp": "2026-08-14T16:02:47.694989Z", "level": "WARNING", "component": "data_monitor", "message": "Out of order tick for BTCUSDT", "mode": "PAPER"}
{"timestamp": "2026-08-14T16:02:47.903924Z", "level": "WARNING", "component": "data_monitor", "message": "Data gap detected for BTCUSDT: 120.0s", "mode": "PAPER"}
{"timestamp": "2026-08-14T16:02:47.905874Z", "level": "WARNING", "component": "data_monitor", "message": "Out of order tick for BTCUSDT", "mode": "PAPER"}
{"timestamp": "2026-08-14T16:02:48.119476Z", "level": "WARNING", "component": "data_monitor", "message": "Data gap detected for BTCUSDT: 120.0s", "mode": "PAPER"}
{"timestamp": "2026-08-14T16:02:48.122125Z", "level": "WARNING", "component": "data_monitor", "message": "Out of order tick for BTCUSDT", "mode": "PAPER"}
{"timestamp": "2026-08-14T16:02:48.328515Z", "level": "WARNING", "component": "data_monitor", "message": "Data gap detected for BTCUSDT: 120.0s", "mode": "PAPER"}
{"timestamp": "2026-08-14T16:02:48.331292Z", "level": "WARNING", "component": "data_monitor", "message": "Out of order tick for BTCUSDT", "mode": "PAPER"}
{"timestamp": "2026-08-14T16:02:48.539085Z", "level": "WARNING", "component": "data_monitor", "message": "Data gap detected for BTCUSDT: 120.0s", "mode": "PAPER"}
{"timestamp": "2026-08-14T16:02:48.540773Z", "level": "WARNING", "component": "data_monitor", "message": "Out of order tick for BTCUSDT", "mode": "PAPER"}
{"timestamp": "2026-08-14T16:02:48.744168Z", "level": "WARNING", "component": "data_monitor", "message": "Data gap detected for BTCUSDT: 120.0s", "mode": "PAPER"}
{"timestamp": "2026-08-14T16:02:48.746262Z", "level": "WARNING", "component": "data_monitor", "message": "Out of order tick for BTCUSDT", "mode": "PAPER"}
{"timestamp": "2026-08-14T16:02:48.947453Z", "level": "WARNING", "component": "data_monitor", "message": "Data gap detected for BTCUSDT: 120.0s", "mode": "PAPER"}
{"timestamp": "2026-08-14T16:02:48.955758Z", "level": "WARNING", "component": "data_monitor", "message": "Out of order tick for BTCUSDT", "mode": "PAPER"}
{"timestamp": "2026-08-14T16:02:49.164709Z", "level": "WARNING", "component": "data_monitor", "message": "Data gap detected for BTCUSDT: 120.0s", "mode": "PAPER"}
{"timestamp": "2026-08-14T16:02:49.167354Z", "level": "WARNING", "component": "data_monitor", "message": "Out of order tick for BTCUSDT", "mode": "PAPER"}
{"timestamp": "2026-08-14T16:02:49.380333Z", "level": "WARNING", "component": "data_monitor", "message": "Data gap detected for BTCUSDT: 120.0s", "mode": "PAPER"}
{"timestamp": "2026-08-14T16:02:49.383077Z", "level": "WARNING", "component": "data_monitor", "message": "Out of order tick for BTCUSDT", "mode": "PAPER"}
{"timestamp": "2026-08-14T16:02:49.596266Z", "level": "WARNING", "component": "data_monitor", "message": "Data gap detected for BTCUSDT: 120.0s", "mode": "PAPER"}
{"timestamp": "2026-08-14T16:02:49.598038Z", "level": "WARNING", "component": "data_monitor", "message": "Out of order tick for BTCUSDT", "mode": "PAPER"}
{"timestamp": "2026-08-14T16:02:49.810100Z", "level": "WARNING", "component": "data_monitor", "message": "Data gap detected for BTCUSDT: 120.0s", "mode": "PAPER"}
{"timestamp": "2026-08-14T16:02:49.812322Z", "level": "WARNING", "component": "data_monitor", "message": "Out of order tick for BTCUSDT", "mode": "PAPER"}
{"timestamp": "2026-08-14T16:02:50.019309Z", "level": "WARNING", "component": "data_monitor", "message": "Data gap detected for BTCUSDT: 120.0s", "mode": "PAPER"}
{"timestamp": "2026-08-14T16:02:50.021605Z", "level": "WARNING", "component": "data_monitor", "message": "Out of order tick for BTCUSDT", "mode": "PAPER"}
{"timestamp": "2026-08-14T16:02:50.223044Z", "level": "WARNING", "component": "data_monitor", "message": "Data gap detected for BTCUSDT: 120.0s", "mode": "PAPER"}
{"timestamp": "2026-08-14T16:02:50.225096Z", "level": "WARNING", "component": "data_monitor", "message": "Out of order tick for BTCUSDT", "mode": "PAPER"}
{"timestamp": "2026-08-14T16:02:50.433919Z", "level": "WARNING", "component": "data_monitor", "message": "Data gap detected for BTCUSDT: 120.0s", "mode": "PAPER"}
{"timestamp": "2026-08-14T16:02:50.436166Z", "level": "WARNING", "component": "data_monitor", "message": "Out of order tick for BTCUSDT", "mode": "PAPER"}
{"timestamp": "2026-08-14T16:02:50.640067Z", "level": "WARNING", "component": "data_monitor", "message": "Data gap detected for BTCUSDT: 120.0s", "mode": "PAPER"}
{"timestamp": "2026-08-14T16:02:50.641352Z", "level": "WARNING", "component": "data_monitor", "message": "Out of order tick for BTCUSDT", "mode": "PAPER"}
{"timestamp": "2026-08-14T16:02:50.864474Z", "level": "WARNING", "component": "data_monitor", "message": "Data gap detected for BTCUSDT: 120.0s", "mode": "PAPER"}
{"timestamp": "2026-08-14T16:02:50.866312Z", "level": "WARNING", "component": "data_monitor", "message": "Out of order tick for BTCUSDT", "mode": "PAPER"}
{"timestamp": "2026-08-14T16:02:51.088123Z", "level": "WARNING", "component": "data_monitor", "message": "Data gap detected for BTCUSDT: 120.0s", "mode": "PAPER"}
{"timestamp": "2026-08-14T16:02:51.096194Z", "level": "WARNING", "component": "data_monitor", "message": "Out of order tick for BTCUSDT", "mode": "PAPER"}
{"timestamp": "2026-08-14T16:02:51.306315Z", "level": "WARNING", "component": "data_monitor", "message": "Data gap detected for BTCUSDT: 120.0s", "mode": "PAPER"}
{"timestamp": "2026-08-14T16:02:51.307865Z", "level": "WARNING", "component": "data_monitor", "message": "Out of order tick for BTCUSDT", "mode": "PAPER"}
{"timestamp": "2026-08-14T16:02:51.518262Z", "level": "WARNING", "component": "data_monitor", "message": "Data gap detected for BTCUSDT: 120.0s", "mode": "PAPER"}
{"timestamp": "2026-08-14T16:02:51.520925Z", "level": "WARNING", "component": "data_monitor", "message": "Out of order tick for BTCUSDT", "mode": "PAPER"}
{"timestamp": "2026-08-14T16:02:51.772988Z", "level": "WARNING", "component": "data_monitor", "message": "Data gap detected for BTCUSDT: 120.0s", "mode": "PAPER"}
{"timestamp": "2026-08-14T16:02:51.775659Z", "level": "WARNING", "component": "data_monitor", "message": "Out of order tick for BTCUSDT", "mode": "PAPER"}
{"timestamp": "2026-08-14T16:02:52.033308Z", "level": "WARNING", "component": "data_monitor", "message": "Data gap detected for BTCUSDT: 120.0s", "mode": "PAPER"}
{"timestamp": "2026-08-14T16:02:52.035193Z", "level": "WARNING", "component": "data_monitor", "message": "Out of order tick for BTCUSDT", "mode": "PAPER"}
{"timestamp": "2026-08-14T16:02:52.242448Z", "level": "WARNING", "component": "data_monitor", "message": "Data gap detected for BTCUSDT: 120.0s", "mode": "PAPER"}
{"timestamp": "2026-08-14T16:02:52.245054Z", "level": "WARNING", "component": "data_monitor", "message": "Out of order tick for BTCUSDT", "mode": "PAPER"}
{"timestamp": "2026-08-14T16:02:52.454172Z", "level": "WARNING", "component": "data_monitor", "message": "Data gap detected for BTCUSDT: 120.0s", "mode": "PAPER"}
{"timestamp": "2026-08-14T16:02:52.456261Z", "level": "WARNING", "component": "data_monitor", "message": "Out of order tick for BTCUSDT", "mode": "PAPER"}
{"timestamp": "2026-08-14T16:02:52.670171Z", "level": "WARNING", "component": "data_monitor", "message": "Data gap detected for BTCUSDT: 120.0s", "mode": "PAPER"}
{"timestamp": "2026-08-14T16:02:52.672477Z", "level": "WARNING", "component": "data_monitor", "message": "Out of order tick for BTCUSDT", "mode": "PAPER"}
{"timestamp": "2026-08-14T16:02:52.881170Z", "level": "WARNING", "component": "data_monitor", "message": "Data gap detected for BTCUSDT: 120.0s", "mode": "PAPER"}
{"timestamp": "2026-08-14T16:02:52.883276Z", "level": "WARNING", "component": "data_monitor", "message": "Out of order tick for BTCUSDT", "mode": "PAPER"}
{"timestamp": "2026-08-14T16:02:53.089427Z", "level": "WARNING", "component": "data_monitor", "message": "Data gap detected for BTCUSDT: 120.0s", "mode": "PAPER"}
{"timestamp": "2026-08-14T16:02:53.091337Z", "level": "WARNING", "component": "data_monitor", "message": "Out of order tick for BTCUSDT", "mode": "PAPER"}
{"timestamp": "2026-08-14T16:02:53.299277Z", "level": "WARNING", "component": "data_monitor", "message": "Data gap detected for BTCUSDT: 120.0s", "mode": "PAPER"}
{"timestamp": "2026-08-14T16:02:53.306951Z", "level": "WARNING", "component": "data_monitor", "message": "Out of order tick for BTCUSDT", "mode": "PAPER"}
{"timestamp": "2026-08-14T16:02:53.517404Z", "level": "WARNING", "component": "data_monitor", "message": "Data gap detected for BTCUSDT: 120.0s", "mode": "PAPER"}
{"timestamp": "2026-08-14T16:02:53.526197Z", "level": "WARNING", "component": "data_monitor", "message": "Out of order tick for BTCUSDT", "mode": "PAPER"}
{"timestamp": "2026-08-14T16:02:53.728156Z", "level": "WARNING", "component": "data_monitor", "message": "Data gap detected for BTCUSDT: 120.0s", "mode": "PAPER"}
{"timestamp": "2026-08-14T16:02:53.730353Z", "level": "WARNING", "component": "data_monitor", "message": "Out of order tick for BTCUSDT", "mode": "PAPER"}
{"timestamp": "2026-08-14T16:02:53.942061Z", "level": "WARNING", "component": "data_monitor", "message": "Data gap detected for BTCUSDT: 120.0s", "mode": "PAPER"}
{"timestamp": "2026-08-14T16:02:53.944134Z", "level": "WARNING", "component": "data_monitor", "message": "Out of order tick for BTCUSDT", "mode": "PAPER"}
{"timestamp": "2026-08-14T16:02:54.157974Z", "level": "WARNING", "component": "data_monitor", "message": "Data gap detected for BTCUSDT: 120.0s", "mode": "PAPER"}
{"timestamp": "2026-08-14T16:02:54.159931Z", "level": "WARNING", "component": "data_monitor", "message": "Out of order tick for BTCUSDT", "mode": "PAPER"}
{"timestamp": "2026-08-14T16:02:54.365555Z", "level": "WARNING", "component": "data_monitor", "message": "Data gap detected for BTCUSDT: 120.0s", "mode": "PAPER"}
{"timestamp": "2026-08-14T16:02:54.367183Z", "level": "WARNING", "component": "data_monitor", "message": "Out of order tick for BTCUSDT", "mode": "PAPER"}
{"timestamp": "2026-08-14T16:02:54.570811Z", "level": "WARNING", "component": "data_monitor", "message": "Data gap detected for BTCUSDT: 120.0s", "mode": "PAPER"}
{"timestamp": "2026-08-14T16:02:54.572720Z", "level": "WARNING", "component": "data_monitor", "message": "Out of order tick for BTCUSDT", "mode": "PAPER"}
{"timestamp": "2026-08-14T16:02:54.784267Z", "level": "WARNING", "component": "data_monitor", "message": "Data gap detected for BTCUSDT: 120.0s", "mode": "PAPER"}
{"timestamp": "2026-08-14T16:02:54.785359Z", "level": "WARNING", "component": "data_monitor", "message": "Out of order tick for BTCUSDT", "mode": "PAPER"}
{"timestamp": "2026-08-14T16:02:54.996374Z", "level": "WARNING", "component": "data_monitor", "message": "Data gap detected for BTCUSDT: 120.0s", "mode": "PAPER"}
{"timestamp": "2026-08-14T16:02:54.998476Z", "level": "WARNING", "component": "data_monitor", "message": "Out of order tick for BTCUSDT", "mode": "PAPER"}
{"timestamp": "2026-08-14T16:02:55.207334Z", "level": "WARNING", "component": "data_monitor", "message": "Data gap detected for BTCUSDT: 120.0s", "mode": "PAPER"}
{"timestamp": "2026-08-14T16:02:55.209550Z", "level": "WARNING", "component": "data_monitor", "message": "Out of order tick for BTCUSDT", "mode": "PAPER"}
{"timestamp": "2026-08-14T16:02:55.419162Z", "level": "WARNING", "component": "data_monitor", "message": "Data gap detected for BTCUSDT: 120.0s", "mode": "PAPER"}
{"timestamp": "2026-08-14T16:02:55.428054Z", "level": "WARNING", "component": "data_monitor", "message": "Out of order tick for BTCUSDT", "mode": "PAPER"}
{"timestamp": "2026-08-14T16:02:55.637159Z", "level": "WARNING", "component": "data_monitor", "message": "Data gap detected for BTCUSDT: 120.0s", "mode": "PAPER"}
{"timestamp": "2026-08-14T16:02:55.638859Z", "level": "WARNING", "component": "data_monitor", "message": "Out of order tick for BTCUSDT", "mode": "PAPER"}
{"timestamp": "2026-08-14T16:02:55.844254Z", "level": "WARNING", "component": "data_monitor", "message": "Data gap detected for BTCUSDT: 120.0s", "mode": "PAPER"}
{"timestamp": "2026-08-14T16:02:55.846369Z", "level": "WARNING", "component": "data_monitor", "message": "Out of order tick for BTCUSDT", "mode": "PAPER"}
{"timestamp": "2026-08-14T16:02:56.053280Z", "level": "WARNING", "component": "data_monitor", "message": "Data gap detected for BTCUSDT: 120.0s", "mode": "PAPER"}
{"timestamp": "2026-08-14T16:02:56.055621Z", "level": "WARNING", "component": "data_monitor", "message": "Out of order tick for BTCUSDT", "mode": "PAPER"}
{"timestamp": "2026-08-14T16:02:56.275960Z", "level": "WARNING", "component": "data_monitor", "message": "Data gap detected for BTCUSDT: 120.0s", "mode": "PAPER"}
{"timestamp": "2026-08-14T16:02:56.277497Z", "level": "WARNING", "component": "data_monitor", "message": "Out of order tick for BTCUSDT", "mode": "PAPER"}
{"timestamp": "2026-08-14T16:02:56.476019Z", "level": "WARNING", "component": "data_monitor", "message": "Data gap detected for BTCUSDT: 120.0s", "mode": "PAPER"}
{"timestamp": "2026-08-14T16:02:56.478380Z", "level": "WARNING", "component": "data_monitor", "message": "Out of order tick for BTCUSDT", "mode": "PAPER"}
{"timestamp": "2026-08-14T16:02:56.689943Z", "level": "WARNING", "component": "data_monitor", "message": "Data gap detected for BTCUSDT: 120.0s", "mode": "PAPER"}
{"timestamp": "2026-08-14T16:02:56.692018Z", "level": "WARNING", "component": "data_monitor", "message": "Out of order tick for BTCUSDT", "mode": "PAPER"}
{"timestamp": "2026-08-14T16:02:56.906318Z", "level": "WARNING", "component": "data_monitor", "message": "Data gap detected for BTCUSDT: 120.0s", "mode": "PAPER"}
{"timestamp": "2026-08-14T16:02:56.908526Z", "level": "WARNING", "component": "data_monitor", "message": "Out of order tick for BTCUSDT", "mode": "PAPER"}
{"timestamp": "2026-08-14T16:02:57.119111Z", "level": "WARNING", "component": "data_monitor", "message": "Data gap detected for BTCUSDT: 120.0s", "mode": "PAPER"}
{"timestamp": "2026-08-14T16:02:57.120966Z", "level": "WARNING", "component": "data_monitor", "message": "Out of order tick for BTCUSDT", "mode": "PAPER"}
{"timestamp": "2026-08-14T16:02:57.330012Z", "level": "WARNING", "component": "data_monitor", "message": "Data gap detected for BTCUSDT: 120.0s", "mode": "PAPER"}
{"timestamp": "2026-08-14T16:02:57.331767Z", "level": "WARNING", "component": "data_monitor", "message": "Out of order tick for BTCUSDT", "mode": "PAPER"}
{"timestamp": "2026-08-14T16:02:57.543150Z", "level": "WARNING", "component": "data_monitor", "message": "Data gap detected for BTCUSDT: 120.0s", "mode": "PAPER"}
{"timestamp": "2026-08-14T16:02:57.553248Z", "level": "WARNING", "component": "data_monitor", "message": "Out of order tick for BTCUSDT", "mode": "PAPER"}
{"timestamp": "2026-08-14T16:02:57.764427Z", "level": "WARNING", "component": "data_monitor", "message": "Data gap detected for BTCUSDT: 120.0s", "mode": "PAPER"}
{"timestamp": "2026-08-14T16:02:57.766537Z", "level": "WARNING", "component": "data_monitor", "message": "Out of order tick for BTCUSDT", "mode": "PAPER"}
{"timestamp": "2026-08-14T16:02:57.972550Z", "level": "WARNING", "component": "data_monitor", "message": "Data gap detected for BTCUSDT: 120.0s", "mode": "PAPER"}
{"timestamp": "2026-08-14T16:02:57.974384Z", "level": "WARNING", "component": "data_monitor", "message": "Out of order tick for BTCUSDT", "mode": "PAPER"}
{"timestamp": "2026-08-14T16:02:58.182087Z", "level": "WARNING", "component": "data_monitor", "message": "Data gap detected for BTCUSDT: 120.0s", "mode": "PAPER"}
{"timestamp": "2026-08-14T16:02:58.184729Z", "level": "WARNING", "component": "data_monitor", "message": "Out of order tick for BTCUSDT", "mode": "PAPER"}
{"timestamp": "2026-08-14T16:02:58.388854Z", "level": "WARNING", "component": "data_monitor", "message": "Data gap detected for BTCUSDT: 120.0s", "mode": "PAPER"}
{"timestamp": "2026-08-14T16:02:58.390962Z", "level": "WARNING", "component": "data_monitor", "message": "Out of order tick for BTCUSDT", "mode": "PAPER"}
{"timestamp": "2026-08-14T16:02:58.608014Z", "level": "WARNING", "component": "data_monitor", "message": "Data gap detected for BTCUSDT: 120.0s", "mode": "PAPER"}
{"timestamp": "2026-08-14T16:02:58.609752Z", "level": "WARNING", "component": "data_monitor", "message": "Out of order tick for BTCUSDT", "mode": "PAPER"}
{"timestamp": "2026-08-14T16:02:58.816971Z", "level": "WARNING", "component": "data_monitor", "message": "Data gap detected for BTCUSDT: 120.0s", "mode": "PAPER"}
{"timestamp": "2026-08-14T16:02:58.819461Z", "level": "WARNING", "component": "data_monitor", "message": "Out of order tick for BTCUSDT", "mode": "PAPER"}
{"timestamp": "2026-08-14T16:02:59.043998Z", "level": "WARNING", "component": "data_monitor", "message": "Data gap detected for BTCUSDT: 120.0s", "mode": "PAPER"}
{"timestamp": "2026-08-14T16:02:59.046518Z", "level": "WARNING", "component": "data_monitor", "message": "Out of order tick for BTCUSDT", "mode": "PAPER"}
{"timestamp": "2026-08-14T16:02:59.258188Z", "level": "WARNING", "component": "data_monitor", "message": "Data gap detected for BTCUSDT: 120.0s", "mode": "PAPER"}
{"timestamp": "2026-08-14T16:02:59.260877Z", "level": "WARNING", "component": "data_monitor", "message": "Out of order tick for BTCUSDT", "mode": "PAPER"}
{"timestamp": "2026-08-14T16:02:59.526856Z", "level": "WARNING", "component": "data_monitor", "message": "Data gap detected for BTCUSDT: 120.0s", "mode": "PAPER"}
{"timestamp": "2026-08-14T16:02:59.528595Z", "level": "WARNING", "component": "data_monitor", "message": "Out of order tick for BTCUSDT", "mode": "PAPER"}
{"timestamp": "2026-08-14T16:02:59.772092Z", "level": "WARNING", "component": "data_monitor", "message": "Data gap detected for BTCUSDT: 120.0s", "mode": "PAPER"}
{"timestamp": "2026-08-14T16:02:59.781555Z", "level": "WARNING", "component": "data_monitor", "message": "Out of order tick for BTCUSDT", "mode": "PAPER"}
{"timestamp": "2026-08-14T16:02:59.991110Z", "level": "WARNING", "component": "data_monitor", "message": "Data gap detected for BTCUSDT: 120.0s", "mode": "PAPER"}
{"timestamp": "2026-08-14T16:02:59.993277Z", "level": "WARNING", "component": "data_monitor", "message": "Out of order tick for BTCUSDT", "mode": "PAPER"}
{"timestamp": "2026-08-14T16:03:00.202822Z", "level": "WARNING", "component": "data_monitor", "message": "Data gap detected for BTCUSDT: 120.0s", "mode": "PAPER"}
{"timestamp": "2026-08-14T16:03:00.205390Z", "level": "WARNING", "component": "data_monitor", "message": "Out of order tick for BTCUSDT", "mode": "PAPER"}
{"timestamp": "2026-08-14T16:03:00.419139Z", "level": "WARNING", "component": "data_monitor", "message": "Data gap detected for BTCUSDT: 120.0s", "mode": "PAPER"}
{"timestamp": "2026-08-14T16:03:00.421175Z", "level": "WARNING", "component": "data_monitor", "message": "Out of order tick for BTCUSDT", "mode": "PAPER"}
{"timestamp": "2026-08-14T16:03:00.632908Z", "level": "WARNING", "component": "data_monitor", "message": "Data gap detected for BTCUSDT: 120.0s", "mode": "PAPER"}
{"timestamp": "2026-08-14T16:03:00.634905Z", "level": "WARNING", "component": "data_monitor", "message": "Out of order tick for BTCUSDT", "mode": "PAPER"}
{"timestamp": "2026-08-14T16:03:00.841974Z", "level": "WARNING", "component": "data_monitor", "message": "Data gap detected for BTCUSDT: 120.0s", "mode": "PAPER"}
{"timestamp": "2026-08-14T16:03:00.844810Z", "level": "WARNING", "component": "data_monitor", "message": "Out of order tick for BTCUSDT", "mode": "PAPER"}
{"timestamp": "2026-08-14T16:03:01.053789Z", "level": "WARNING", "component": "data_monitor", "message": "Data gap detected for BTCUSDT: 120.0s", "mode": "PAPER"}
{"timestamp": "2026-08-14T16:03:01.056482Z", "level": "WARNING", "component": "data_monitor", "message": "Out of order tick for BTCUSDT", "mode": "PAPER"}
{"timestamp": "2026-08-14T16:03:01.263836Z", "level": "WARNING", "component": "data_monitor", "message": "Data gap detected for BTCUSDT: 120.0s", "mode": "PAPER"}
{"timestamp": "2026-08-14T16:03:01.266295Z", "level": "WARNING", "component": "data_monitor", "message": "Out of order tick for BTCUSDT", "mode": "PAPER"}
{"timestamp": "2026-08-14T16:03:01.469271Z", "level": "WARNING", "component": "data_monitor", "message": "Data gap detected for BTCUSDT: 120.0s", "mode": "PAPER"}
{"timestamp": "2026-08-14T16:03:01.471557Z", "level": "WARNING", "component": "data_monitor", "message": "Out of order tick for BTCUSDT", "mode": "PAPER"}
{"timestamp": "2026-08-14T16:03:01.681112Z", "level": "WARNING", "component": "data_monitor", "message": "Data gap detected for BTCUSDT: 120.0s", "mode": "PAPER"}
{"timestamp": "2026-08-14T16:03:01.683805Z", "level": "WARNING", "component": "data_monitor", "message": "Out of order tick for BTCUSDT", "mode": "PAPER"}
{"timestamp": "2026-08-14T16:03:01.923905Z", "level": "WARNING", "component": "data_monitor", "message": "Data gap detected for BTCUSDT: 120.0s", "mode": "PAPER"}
{"timestamp": "2026-08-14T16:03:01.934304Z", "level": "WARNING", "component": "data_monitor", "message": "Out of order tick for BTCUSDT", "mode": "PAPER"}
{"timestamp": "2026-08-14T16:03:02.187164Z", "level": "WARNING", "component": "data_monitor", "message": "Data gap detected for BTCUSDT: 120.0s", "mode": "PAPER"}
{"timestamp": "2026-08-14T16:03:02.189516Z", "level": "WARNING", "component": "data_monitor", "message": "Out of order tick for BTCUSDT", "mode": "PAPER"}
{"timestamp": "2026-08-14T16:03:02.397992Z", "level": "WARNING", "component": "data_monitor", "message": "Data gap detected for BTCUSDT: 120.0s", "mode": "PAPER"}
{"timestamp": "2026-08-14T16:03:02.400042Z", "level": "WARNING", "component": "data_monitor", "message": "Out of order tick for BTCUSDT", "mode": "PAPER"}
{"timestamp": "2026-08-14T16:03:02.602080Z", "level": "WARNING", "component": "data_monitor", "message": "Data gap detected for BTCUSDT: 120.0s", "mode": "PAPER"}
{"timestamp": "2026-08-14T16:03:02.604701Z", "level": "WARNING", "component": "data_monitor", "message": "Out of order tick for BTCUSDT", "mode": "PAPER"}
{"timestamp": "2026-08-14T16:03:02.825811Z", "level": "WARNING", "component": "data_monitor", "message": "Data gap detected for BTCUSDT: 120.0s", "mode": "PAPER"}
{"timestamp": "2026-08-14T16:03:02.827282Z", "level": "WARNING", "component": "data_monitor", "message": "Out of order tick for BTCUSDT", "mode": "PAPER"}
{"timestamp": "2026-08-14T16:03:03.037895Z", "level": "WARNING", "component": "data_monitor", "message": "Data gap detected for BTCUSDT: 120.0s", "mode": "PAPER"}
{"timestamp": "2026-08-14T16:03:03.040713Z", "level": "WARNING", "component": "data_monitor", "message": "Out of order tick for BTCUSDT", "mode": "PAPER"}
{"timestamp": "2026-08-14T16:03:03.247165Z", "level": "WARNING", "component": "data_monitor", "message": "Data gap detected for BTCUSDT: 120.0s", "mode": "PAPER"}
{"timestamp": "2026-08-14T16:03:03.249887Z", "level": "WARNING", "component": "data_monitor", "message": "Out of order tick for BTCUSDT", "mode": "PAPER"}
{"timestamp": "2026-08-14T16:03:03.462890Z", "level": "WARNING", "component": "data_monitor", "message": "Data gap detected for BTCUSDT: 120.0s", "mode": "PAPER"}
{"timestamp": "2026-08-14T16:03:03.464496Z", "level": "WARNING", "component": "data_monitor", "message": "Out of order tick for BTCUSDT", "mode": "PAPER"}
{"timestamp": "2026-08-14T16:03:03.695940Z", "level": "WARNING", "component": "data_monitor", "message": "Data gap detected for BTCUSDT: 120.0s", "mode": "PAPER"}
{"timestamp": "2026-08-14T16:03:03.698413Z", "level": "WARNING", "component": "data_monitor", "message": "Out of order tick for BTCUSDT", "mode": "PAPER"}
{"timestamp": "2026-08-14T16:03:03.950376Z", "level": "WARNING", "component": "data_monitor", "message": "Data gap detected for BTCUSDT: 120.0s", "mode": "PAPER"}
{"timestamp": "2026-08-14T16:03:03.952921Z", "level": "WARNING", "component": "data_monitor", "message": "Out of order tick for BTCUSDT", "mode": "PAPER"}
{"timestamp": "2026-08-14T16:03:04.157273Z", "level": "WARNING", "component": "data_monitor", "message": "Data gap detected for BTCUSDT: 120.0s", "mode": "PAPER"}
{"timestamp": "2026-08-14T16:03:04.165982Z", "level": "WARNING", "component": "data_monitor", "message": "Out of order tick for BTCUSDT", "mode": "PAPER"}
{"timestamp": "2026-08-14T16:03:04.378034Z", "level": "WARNING", "component": "data_monitor", "message": "Data gap detected for BTCUSDT: 120.0s", "mode": "PAPER"}
{"timestamp": "2026-08-14T16:03:04.379806Z", "level": "WARNING", "component": "data_monitor", "message": "Out of order tick for BTCUSDT", "mode": "PAPER"}
{"timestamp": "2026-08-14T16:03:04.592324Z", "level": "WARNING", "component": "data_monitor", "message": "Data gap detected for BTCUSDT: 120.0s", "mode": "PAPER"}
{"timestamp": "2026-08-14T16:03:04.594452Z", "level": "WARNING", "component": "data_monitor", "message": "Out of order tick for BTCUSDT", "mode": "PAPER"}
{"timestamp": "2026-08-14T16:03:04.802348Z", "level": "WARNING", "component": "data_monitor", "message": "Data gap detected for BTCUSDT: 120.0s", "mode": "PAPER"}
{"timestamp": "2026-08-14T16:03:04.804135Z", "level": "WARNING", "component": "data_monitor", "message": "Out of order tick for BTCUSDT", "mode": "PAPER"}
{"timestamp": "2026-08-14T16:03:05.019304Z", "level": "WARNING", "component": "data_monitor", "message": "Data gap detected for BTCUSDT: 120.0s", "mode": "PAPER"}
{"timestamp": "2026-08-14T16:03:05.021771Z", "level": "WARNING", "component": "data_monitor", "message": "Out of order tick for BTCUSDT", "mode": "PAPER"}
{"timestamp": "2026-08-14T16:03:05.228911Z", "level": "WARNING", "component": "data_monitor", "message": "Data gap detected for BTCUSDT: 120.0s", "mode": "PAPER"}
{"timestamp": "2026-08-14T16:03:05.230911Z", "level": "WARNING", "component": "data_monitor", "message": "Out of order tick for BTCUSDT", "mode": "PAPER"}
{"timestamp": "2026-08-14T16:03:05.441066Z", "level": "WARNING", "component": "data_monitor", "message": "Data gap detected for BTCUSDT: 120.0s", "mode": "PAPER"}
{"timestamp": "2026-08-14T16:03:05.443339Z", "level": "WARNING", "component": "data_monitor", "message": "Out of order tick for BTCUSDT", "mode": "PAPER"}
{"timestamp": "2026-08-14T16:03:05.654442Z", "level": "WARNING", "component": "data_monitor", "message": "Data gap detected for BTCUSDT: 120.0s", "mode": "PAPER"}
{"timestamp": "2026-08-14T16:03:05.656506Z", "level": "WARNING", "component": "data_monitor", "message": "Out of order tick for BTCUSDT", "mode": "PAPER"}
{"timestamp": "2026-08-14T16:03:05.872717Z", "level": "WARNING", "component": "data_monitor", "message": "Data gap detected for BTCUSDT: 120.0s", "mode": "PAPER"}
{"timestamp": "2026-08-14T16:03:05.874375Z", "level": "WARNING", "component": "data_monitor", "message": "Out of order tick for BTCUSDT", "mode": "PAPER"}
{"timestamp": "2026-08-14T16:03:06.079956Z", "level": "WARNING", "component": "data_monitor", "message": "Data gap detected for BTCUSDT: 120.0s", "mode": "PAPER"}
{"timestamp": "2026-08-14T16:03:06.081484Z", "level": "WARNING", "component": "data_monitor", "message": "Out of order tick for BTCUSDT", "mode": "PAPER"}
{"timestamp": "2026-08-14T16:03:06.289019Z", "level": "WARNING", "component": "data_monitor", "message": "Data gap detected for BTCUSDT: 120.0s", "mode": "PAPER"}
{"timestamp": "2026-08-14T16:03:06.298054Z", "level": "WARNING", "component": "data_monitor", "message": "Out of order tick for BTCUSDT", "mode": "PAPER"}
{"timestamp": "2026-08-14T16:03:06.509885Z", "level": "WARNING", "component": "data_monitor", "message": "Data gap detected for BTCUSDT: 120.0s", "mode": "PAPER"}
{"timestamp": "2026-08-14T16:03:06.511758Z", "level": "WARNING", "component": "data_monitor", "message": "Out of order tick for BTCUSDT", "mode": "PAPER"}
{"timestamp": "2026-08-14T16:03:06.721530Z", "level": "WARNING", "component": "data_monitor", "message": "Data gap detected for BTCUSDT: 120.0s", "mode": "PAPER"}
{"timestamp": "2026-08-14T16:03:06.723969Z", "level": "WARNING", "component": "data_monitor", "message": "Out of order tick for BTCUSDT", "mode": "PAPER"}
{"timestamp": "2026-08-14T16:03:06.933578Z", "level": "WARNING", "component": "data_monitor", "message": "Data gap detected for BTCUSDT: 120.0s", "mode": "PAPER"}
{"timestamp": "2026-08-14T16:03:06.935768Z", "level": "WARNING", "component": "data_monitor", "message": "Out of order tick for BTCUSDT", "mode": "PAPER"}
{"timestamp": "2026-08-14T16:03:07.176942Z", "level": "WARNING", "component": "data_monitor", "message": "Data gap detected for BTCUSDT: 120.0s", "mode": "PAPER"}
{"timestamp": "2026-08-14T16:03:07.179055Z", "level": "WARNING", "component": "data_monitor", "message": "Out of order tick for BTCUSDT", "mode": "PAPER"}
{"timestamp": "2026-08-14T16:03:07.395737Z", "level": "WARNING", "component": "data_monitor", "message": "Data gap detected for BTCUSDT: 120.0s", "mode": "PAPER"}
{"timestamp": "2026-08-14T16:03:07.399072Z", "level": "WARNING", "component": "data_monitor", "message": "Out of order tick for BTCUSDT", "mode": "PAPER"}
{"timestamp": "2026-08-14T16:03:07.606949Z", "level": "WARNING", "component": "data_monitor", "message": "Data gap detected for BTCUSDT: 120.0s", "mode": "PAPER"}
{"timestamp": "2026-08-14T16:03:07.608603Z", "level": "WARNING", "component": "data_monitor", "message": "Out of order tick for BTCUSDT", "mode": "PAPER"}
{"timestamp": "2026-08-14T16:03:07.820708Z", "level": "WARNING", "component": "data_monitor", "message": "Data gap detected for BTCUSDT: 120.0s", "mode": "PAPER"}
{"timestamp": "2026-08-14T16:03:07.823226Z", "level": "WARNING", "component": "data_monitor", "message": "Out of order tick for BTCUSDT", "mode": "PAPER"}
{"timestamp": "2026-08-14T16:03:08.032530Z", "level": "WARNING", "component": "data_monitor", "message": "Data gap detected for BTCUSDT: 120.0s", "mode": "PAPER"}
{"timestamp": "2026-08-14T16:03:08.034160Z", "level": "WARNING", "component": "data_monitor", "message": "Out of order tick for BTCUSDT", "mode": "PAPER"}
{"timestamp": "2026-08-14T16:03:08.245016Z", "level": "WARNING", "component": "data_monitor", "message": "Data gap detected for BTCUSDT: 120.0s", "mode": "PAPER"}
{"timestamp": "2026-08-14T16:03:08.246632Z", "level": "WARNING", "component": "data_monitor", "message": "Out of order tick for BTCUSDT", "mode": "PAPER"}
{"timestamp": "2026-08-14T16:03:08.449651Z", "level": "WARNING", "component": "data_monitor", "message": "Data gap detected for BTCUSDT: 120.0s", "mode": "PAPER"}
{"timestamp": "2026-08-14T16:03:08.461745Z", "level": "WARNING", "component": "data_monitor", "message": "Out of order tick for BTCUSDT", "mode": "PAPER"}
{"timestamp": "2026-08-14T16:03:08.664914Z", "level": "WARNING", "component": "data_monitor", "message": "Data gap detected for BTCUSDT: 120.0s", "mode": "PAPER"}
{"timestamp": "2026-08-14T16:03:08.667126Z", "level": "WARNING", "component": "data_monitor", "message": "Out of order tick for BTCUSDT", "mode": "PAPER"}
{"timestamp": "2026-08-14T16:03:08.872694Z", "level": "WARNING", "component": "data_monitor", "message": "Data gap detected for BTCUSDT: 120.0s", "mode": "PAPER"}
{"timestamp": "2026-08-14T16:03:08.874202Z", "level": "WARNING", "component": "data_monitor", "message": "Out of order tick for BTCUSDT", "mode": "PAPER"}
{"timestamp": "2026-08-14T16:03:09.075873Z", "level": "WARNING", "component": "data_monitor", "message": "Data gap detected for BTCUSDT: 120.0s", "mode": "PAPER"}
{"timestamp": "2026-08-14T16:03:09.077607Z", "level": "WARNING", "component": "data_monitor", "message": "Out of order tick for BTCUSDT", "mode": "PAPER"}
{"timestamp": "2026-08-14T16:03:09.293729Z", "level": "WARNING", "component": "data_monitor", "message": "Data gap detected for BTCUSDT: 120.0s", "mode": "PAPER"}
{"timestamp": "2026-08-14T16:03:09.296297Z", "level": "WARNING", "component": "data_monitor", "message": "Out of order tick for BTCUSDT", "mode": "PAPER"}
{"timestamp": "2026-08-14T16:03:09.502961Z", "level": "WARNING", "component": "data_monitor", "message": "Data gap detected for BTCUSDT: 120.0s", "mode": "PAPER"}
{"timestamp": "2026-08-14T16:03:09.505051Z", "level": "WARNING", "component": "data_monitor", "message": "Out of order tick for BTCUSDT", "mode": "PAPER"}
{"timestamp": "2026-08-14T16:03:09.713037Z", "level": "WARNING", "component": "data_monitor", "message": "Data gap detected for BTCUSDT: 120.0s", "mode": "PAPER"}
{"timestamp": "2026-08-14T16:03:09.715535Z", "level": "WARNING", "component": "data_monitor", "message": "Out of order tick for BTCUSDT", "mode": "PAPER"}
{"timestamp": "2026-08-14T16:03:09.985807Z", "level": "WARNING", "component": "data_monitor", "message": "Data gap detected for BTCUSDT: 120.0s", "mode": "PAPER"}
{"timestamp": "2026-08-14T16:03:09.989276Z", "level": "WARNING", "component": "data_monitor", "message": "Out of order tick for BTCUSDT", "mode": "PAPER"}
{"timestamp": "2026-08-14T16:03:10.269788Z", "level": "WARNING", "component": "data_monitor", "message": "Data gap detected for BTCUSDT: 120.0s", "mode": "PAPER"}
{"timestamp": "2026-08-14T16:03:10.272379Z", "level": "WARNING", "component": "data_monitor", "message": "Out of order tick for BTCUSDT", "mode": "PAPER"}
{"timestamp": "2026-08-14T16:03:10.478159Z", "level": "WARNING", "component": "data_monitor", "message": "Data gap detected for BTCUSDT: 120.0s", "mode": "PAPER"}
{"timestamp": "2026-08-14T16:03:10.480047Z", "level": "WARNING", "component": "data_monitor", "message": "Out of order tick for BTCUSDT", "mode": "PAPER"}
{"timestamp": "2026-08-14T16:03:10.688051Z", "level": "WARNING", "component": "data_monitor", "message": "Data gap detected for BTCUSDT: 120.0s", "mode": "PAPER"}
{"timestamp": "2026-08-14T16:03:10.695977Z", "level": "WARNING", "component": "data_monitor", "message": "Out of order tick for BTCUSDT", "mode": "PAPER"}
{"timestamp": "2026-08-14T16:03:10.899969Z", "level": "WARNING", "component": "data_monitor", "message": "Data gap detected for BTCUSDT: 120.0s", "mode": "PAPER"}
{"timestamp": "2026-08-14T16:03:10.902180Z", "level": "WARNING", "component": "data_monitor", "message": "Out of order tick for BTCUSDT", "mode": "PAPER"}
{"timestamp": "2026-08-14T16:03:11.109816Z", "level": "WARNING", "component": "data_monitor", "message": "Data gap detected for BTCUSDT: 120.0s", "mode": "PAPER"}
{"timestamp": "2026-08-14T16:03:11.111873Z", "level": "WARNING", "component": "data_monitor", "message": "Out of order tick for BTCUSDT", "mode": "PAPER"}
{"timestamp": "2026-08-14T16:03:11.324631Z", "level": "WARNING", "component": "data_monitor", "message": "Data gap detected for BTCUSDT: 120.0s", "mode": "PAPER"}
{"timestamp": "2026-08-14T16:03:11.326073Z", "level": "WARNING", "component": "data_monitor", "message": "Out of order tick for BTCUSDT", "mode": "PAPER"}
{"timestamp": "2026-08-14T16:03:11.549980Z", "level": "WARNING", "component": "data_monitor", "message": "Data gap detected for BTCUSDT: 120.0s", "mode": "PAPER"}
{"timestamp": "2026-08-14T16:03:11.552001Z", "level": "WARNING", "component": "data_monitor", "message": "Out of order tick for BTCUSDT", "mode": "PAPER"}
{"timestamp": "2026-08-14T16:03:11.765946Z", "level": "WARNING", "component": "data_monitor", "message": "Data gap detected for BTCUSDT: 120.0s", "mode": "PAPER"}
{"timestamp": "2026-08-14T16:03:11.768408Z", "level": "WARNING", "component": "data_monitor", "message": "Out of order tick for BTCUSDT", "mode": "PAPER"}
{"timestamp": "2026-08-14T16:03:11.974600Z", "level": "WARNING", "component": "data_monitor", "message": "Data gap detected for BTCUSDT: 120.0s", "mode": "PAPER"}
{"timestamp": "2026-08-14T16:03:11.976992Z", "level": "WARNING", "component": "data_monitor", "message": "Out of order tick for BTCUSDT", "mode": "PAPER"}
{"timestamp": "2026-08-14T16:03:12.192446Z", "level": "WARNING", "component": "data_monitor", "message": "Data gap detected for BTCUSDT: 120.0s", "mode": "PAPER"}
{"timestamp": "2026-08-14T16:03:12.194394Z", "level": "WARNING", "component": "data_monitor", "message": "Out of order tick for BTCUSDT", "mode": "PAPER"}
{"timestamp": "2026-08-14T16:03:12.395715Z", "level": "WARNING", "component": "data_monitor", "message": "Data gap detected for BTCUSDT: 120.0s", "mode": "PAPER"}
{"timestamp": "2026-08-14T16:03:12.398180Z", "level": "WARNING", "component": "data_monitor", "message": "Out of order tick for BTCUSDT", "mode": "PAPER"}
{"timestamp": "2026-08-14T16:03:12.596644Z", "level": "WARNING", "component": "data_monitor", "message": "Data gap detected for BTCUSDT: 120.0s", "mode": "PAPER"}
{"timestamp": "2026-08-14T16:03:12.598737Z", "level": "WARNING", "component": "data_monitor", "message": "Out of order tick for BTCUSDT", "mode": "PAPER"}
{"timestamp": "2026-08-14T16:03:12.808952Z", "level": "WARNING", "component": "data_monitor", "message": "Data gap detected for BTCUSDT: 120.0s", "mode": "PAPER"}
{"timestamp": "2026-08-14T16:03:12.818309Z", "level": "WARNING", "component": "data_monitor", "message": "Out of order tick for BTCUSDT", "mode": "PAPER"}
{"timestamp": "2026-08-14T16:03:13.021633Z", "level": "WARNING", "component": "data_monitor", "message": "Data gap detected for BTCUSDT: 120.0s", "mode": "PAPER"}
{"timestamp": "2026-08-14T16:03:13.024058Z", "level": "WARNING", "component": "data_monitor", "message": "Out of order tick for BTCUSDT", "mode": "PAPER"}
{"timestamp": "2026-08-14T16:03:13.232883Z", "level": "WARNING", "component": "data_monitor", "message": "Data gap detected for BTCUSDT: 120.0s", "mode": "PAPER"}
{"timestamp": "2026-08-14T16:03:13.235001Z", "level": "WARNING", "component": "data_monitor", "message": "Out of order tick for BTCUSDT", "mode": "PAPER"}
{"timestamp": "2026-08-14T16:03:13.451313Z", "level": "WARNING", "component": "data_monitor", "message": "Data gap detected for BTCUSDT: 120.0s", "mode": "PAPER"}
{"timestamp": "2026-08-14T16:03:13.454255Z", "level": "WARNING", "component": "data_monitor", "message": "Out of order tick for BTCUSDT", "mode": "PAPER"}
{"timestamp": "2026-08-14T16:03:13.666796Z", "level": "WARNING", "component": "data_monitor", "message": "Data gap detected for BTCUSDT: 120.0s", "mode": "PAPER"}
{"timestamp": "2026-08-14T16:03:13.668754Z", "level": "WARNING", "component": "data_monitor", "message": "Out of order tick for BTCUSDT", "mode": "PAPER"}
{"timestamp": "2026-08-14T16:03:13.883838Z", "level": "WARNING", "component": "data_monitor", "message": "Data gap detected for BTCUSDT: 120.0s", "mode": "PAPER"}
{"timestamp": "2026-08-14T16:03:13.886529Z", "level": "WARNING", "component": "data_monitor", "message": "Out of order tick for BTCUSDT", "mode": "PAPER"}
{"timestamp": "2026-08-14T16:03:14.096863Z", "level": "WARNING", "component": "data_monitor", "message": "Data gap detected for BTCUSDT: 120.0s", "mode": "PAPER"}
{"timestamp": "2026-08-14T16:03:14.098957Z", "level": "WARNING", "component": "data_monitor", "message": "Out of order tick for BTCUSDT", "mode": "PAPER"}
{"timestamp": "2026-08-14T16:03:14.308599Z", "level": "WARNING", "component": "data_monitor", "message": "Data gap detected for BTCUSDT: 120.0s", "mode": "PAPER"}
{"timestamp": "2026-08-14T16:03:14.310558Z", "level": "WARNING", "component": "data_monitor", "message": "Out of order tick for BTCUSDT", "mode": "PAPER"}
{"timestamp": "2026-08-14T16:03:14.519027Z", "level": "WARNING", "component": "data_monitor", "message": "Data gap detected for BTCUSDT: 120.0s", "mode": "PAPER"}
{"timestamp": "2026-08-14T16:03:14.521298Z", "level": "WARNING", "component": "data_monitor", "message": "Out of order tick for BTCUSDT", "mode": "PAPER"}
{"timestamp": "2026-08-14T16:03:14.726635Z", "level": "WARNING", "component": "data_monitor", "message": "Data gap detected for BTCUSDT: 120.0s", "mode": "PAPER"}
{"timestamp": "2026-08-14T16:03:14.728561Z", "level": "WARNING", "component": "data_monitor", "message": "Out of order tick for BTCUSDT", "mode": "PAPER"}
{"timestamp": "2026-08-14T16:03:14.933665Z", "level": "WARNING", "component": "data_monitor", "message": "Data gap detected for BTCUSDT: 120.0s", "mode": "PAPER"}
{"timestamp": "2026-08-14T16:03:14.943254Z", "level": "WARNING", "component": "data_monitor", "message": "Out of order tick for BTCUSDT", "mode": "PAPER"}
{"timestamp": "2026-08-14T16:03:15.150035Z", "level": "WARNING", "component": "data_monitor", "message": "Data gap detected for BTCUSDT: 120.0s", "mode": "PAPER"}
{"timestamp": "2026-08-14T16:03:15.152824Z", "level": "WARNING", "component": "data_monitor", "message": "Out of order tick for BTCUSDT", "mode": "PAPER"}
{"timestamp": "2026-08-14T16:03:15.372082Z", "level": "WARNING", "component": "data_monitor", "message": "Data gap detected for BTCUSDT: 120.0s", "mode": "PAPER"}
{"timestamp": "2026-08-14T16:03:15.374818Z", "level": "WARNING", "component": "data_monitor", "message": "Out of order tick for BTCUSDT", "mode": "PAPER"}
{"timestamp": "2026-08-14T16:03:15.578783Z", "level": "WARNING", "component": "data_monitor", "message": "Data gap detected for BTCUSDT: 120.0s", "mode": "PAPER"}
{"timestamp": "2026-08-14T16:03:15.580985Z", "level": "WARNING", "component": "data_monitor", "message": "Out of order tick for BTCUSDT", "mode": "PAPER"}
{"timestamp": "2026-08-14T16:03:15.799636Z", "level": "WARNING", "component": "data_monitor", "message": "Data gap detected for BTCUSDT: 120.0s", "mode": "PAPER"}
{"timestamp": "2026-08-14T16:03:15.802206Z", "level": "WARNING", "component": "data_monitor", "message": "Out of order tick for BTCUSDT", "mode": "PAPER"}
{"timestamp": "2026-08-14T16:03:16.011710Z", "level": "WARNING", "component": "data_monitor", "message": "Data gap detected for BTCUSDT: 120.0s", "mode": "PAPER"}
{"timestamp": "2026-08-14T16:03:16.013941Z", "level": "WARNING", "component": "data_monitor", "message": "Out of order tick for BTCUSDT", "mode": "PAPER"}
{"timestamp": "2026-08-14T16:03:16.223175Z", "level": "WARNING", "component": "data_monitor", "message": "Data gap detected for BTCUSDT: 120.0s", "mode": "PAPER"}
{"timestamp": "2026-08-14T16:03:16.225106Z", "level": "WARNING", "component": "data_monitor", "message": "Out of order tick for BTCUSDT", "mode": "PAPER"}
{"timestamp": "2026-08-14T16:03:16.439199Z", "level": "WARNING", "component": "data_monitor", "message": "Data gap detected for BTCUSDT: 120.0s", "mode": "PAPER"}
{"timestamp": "2026-08-14T16:03:16.441466Z", "level": "WARNING", "component": "data_monitor", "message": "Out of order tick for BTCUSDT", "mode": "PAPER"}
{"timestamp": "2026-08-14T16:03:16.645833Z", "level": "WARNING", "component": "data_monitor", "message": "Data gap detected for BTCUSDT: 120.0s", "mode": "PAPER"}
{"timestamp": "2026-08-14T16:03:16.647618Z", "level": "WARNING", "component": "data_monitor", "message": "Out of order tick for BTCUSDT", "mode": "PAPER"}
{"timestamp": "2026-08-14T16:03:16.870679Z", "level": "WARNING", "component": "data_monitor", "message": "Data gap detected for BTCUSDT: 120.0s", "mode": "PAPER"}
{"timestamp": "2026-08-14T16:03:16.873827Z", "level": "WARNING", "component": "data_monitor", "message": "Out of order tick for BTCUSDT", "mode": "PAPER"}
{"timestamp": "2026-08-14T16:03:17.144389Z", "level": "WARNING", "component": "data_monitor", "message": "Data gap detected for BTCUSDT: 120.0s", "mode": "PAPER"}
{"timestamp": "2026-08-14T16:03:17.167650Z", "level": "WARNING", "component": "data_monitor", "message": "Out of order tick for BTCUSDT", "mode": "PAPER"}
{"timestamp": "2026-08-14T16:03:17.379716Z", "level": "WARNING", "component": "data_monitor", "message": "Data gap detected for BTCUSDT: 120.0s", "mode": "PAPER"}
{"timestamp": "2026-08-14T16:03:17.381887Z", "level": "WARNING", "component": "data_monitor", "message": "Out of order tick for BTCUSDT", "mode": "PAPER"}
{"timestamp": "2026-08-14T16:03:17.588875Z", "level": "WARNING", "component": "data_monitor", "message": "Data gap detected for BTCUSDT: 120.0s", "mode": "PAPER"}
{"timestamp": "2026-08-14T16:03:17.590643Z", "level": "WARNING", "component": "data_monitor", "message": "Out of order tick for BTCUSDT", "mode": "PAPER"}
{"timestamp": "2026-08-14T16:03:17.795503Z", "level": "WARNING", "component": "data_monitor", "message": "Data gap detected for BTCUSDT: 120.0s", "mode": "PAPER"}
{"timestamp": "2026-08-14T16:03:17.797272Z", "level": "WARNING", "component": "data_monitor", "message": "Out of order tick for BTCUSDT", "mode": "PAPER"}
{"timestamp": "2026-08-14T16:03:18.013360Z", "level": "WARNING", "component": "data_monitor", "message": "Data gap detected for BTCUSDT: 120.0s", "mode": "PAPER"}
{"timestamp": "2026-08-14T16:03:18.015136Z", "level": "WARNING", "component": "data_monitor", "message": "Out of order tick for BTCUSDT", "mode": "PAPER"}
{"timestamp": "2026-08-14T16:03:18.226866Z", "level": "WARNING", "component": "data_monitor", "message": "Data gap detected for BTCUSDT: 120.0s", "mode": "PAPER"}
{"timestamp": "2026-08-14T16:03:18.228795Z", "level": "WARNING", "component": "data_monitor", "message": "Out of order tick for BTCUSDT", "mode": "PAPER"}
{"timestamp": "2026-08-14T16:03:18.443855Z", "level": "WARNING", "component": "data_monitor", "message": "Data gap detected for BTCUSDT: 120.0s", "mode": "PAPER"}
{"timestamp": "2026-08-14T16:03:18.446400Z", "level": "WARNING", "component": "data_monitor", "message": "Out of order tick for BTCUSDT", "mode": "PAPER"}
{"timestamp": "2026-08-14T16:03:18.666638Z", "level": "WARNING", "component": "data_monitor", "message": "Data gap detected for BTCUSDT: 120.0s", "mode": "PAPER"}
{"timestamp": "2026-08-14T16:03:18.669371Z", "level": "WARNING", "component": "data_monitor", "message": "Out of order tick for BTCUSDT", "mode": "PAPER"}
{"timestamp": "2026-08-14T16:03:18.881649Z", "level": "WARNING", "component": "data_monitor", "message": "Data gap detected for BTCUSDT: 120.0s", "mode": "PAPER"}
{"timestamp": "2026-08-14T16:03:18.883479Z", "level": "WARNING", "component": "data_monitor", "message": "Out of order tick for BTCUSDT", "mode": "PAPER"}
{"timestamp": "2026-08-14T16:03:19.092455Z", "level": "WARNING", "component": "data_monitor", "message": "Data gap detected for BTCUSDT: 120.0s", "mode": "PAPER"}
{"timestamp": "2026-08-14T16:03:19.094150Z", "level": "WARNING", "component": "data_monitor", "message": "Out of order tick for BTCUSDT", "mode": "PAPER"}
{"timestamp": "2026-08-14T16:03:19.296717Z", "level": "WARNING", "component": "data_monitor", "message": "Data gap detected for BTCUSDT: 120.0s", "mode": "PAPER"}
{"timestamp": "2026-08-14T16:03:19.306403Z", "level": "WARNING", "component": "data_monitor", "message": "Out of order tick for BTCUSDT", "mode": "PAPER"}
{"timestamp": "2026-08-14T16:03:19.555650Z", "level": "WARNING", "component": "data_monitor", "message": "Data gap detected for BTCUSDT: 120.0s", "mode": "PAPER"}
{"timestamp": "2026-08-14T16:03:19.558328Z", "level": "WARNING", "component": "data_monitor", "message": "Out of order tick for BTCUSDT", "mode": "PAPER"}
{"timestamp": "2026-08-14T16:03:19.762786Z", "level": "WARNING", "component": "data_monitor", "message": "Data gap detected for BTCUSDT: 120.0s", "mode": "PAPER"}
{"timestamp": "2026-08-14T16:03:19.764312Z", "level": "WARNING", "component": "data_monitor", "message": "Out of order tick for BTCUSDT", "mode": "PAPER"}
{"timestamp": "2026-08-14T16:03:19.966746Z", "level": "WARNING", "component": "data_monitor", "message": "Data gap detected for BTCUSDT: 120.0s", "mode": "PAPER"}
{"timestamp": "2026-08-14T16:03:19.969573Z", "level": "WARNING", "component": "data_monitor", "message": "Out of order tick for BTCUSDT", "mode": "PAPER"}
{"timestamp": "2026-08-14T16:03:20.181761Z", "level": "WARNING", "component": "data_monitor", "message": "Data gap detected for BTCUSDT: 120.0s", "mode": "PAPER"}
{"timestamp": "2026-08-14T16:03:20.183941Z", "level": "WARNING", "component": "data_monitor", "message": "Out of order tick for BTCUSDT", "mode": "PAPER"}
{"timestamp": "2026-08-14T16:03:20.383618Z", "level": "WARNING", "component": "data_monitor", "message": "Data gap detected for BTCUSDT: 120.0s", "mode": "PAPER"}
{"timestamp": "2026-08-14T16:03:20.385914Z", "level": "WARNING", "component": "data_monitor", "message": "Out of order tick for BTCUSDT", "mode": "PAPER"}
{"timestamp": "2026-08-14T16:03:20.591336Z", "level": "WARNING", "component": "data_monitor", "message": "Data gap detected for BTCUSDT: 120.0s", "mode": "PAPER"}
{"timestamp": "2026-08-14T16:03:20.593005Z", "level": "WARNING", "component": "data_monitor", "message": "Out of order tick for BTCUSDT", "mode": "PAPER"}
{"timestamp": "2026-08-14T16:03:20.812757Z", "level": "WARNING", "component": "data_monitor", "message": "Data gap detected for BTCUSDT: 120.0s", "mode": "PAPER"}
{"timestamp": "2026-08-14T16:03:20.814974Z", "level": "WARNING", "component": "data_monitor", "message": "Out of order tick for BTCUSDT", "mode": "PAPER"}
{"timestamp": "2026-08-14T16:03:21.035885Z", "level": "WARNING", "component": "data_monitor", "message": "Data gap detected for BTCUSDT: 120.0s", "mode": "PAPER"}
{"timestamp": "2026-08-14T16:03:21.037863Z", "level": "WARNING", "component": "data_monitor", "message": "Out of order tick for BTCUSDT", "mode": "PAPER"}
{"timestamp": "2026-08-14T16:03:21.251063Z", "level": "WARNING", "component": "data_monitor", "message": "Data gap detected for BTCUSDT: 120.0s", "mode": "PAPER"}
{"timestamp": "2026-08-14T16:03:21.252977Z", "level": "WARNING", "component": "data_monitor", "message": "Out of order tick for BTCUSDT", "mode": "PAPER"}
{"timestamp": "2026-08-14T16:03:21.459576Z", "level": "WARNING", "component": "data_monitor", "message": "Data gap detected for BTCUSDT: 120.0s", "mode": "PAPER"}
{"timestamp": "2026-08-14T16:03:21.469642Z", "level": "WARNING", "component": "data_monitor", "message": "Out of order tick for BTCUSDT", "mode": "PAPER"}
{"timestamp": "2026-08-14T16:03:21.668442Z", "level": "WARNING", "component": "data_monitor", "message": "Data gap detected for BTCUSDT: 120.0s", "mode": "PAPER"}
{"timestamp": "2026-08-14T16:03:21.671106Z", "level": "WARNING", "component": "data_monitor", "message": "Out of order tick for BTCUSDT", "mode": "PAPER"}
{"timestamp": "2026-08-14T16:03:21.880069Z", "level": "WARNING", "component": "data_monitor", "message": "Data gap detected for BTCUSDT: 120.0s", "mode": "PAPER"}
{"timestamp": "2026-08-14T16:03:21.882134Z", "level": "WARNING", "component": "data_monitor", "message": "Out of order tick for BTCUSDT", "mode": "PAPER"}
{"timestamp": "2026-08-14T16:03:22.081542Z", "level": "WARNING", "component": "data_monitor", "message": "Data gap detected for BTCUSDT: 120.0s", "mode": "PAPER"}
{"timestamp": "2026-08-14T16:03:22.083526Z", "level": "WARNING", "component": "data_monitor", "message": "Out of order tick for BTCUSDT", "mode": "PAPER"}
{"timestamp": "2026-08-14T16:03:22.308650Z", "level": "WARNING", "component": "data_monitor", "message": "Data gap detected for BTCUSDT: 120.0s", "mode": "PAPER"}
{"timestamp": "2026-08-14T16:03:22.310873Z", "level": "WARNING", "component": "data_monitor", "message": "Out of order tick for BTCUSDT", "mode": "PAPER"}
{"timestamp": "2026-08-14T16:03:22.515543Z", "level": "WARNING", "component": "data_monitor", "message": "Data gap detected for BTCUSDT: 120.0s", "mode": "PAPER"}
{"timestamp": "2026-08-14T16:03:22.518737Z", "level": "WARNING", "component": "data_monitor", "message": "Out of order tick for BTCUSDT", "mode": "PAPER"}
{"timestamp": "2026-08-14T16:03:22.726577Z", "level": "WARNING", "component": "data_monitor", "message": "Data gap detected for BTCUSDT: 120.0s", "mode": "PAPER"}
{"timestamp": "2026-08-14T16:03:22.728327Z", "level": "WARNING", "component": "data_monitor", "message": "Out of order tick for BTCUSDT", "mode": "PAPER"}
{"timestamp": "2026-08-14T16:03:22.940912Z", "level": "WARNING", "component": "data_monitor", "message": "Data gap detected for BTCUSDT: 120.0s", "mode": "PAPER"}
{"timestamp": "2026-08-14T16:03:22.943297Z", "level": "WARNING", "component": "data_monitor", "message": "Out of order tick for BTCUSDT", "mode": "PAPER"}
{"timestamp": "2026-08-14T16:03:23.152973Z", "level": "WARNING", "component": "data_monitor", "message": "Data gap detected for BTCUSDT: 120.0s", "mode": "PAPER"}
{"timestamp": "2026-08-14T16:03:23.155198Z", "level": "WARNING", "component": "data_monitor", "message": "Out of order tick for BTCUSDT", "mode": "PAPER"}
{"timestamp": "2026-08-14T16:03:23.361568Z", "level": "WARNING", "component": "data_monitor", "message": "Data gap detected for BTCUSDT: 120.0s", "mode": "PAPER"}
{"timestamp": "2026-08-14T16:03:23.363674Z", "level": "WARNING", "component": "data_monitor", "message": "Out of order tick for BTCUSDT", "mode": "PAPER"}
{"timestamp": "2026-08-14T16:03:23.580334Z", "level": "WARNING", "component": "data_monitor", "message": "Data gap detected for BTCUSDT: 120.0s", "mode": "PAPER"}
{"timestamp": "2026-08-14T16:03:23.591092Z", "level": "WARNING", "component": "data_monitor", "message": "Out of order tick for BTCUSDT", "mode": "PAPER"}
{"timestamp": "2026-08-14T16:03:23.792348Z", "level": "WARNING", "component": "data_monitor", "message": "Data gap detected for BTCUSDT: 120.0s", "mode": "PAPER"}
{"timestamp": "2026-08-14T16:03:23.793916Z", "level": "WARNING", "component": "data_monitor", "message": "Out of order tick for BTCUSDT", "mode": "PAPER"}
{"timestamp": "2026-08-14T16:03:24.034156Z", "level": "WARNING", "component": "data_monitor", "message": "Data gap detected for BTCUSDT: 120.0s", "mode": "PAPER"}
{"timestamp": "2026-08-14T16:03:24.037638Z", "level": "WARNING", "component": "data_monitor", "message": "Out of order tick for BTCUSDT", "mode": "PAPER"}
{"timestamp": "2026-08-14T16:03:24.322676Z", "level": "WARNING", "component": "data_monitor", "message": "Data gap detected for BTCUSDT: 120.0s", "mode": "PAPER"}
{"timestamp": "2026-08-14T16:03:24.324202Z", "level": "WARNING", "component": "data_monitor", "message": "Out of order tick for BTCUSDT", "mode": "PAPER"}
{"timestamp": "2026-08-14T16:03:24.537753Z", "level": "WARNING", "component": "data_monitor", "message": "Data gap detected for BTCUSDT: 120.0s", "mode": "PAPER"}
{"timestamp": "2026-08-14T16:03:24.539368Z", "level": "WARNING", "component": "data_monitor", "message": "Out of order tick for BTCUSDT", "mode": "PAPER"}
{"timestamp": "2026-08-14T16:03:24.738445Z", "level": "WARNING", "component": "data_monitor", "message": "Data gap detected for BTCUSDT: 120.0s", "mode": "PAPER"}
{"timestamp": "2026-08-14T16:03:24.740552Z", "level": "WARNING", "component": "data_monitor", "message": "Out of order tick for BTCUSDT", "mode": "PAPER"}
{"timestamp": "2026-08-14T16:03:24.958568Z", "level": "WARNING", "component": "data_monitor", "message": "Data gap detected for BTCUSDT: 120.0s", "mode": "PAPER"}
{"timestamp": "2026-08-14T16:03:24.960745Z", "level": "WARNING", "component": "data_monitor", "message": "Out of order tick for BTCUSDT", "mode": "PAPER"}
{"timestamp": "2026-08-14T16:03:25.172243Z", "level": "WARNING", "component": "data_monitor", "message": "Data gap detected for BTCUSDT: 120.0s", "mode": "PAPER"}
{"timestamp": "2026-08-14T16:03:25.173803Z", "level": "WARNING", "component": "data_monitor", "message": "Out of order tick for BTCUSDT", "mode": "PAPER"}
{"timestamp": "2026-08-14T16:03:25.377436Z", "level": "WARNING", "component": "data_monitor", "message": "Data gap detected for BTCUSDT: 120.0s", "mode": "PAPER"}
{"timestamp": "2026-08-14T16:03:25.379166Z", "level": "WARNING", "component": "data_monitor", "message": "Out of order tick for BTCUSDT", "mode": "PAPER"}
{"timestamp": "2026-08-14T16:03:25.581540Z", "level": "WARNING", "component": "data_monitor", "message": "Data gap detected for BTCUSDT: 120.0s", "mode": "PAPER"}
{"timestamp": "2026-08-14T16:03:25.584037Z", "level": "WARNING", "component": "data_monitor", "message": "Out of order tick for BTCUSDT", "mode": "PAPER"}
{"timestamp": "2026-08-14T16:03:25.802508Z", "level": "WARNING", "component": "data_monitor", "message": "Data gap detected for BTCUSDT: 120.0s", "mode": "PAPER"}
{"timestamp": "2026-08-14T16:03:25.815152Z", "level": "WARNING", "component": "data_monitor", "message": "Out of order tick for BTCUSDT", "mode": "PAPER"}
{"timestamp": "2026-08-14T16:03:26.021505Z", "level": "WARNING", "component": "data_monitor", "message": "Data gap detected for BTCUSDT: 120.0s", "mode": "PAPER"}
{"timestamp": "2026-08-14T16:03:26.023117Z", "level": "WARNING", "component": "data_monitor", "message": "Out of order tick for BTCUSDT", "mode": "PAPER"}
{"timestamp": "2026-08-14T16:03:26.249457Z", "level": "WARNING", "component": "data_monitor", "message": "Data gap detected for BTCUSDT: 120.0s", "mode": "PAPER"}
{"timestamp": "2026-08-14T16:03:26.251267Z", "level": "WARNING", "component": "data_monitor", "message": "Out of order tick for BTCUSDT", "mode": "PAPER"}
{"timestamp": "2026-08-14T16:03:26.462646Z", "level": "WARNING", "component": "data_monitor", "message": "Data gap detected for BTCUSDT: 120.0s", "mode": "PAPER"}
{"timestamp": "2026-08-14T16:03:26.464071Z", "level": "WARNING", "component": "data_monitor", "message": "Out of order tick for BTCUSDT", "mode": "PAPER"}
{"timestamp": "2026-08-14T16:03:26.681485Z", "level": "WARNING", "component": "data_monitor", "message": "Data gap detected for BTCUSDT: 120.0s", "mode": "PAPER"}
{"timestamp": "2026-08-14T16:03:26.684547Z", "level": "WARNING", "component": "data_monitor", "message": "Out of order tick for BTCUSDT", "mode": "PAPER"}
{"timestamp": "2026-08-14T16:03:26.889606Z", "level": "WARNING", "component": "data_monitor", "message": "Data gap detected for BTCUSDT: 120.0s", "mode": "PAPER"}
{"timestamp": "2026-08-14T16:03:26.891140Z", "level": "WARNING", "component": "data_monitor", "message": "Out of order tick for BTCUSDT", "mode": "PAPER"}
{"timestamp": "2026-08-14T16:03:27.089989Z", "level": "WARNING", "component": "data_monitor", "message": "Data gap detected for BTCUSDT: 120.0s", "mode": "PAPER"}
{"timestamp": "2026-08-14T16:03:27.092122Z", "level": "WARNING", "component": "data_monitor", "message": "Out of order tick for BTCUSDT", "mode": "PAPER"}
{"timestamp": "2026-08-14T16:03:27.310308Z", "level": "WARNING", "component": "data_monitor", "message": "Data gap detected for BTCUSDT: 120.0s", "mode": "PAPER"}
{"timestamp": "2026-08-14T16:03:27.311796Z", "level": "WARNING", "component": "data_monitor", "message": "Out of order tick for BTCUSDT", "mode": "PAPER"}
{"timestamp": "2026-08-14T16:03:27.518382Z", "level": "WARNING", "component": "data_monitor", "message": "Data gap detected for BTCUSDT: 120.0s", "mode": "PAPER"}
{"timestamp": "2026-08-14T16:03:27.520273Z", "level": "WARNING", "component": "data_monitor", "message": "Out of order tick for BTCUSDT", "mode": "PAPER"}
{"timestamp": "2026-08-14T16:03:27.731371Z", "level": "WARNING", "component": "data_monitor", "message": "Data gap detected for BTCUSDT: 120.0s", "mode": "PAPER"}
{"timestamp": "2026-08-14T16:03:27.733897Z", "level": "WARNING", "component": "data_monitor", "message": "Out of order tick for BTCUSDT", "mode": "PAPER"}
{"timestamp": "2026-08-14T16:03:27.940537Z", "level": "WARNING", "component": "data_monitor", "message": "Data gap detected for BTCUSDT: 120.0s", "mode": "PAPER"}
{"timestamp": "2026-08-14T16:03:27.951717Z", "level": "WARNING", "component": "data_monitor", "message": "Out of order tick for BTCUSDT", "mode": "PAPER"}
{"timestamp": "2026-08-14T16:03:28.151479Z", "level": "WARNING", "component": "data_monitor", "message": "Data gap detected for BTCUSDT: 120.0s", "mode": "PAPER"}
{"timestamp": "2026-08-14T16:03:28.153678Z", "level": "WARNING", "component": "data_monitor", "message": "Out of order tick for BTCUSDT", "mode": "PAPER"}
{"timestamp": "2026-08-14T16:03:28.355395Z", "level": "WARNING", "component": "data_monitor", "message": "Data gap detected for BTCUSDT: 120.0s", "mode": "PAPER"}
{"timestamp": "2026-08-14T16:03:28.358168Z", "level": "WARNING", "component": "data_monitor", "message": "Out of order tick for BTCUSDT", "mode": "PAPER"}
{"timestamp": "2026-08-14T16:03:28.566594Z", "level": "WARNING", "component": "data_monitor", "message": "Data gap detected for BTCUSDT: 120.0s", "mode": "PAPER"}
{"timestamp": "2026-08-14T16:03:28.568762Z", "level": "WARNING", "component": "data_monitor", "message": "Out of order tick for BTCUSDT", "mode": "PAPER"}
{"timestamp": "2026-08-14T16:03:28.788513Z", "level": "WARNING", "component": "data_monitor", "message": "Data gap detected for BTCUSDT: 120.0s", "mode": "PAPER"}
{"timestamp": "2026-08-14T16:03:28.789953Z", "level": "WARNING", "component": "data_monitor", "message": "Out of order tick for BTCUSDT", "mode": "PAPER"}
{"timestamp": "2026-08-14T16:03:29.004525Z", "level": "WARNING", "component": "data_monitor", "message": "Data gap detected for BTCUSDT: 120.0s", "mode": "PAPER"}
{"timestamp": "2026-08-14T16:03:29.006488Z", "level": "WARNING", "component": "data_monitor", "message": "Out of order tick for BTCUSDT", "mode": "PAPER"}
{"timestamp": "2026-08-14T16:03:29.208527Z", "level": "WARNING", "component": "data_monitor", "message": "Data gap detected for BTCUSDT: 120.0s", "mode": "PAPER"}
{"timestamp": "2026-08-14T16:03:29.210359Z", "level": "WARNING", "component": "data_monitor", "message": "Out of order tick for BTCUSDT", "mode": "PAPER"}
{"timestamp": "2026-08-14T16:03:29.422379Z", "level": "WARNING", "component": "data_monitor", "message": "Data gap detected for BTCUSDT: 120.0s", "mode": "PAPER"}
{"timestamp": "2026-08-14T16:03:29.424514Z", "level": "WARNING", "component": "data_monitor", "message": "Out of order tick for BTCUSDT", "mode": "PAPER"}
{"timestamp": "2026-08-14T16:03:29.627533Z", "level": "WARNING", "component": "data_monitor", "message": "Data gap detected for BTCUSDT: 120.0s", "mode": "PAPER"}
{"timestamp": "2026-08-14T16:03:29.629992Z", "level": "WARNING", "component": "data_monitor", "message": "Out of order tick for BTCUSDT", "mode": "PAPER"}
{"timestamp": "2026-08-14T16:03:29.838710Z", "level": "WARNING", "component": "data_monitor", "message": "Data gap detected for BTCUSDT: 120.0s", "mode": "PAPER"}
{"timestamp": "2026-08-14T16:03:29.840513Z", "level": "WARNING", "component": "data_monitor", "message": "Out of order tick for BTCUSDT", "mode": "PAPER"}
{"timestamp": "2026-08-14T16:03:30.050177Z", "level": "WARNING", "component": "data_monitor", "message": "Data gap detected for BTCUSDT: 120.0s", "mode": "PAPER"}
{"timestamp": "2026-08-14T16:03:30.061619Z", "level": "WARNING", "component": "data_monitor", "message": "Out of order tick for BTCUSDT", "mode": "PAPER"}
{"timestamp": "2026-08-14T16:03:30.279322Z", "level": "WARNING", "component": "data_monitor", "message": "Data gap detected for BTCUSDT: 120.0s", "mode": "PAPER"}
{"timestamp": "2026-08-14T16:03:30.281386Z", "level": "WARNING", "component": "data_monitor", "message": "Out of order tick for BTCUSDT", "mode": "PAPER"}
{"timestamp": "2026-08-14T16:03:30.497387Z", "level": "WARNING", "component": "data_monitor", "message": "Data gap detected for BTCUSDT: 120.0s", "mode": "PAPER"}
{"timestamp": "2026-08-14T16:03:30.499884Z", "level": "WARNING", "component": "data_monitor", "message": "Out of order tick for BTCUSDT", "mode": "PAPER"}
{"timestamp": "2026-08-14T16:03:30.715712Z", "level": "WARNING", "component": "data_monitor", "message": "Data gap detected for BTCUSDT: 120.0s", "mode": "PAPER"}
{"timestamp": "2026-08-14T16:03:30.718655Z", "level": "WARNING", "component": "data_monitor", "message": "Out of order tick for BTCUSDT", "mode": "PAPER"}
{"timestamp": "2026-08-14T16:03:30.942267Z", "level": "WARNING", "component": "data_monitor", "message": "Data gap detected for BTCUSDT: 120.0s", "mode": "PAPER"}
{"timestamp": "2026-08-14T16:03:30.944212Z", "level": "WARNING", "component": "data_monitor", "message": "Out of order tick for BTCUSDT", "mode": "PAPER"}
{"timestamp": "2026-08-14T16:03:31.150682Z", "level": "WARNING", "component": "data_monitor", "message": "Data gap detected for BTCUSDT: 120.0s", "mode": "PAPER"}
{"timestamp": "2026-08-14T16:03:31.153388Z", "level": "WARNING", "component": "data_monitor", "message": "Out of order tick for BTCUSDT", "mode": "PAPER"}
{"timestamp": "2026-08-14T16:03:31.357941Z", "level": "WARNING", "component": "data_monitor", "message": "Data gap detected for BTCUSDT: 120.0s", "mode": "PAPER"}
{"timestamp": "2026-08-14T16:03:31.359545Z", "level": "WARNING", "component": "data_monitor", "message": "Out of order tick for BTCUSDT", "mode": "PAPER"}
{"timestamp": "2026-08-14T16:03:31.578468Z", "level": "WARNING", "component": "data_monitor", "message": "Data gap detected for BTCUSDT: 120.0s", "mode": "PAPER"}
{"timestamp": "2026-08-14T16:03:31.580905Z", "level": "WARNING", "component": "data_monitor", "message": "Out of order tick for BTCUSDT", "mode": "PAPER"}
{"timestamp": "2026-08-14T16:03:31.790519Z", "level": "WARNING", "component": "data_monitor", "message": "Data gap detected for BTCUSDT: 120.0s", "mode": "PAPER"}
{"timestamp": "2026-08-14T16:03:31.791952Z", "level": "WARNING", "component": "data_monitor", "message": "Out of order tick for BTCUSDT", "mode": "PAPER"}
{"timestamp": "2026-08-14T16:03:31.992306Z", "level": "WARNING", "component": "data_monitor", "message": "Data gap detected for BTCUSDT: 120.0s", "mode": "PAPER"}
{"timestamp": "2026-08-14T16:03:31.993620Z", "level": "WARNING", "component": "data_monitor", "message": "Out of order tick for BTCUSDT", "mode": "PAPER"}
{"timestamp": "2026-08-14T16:03:32.205281Z", "level": "WARNING", "component": "data_monitor", "message": "Data gap detected for BTCUSDT: 120.0s", "mode": "PAPER"}
{"timestamp": "2026-08-14T16:03:32.215435Z", "level": "WARNING", "component": "data_monitor", "message": "Out of order tick for BTCUSDT", "mode": "PAPER"}
{"timestamp": "2026-08-14T16:03:32.418710Z", "level": "WARNING", "component": "data_monitor", "message": "Data gap detected for BTCUSDT: 120.0s", "mode": "PAPER"}
{"timestamp": "2026-08-14T16:03:32.420932Z", "level": "WARNING", "component": "data_monitor", "message": "Out of order tick for BTCUSDT", "mode": "PAPER"}
{"timestamp": "2026-08-14T16:03:32.630374Z", "level": "WARNING", "component": "data_monitor", "message": "Data gap detected for BTCUSDT: 120.0s", "mode": "PAPER"}
{"timestamp": "2026-08-14T16:03:32.633103Z", "level": "WARNING", "component": "data_monitor", "message": "Out of order tick for BTCUSDT", "mode": "PAPER"}
{"timestamp": "2026-08-14T16:03:32.839575Z", "level": "WARNING", "component": "data_monitor", "message": "Data gap detected for BTCUSDT: 120.0s", "mode": "PAPER"}
{"timestamp": "2026-08-14T16:03:32.841167Z", "level": "WARNING", "component": "data_monitor", "message": "Out of order tick for BTCUSDT", "mode": "PAPER"}
{"timestamp": "2026-08-14T16:03:33.061863Z", "level": "WARNING", "component": "data_monitor", "message": "Data gap detected for BTCUSDT: 120.0s", "mode": "PAPER"}
{"timestamp": "2026-08-14T16:03:33.064189Z", "level": "WARNING", "component": "data_monitor", "message": "Out of order tick for BTCUSDT", "mode": "PAPER"}
{"timestamp": "2026-08-14T16:03:33.272443Z", "level": "WARNING", "component": "data_monitor", "message": "Data gap detected for BTCUSDT: 120.0s", "mode": "PAPER"}
{"timestamp": "2026-08-14T16:03:33.274527Z", "level": "WARNING", "component": "data_monitor", "message": "Out of order tick for BTCUSDT", "mode": "PAPER"}
{"timestamp": "2026-08-14T16:03:33.474627Z", "level": "WARNING", "component": "data_monitor", "message": "Data gap detected for BTCUSDT: 120.0s", "mode": "PAPER"}
{"timestamp": "2026-08-14T16:03:33.476188Z", "level": "WARNING", "component": "data_monitor", "message": "Out of order tick for BTCUSDT", "mode": "PAPER"}
{"timestamp": "2026-08-14T16:03:33.690677Z", "level": "WARNING", "component": "data_monitor", "message": "Data gap detected for BTCUSDT: 120.0s", "mode": "PAPER"}
{"timestamp": "2026-08-14T16:03:33.692960Z", "level": "WARNING", "component": "data_monitor", "message": "Out of order tick for BTCUSDT", "mode": "PAPER"}
{"timestamp": "2026-08-14T16:03:33.905617Z", "level": "WARNING", "component": "data_monitor", "message": "Data gap detected for BTCUSDT: 120.0s", "mode": "PAPER"}
{"timestamp": "2026-08-14T16:03:33.908062Z", "level": "WARNING", "component": "data_monitor", "message": "Out of order tick for BTCUSDT", "mode": "PAPER"}
{"timestamp": "2026-08-14T16:03:34.110357Z", "level": "WARNING", "component": "data_monitor", "message": "Data gap detected for BTCUSDT: 120.0s", "mode": "PAPER"}
{"timestamp": "2026-08-14T16:03:34.112694Z", "level": "WARNING", "component": "data_monitor", "message": "Out of order tick for BTCUSDT", "mode": "PAPER"}
{"timestamp": "2026-08-14T16:03:34.325470Z", "level": "WARNING", "component": "data_monitor", "message": "Data gap detected for BTCUSDT: 120.0s", "mode": "PAPER"}
{"timestamp": "2026-08-14T16:03:34.341947Z", "level": "WARNING", "component": "data_monitor", "message": "Out of order tick for BTCUSDT", "mode": "PAPER"}
{"timestamp": "2026-08-14T16:03:34.610409Z", "level": "WARNING", "component": "data_monitor", "message": "Data gap detected for BTCUSDT: 120.0s", "mode": "PAPER"}
{"timestamp": "2026-08-14T16:03:34.613179Z", "level": "WARNING", "component": "data_monitor", "message": "Out of order tick for BTCUSDT", "mode": "PAPER"}
{"timestamp": "2026-08-14T16:03:34.853536Z", "level": "WARNING", "component": "data_monitor", "message": "Data gap detected for BTCUSDT: 120.0s", "mode": "PAPER"}
{"timestamp": "2026-08-14T16:03:34.855646Z", "level": "WARNING", "component": "data_monitor", "message": "Out of order tick for BTCUSDT", "mode": "PAPER"}
{"timestamp": "2026-08-14T16:03:35.058612Z", "level": "WARNING", "component": "data_monitor", "message": "Data gap detected for BTCUSDT: 120.0s", "mode": "PAPER"}
{"timestamp": "2026-08-14T16:03:35.060530Z", "level": "WARNING", "component": "data_monitor", "message": "Out of order tick for BTCUSDT", "mode": "PAPER"}
{"timestamp": "2026-08-14T16:03:35.291421Z", "level": "WARNING", "component": "data_monitor", "message": "Data gap detected for BTCUSDT: 120.0s", "mode": "PAPER"}
{"timestamp": "2026-08-14T16:03:35.293169Z", "level": "WARNING", "component": "data_monitor", "message": "Out of order tick for BTCUSDT", "mode": "PAPER"}
{"timestamp": "2026-08-14T16:03:35.510149Z", "level": "WARNING", "component": "data_monitor", "message": "Data gap detected for BTCUSDT: 120.0s", "mode": "PAPER"}
{"timestamp": "2026-08-14T16:03:35.512117Z", "level": "WARNING", "component": "data_monitor", "message": "Out of order tick for BTCUSDT", "mode": "PAPER"}
{"timestamp": "2026-08-14T16:03:35.722714Z", "level": "WARNING", "component": "data_monitor", "message": "Data gap detected for BTCUSDT: 120.0s", "mode": "PAPER"}
{"timestamp": "2026-08-14T16:03:35.724432Z", "level": "WARNING", "component": "data_monitor", "message": "Out of order tick for BTCUSDT", "mode": "PAPER"}
{"timestamp": "2026-08-14T16:03:35.952791Z", "level": "WARNING", "component": "data_monitor", "message": "Data gap detected for BTCUSDT: 120.0s", "mode": "PAPER"}
{"timestamp": "2026-08-14T16:03:35.953768Z", "level": "WARNING", "component": "data_monitor", "message": "Out of order tick for BTCUSDT", "mode": "PAPER"}
{"timestamp": "2026-08-14T16:03:36.162032Z", "level": "WARNING", "component": "data_monitor", "message": "Data gap detected for BTCUSDT: 120.0s", "mode": "PAPER"}
{"timestamp": "2026-08-14T16:03:36.163099Z", "level": "WARNING", "component": "data_monitor", "message": "Out of order tick for BTCUSDT", "mode": "PAPER"}
{"timestamp": "2026-08-14T16:03:36.380273Z", "level": "WARNING", "component": "data_monitor", "message": "Data gap detected for BTCUSDT: 120.0s", "mode": "PAPER"}
{"timestamp": "2026-08-14T16:03:36.383245Z", "level": "WARNING", "component": "data_monitor", "message": "Out of order tick for BTCUSDT", "mode": "PAPER"}
{"timestamp": "2026-08-14T16:03:36.597270Z", "level": "WARNING", "component": "data_monitor", "message": "Data gap detected for BTCUSDT: 120.0s", "mode": "PAPER"}
{"timestamp": "2026-08-14T16:03:36.611187Z", "level": "WARNING", "component": "data_monitor", "message": "Out of order tick for BTCUSDT", "mode": "PAPER"}
{"timestamp": "2026-08-14T16:03:36.831864Z", "level": "WARNING", "component": "data_monitor", "message": "Data gap detected for BTCUSDT: 120.0s", "mode": "PAPER"}
{"timestamp": "2026-08-14T16:03:36.834957Z", "level": "WARNING", "component": "data_monitor", "message": "Out of order tick for BTCUSDT", "mode": "PAPER"}
{"timestamp": "2026-08-14T16:03:37.052403Z", "level": "WARNING", "component": "data_monitor", "message": "Data gap detected for BTCUSDT: 120.0s", "mode": "PAPER"}
{"timestamp": "2026-08-14T16:03:37.054498Z", "level": "WARNING", "component": "data_monitor", "message": "Out of order tick for BTCUSDT", "mode": "PAPER"}
{"timestamp": "2026-08-14T16:03:37.276501Z", "level": "WARNING", "component": "data_monitor", "message": "Data gap detected for BTCUSDT: 120.0s", "mode": "PAPER"}
{"timestamp": "2026-08-14T16:03:37.278920Z", "level": "WARNING", "component": "data_monitor", "message": "Out of order tick for BTCUSDT", "mode": "PAPER"}
{"timestamp": "2026-08-14T16:03:37.489473Z", "level": "WARNING", "component": "data_monitor", "message": "Data gap detected for BTCUSDT: 120.0s", "mode": "PAPER"}
{"timestamp": "2026-08-14T16:03:37.491518Z", "level": "WARNING", "component": "data_monitor", "message": "Out of order tick for BTCUSDT", "mode": "PAPER"}
{"timestamp": "2026-08-14T16:03:37.692033Z", "level": "WARNING", "component": "data_monitor", "message": "Data gap detected for BTCUSDT: 120.0s", "mode": "PAPER"}
{"timestamp": "2026-08-14T16:03:37.693704Z", "level": "WARNING", "component": "data_monitor", "message": "Out of order tick for BTCUSDT", "mode": "PAPER"}
{"timestamp": "2026-08-14T16:03:37.899418Z", "level": "WARNING", "component": "data_monitor", "message": "Data gap detected for BTCUSDT: 120.0s", "mode": "PAPER"}
{"timestamp": "2026-08-14T16:03:37.901597Z", "level": "WARNING", "component": "data_monitor", "message": "Out of order tick for BTCUSDT", "mode": "PAPER"}
{"timestamp": "2026-08-14T16:03:38.113088Z", "level": "WARNING", "component": "data_monitor", "message": "Data gap detected for BTCUSDT: 120.0s", "mode": "PAPER"}
{"timestamp": "2026-08-14T16:03:38.115539Z", "level": "WARNING", "component": "data_monitor", "message": "Out of order tick for BTCUSDT", "mode": "PAPER"}
{"timestamp": "2026-08-14T16:03:38.324089Z", "level": "WARNING", "component": "data_monitor", "message": "Data gap detected for BTCUSDT: 120.0s", "mode": "PAPER"}
{"timestamp": "2026-08-14T16:03:38.326285Z", "level": "WARNING", "component": "data_monitor", "message": "Out of order tick for BTCUSDT", "mode": "PAPER"}
{"timestamp": "2026-08-14T16:03:38.539337Z", "level": "WARNING", "component": "data_monitor", "message": "Data gap detected for BTCUSDT: 120.0s", "mode": "PAPER"}
{"timestamp": "2026-08-14T16:03:38.541117Z", "level": "WARNING", "component": "data_monitor", "message": "Out of order tick for BTCUSDT", "mode": "PAPER"}
{"timestamp": "2026-08-14T16:03:38.745127Z", "level": "WARNING", "component": "data_monitor", "message": "Data gap detected for BTCUSDT: 120.0s", "mode": "PAPER"}
{"timestamp": "2026-08-14T16:03:38.757800Z", "level": "WARNING", "component": "data_monitor", "message": "Out of order tick for BTCUSDT", "mode": "PAPER"}
{"timestamp": "2026-08-14T16:03:38.966483Z", "level": "WARNING", "component": "data_monitor", "message": "Data gap detected for BTCUSDT: 120.0s", "mode": "PAPER"}
{"timestamp": "2026-08-14T16:03:38.969595Z", "level": "WARNING", "component": "data_monitor", "message": "Out of order tick for BTCUSDT", "mode": "PAPER"}
{"timestamp": "2026-08-14T16:03:39.175438Z", "level": "WARNING", "component": "data_monitor", "message": "Data gap detected for BTCUSDT: 120.0s", "mode": "PAPER"}
{"timestamp": "2026-08-14T16:03:39.177554Z", "level": "WARNING", "component": "data_monitor", "message": "Out of order tick for BTCUSDT", "mode": "PAPER"}
{"timestamp": "2026-08-14T16:03:39.380284Z", "level": "WARNING", "component": "data_monitor", "message": "Data gap detected for BTCUSDT: 120.0s", "mode": "PAPER"}
{"timestamp": "2026-08-14T16:03:39.383615Z", "level": "WARNING", "component": "data_monitor", "message": "Out of order tick for BTCUSDT", "mode": "PAPER"}
{"timestamp": "2026-08-14T16:03:39.586205Z", "level": "WARNING", "component": "data_monitor", "message": "Data gap detected for BTCUSDT: 120.0s", "mode": "PAPER"}
{"timestamp": "2026-08-14T16:03:39.587630Z", "level": "WARNING", "component": "data_monitor", "message": "Out of order tick for BTCUSDT", "mode": "PAPER"}
{"timestamp": "2026-08-14T16:03:39.788711Z", "level": "WARNING", "component": "data_monitor", "message": "Data gap detected for BTCUSDT: 120.0s", "mode": "PAPER"}
{"timestamp": "2026-08-14T16:03:39.791070Z", "level": "WARNING", "component": "data_monitor", "message": "Out of order tick for BTCUSDT", "mode": "PAPER"}
{"timestamp": "2026-08-14T16:03:39.999222Z", "level": "WARNING", "component": "data_monitor", "message": "Data gap detected for BTCUSDT: 120.0s", "mode": "PAPER"}
{"timestamp": "2026-08-14T16:03:40.001565Z", "level": "WARNING", "component": "data_monitor", "message": "Out of order tick for BTCUSDT", "mode": "PAPER"}
{"timestamp": "2026-08-14T16:03:40.199295Z", "level": "WARNING", "component": "data_monitor", "message": "Data gap detected for BTCUSDT: 120.0s", "mode": "PAPER"}
{"timestamp": "2026-08-14T16:03:40.201386Z", "level": "WARNING", "component": "data_monitor", "message": "Out of order tick for BTCUSDT", "mode": "PAPER"}
{"timestamp": "2026-08-14T16:03:40.395090Z", "level": "WARNING", "component": "data_monitor", "message": "Data gap detected for BTCUSDT: 120.0s", "mode": "PAPER"}
{"timestamp": "2026-08-14T16:03:40.397375Z", "level": "WARNING", "component": "data_monitor", "message": "Out of order tick for BTCUSDT", "mode": "PAPER"}
{"timestamp": "2026-08-14T16:03:40.589232Z", "level": "WARNING", "component": "data_monitor", "message": "Data gap detected for BTCUSDT: 120.0s", "mode": "PAPER"}
{"timestamp": "2026-08-14T16:03:40.591718Z", "level": "WARNING", "component": "data_monitor", "message": "Out of order tick for BTCUSDT", "mode": "PAPER"}
{"timestamp": "2026-08-14T16:03:40.841142Z", "level": "WARNING", "component": "data_monitor", "message": "Data gap detected for BTCUSDT: 120.0s", "mode": "PAPER"}
{"timestamp": "2026-08-14T16:03:40.857078Z", "level": "WARNING", "component": "data_monitor", "message": "Out of order tick for BTCUSDT", "mode": "PAPER"}
{"timestamp": "2026-08-14T16:03:41.102091Z", "level": "WARNING", "component": "data_monitor", "message": "Data gap detected for BTCUSDT: 120.0s", "mode": "PAPER"}
{"timestamp": "2026-08-14T16:03:41.104015Z", "level": "WARNING", "component": "data_monitor", "message": "Out of order tick for BTCUSDT", "mode": "PAPER"}
{"timestamp": "2026-08-14T16:03:41.316534Z", "level": "WARNING", "component": "data_monitor", "message": "Data gap detected for BTCUSDT: 120.0s", "mode": "PAPER"}
{"timestamp": "2026-08-14T16:03:41.318579Z", "level": "WARNING", "component": "data_monitor", "message": "Out of order tick for BTCUSDT", "mode": "PAPER"}
{"timestamp": "2026-08-14T16:03:41.523603Z", "level": "WARNING", "component": "data_monitor", "message": "Data gap detected for BTCUSDT: 120.0s", "mode": "PAPER"}
{"timestamp": "2026-08-14T16:03:41.525202Z", "level": "WARNING", "component": "data_monitor", "message": "Out of order tick for BTCUSDT", "mode": "PAPER"}
{"timestamp": "2026-08-14T16:03:41.737041Z", "level": "WARNING", "component": "data_monitor", "message": "Data gap detected for BTCUSDT: 120.0s", "mode": "PAPER"}
{"timestamp": "2026-08-14T16:03:41.738534Z", "level": "WARNING", "component": "data_monitor", "message": "Out of order tick for BTCUSDT", "mode": "PAPER"}
{"timestamp": "2026-08-14T16:03:41.942365Z", "level": "WARNING", "component": "data_monitor", "message": "Data gap detected for BTCUSDT: 120.0s", "mode": "PAPER"}
{"timestamp": "2026-08-14T16:03:41.945106Z", "level": "WARNING", "component": "data_monitor", "message": "Out of order tick for BTCUSDT", "mode": "PAPER"}
{"timestamp": "2026-08-14T16:03:42.148333Z", "level": "WARNING", "component": "data_monitor", "message": "Data gap detected for BTCUSDT: 120.0s", "mode": "PAPER"}
{"timestamp": "2026-08-14T16:03:42.151775Z", "level": "WARNING", "component": "data_monitor", "message": "Out of order tick for BTCUSDT", "mode": "PAPER"}
{"timestamp": "2026-08-14T16:03:42.371269Z", "level": "WARNING", "component": "data_monitor", "message": "Data gap detected for BTCUSDT: 120.0s", "mode": "PAPER"}
{"timestamp": "2026-08-14T16:03:42.373132Z", "level": "WARNING", "component": "data_monitor", "message": "Out of order tick for BTCUSDT", "mode": "PAPER"}
{"timestamp": "2026-08-14T16:03:42.576430Z", "level": "WARNING", "component": "data_monitor", "message": "Data gap detected for BTCUSDT: 120.0s", "mode": "PAPER"}
{"timestamp": "2026-08-14T16:03:42.577754Z", "level": "WARNING", "component": "data_monitor", "message": "Out of order tick for BTCUSDT", "mode": "PAPER"}
{"timestamp": "2026-08-14T16:03:42.789265Z", "level": "WARNING", "component": "data_monitor", "message": "Data gap detected for BTCUSDT: 120.0s", "mode": "PAPER"}
{"timestamp": "2026-08-14T16:03:42.791350Z", "level": "WARNING", "component": "data_monitor", "message": "Out of order tick for BTCUSDT", "mode": "PAPER"}
{"timestamp": "2026-08-14T16:03:42.998356Z", "level": "WARNING", "component": "data_monitor", "message": "Data gap detected for BTCUSDT: 120.0s", "mode": "PAPER"}
{"timestamp": "2026-08-14T16:03:43.010511Z", "level": "WARNING", "component": "data_monitor", "message": "Out of order tick for BTCUSDT", "mode": "PAPER"}
{"timestamp": "2026-08-14T16:03:43.213016Z", "level": "WARNING", "component": "data_monitor", "message": "Data gap detected for BTCUSDT: 120.0s", "mode": "PAPER"}
{"timestamp": "2026-08-14T16:03:43.214766Z", "level": "WARNING", "component": "data_monitor", "message": "Out of order tick for BTCUSDT", "mode": "PAPER"}
{"timestamp": "2026-08-14T16:03:43.429216Z", "level": "WARNING", "component": "data_monitor", "message": "Data gap detected for BTCUSDT: 120.0s", "mode": "PAPER"}
{"timestamp": "2026-08-14T16:03:43.431221Z", "level": "WARNING", "component": "data_monitor", "message": "Out of order tick for BTCUSDT", "mode": "PAPER"}
{"timestamp": "2026-08-14T16:03:43.636375Z", "level": "WARNING", "component": "data_monitor", "message": "Data gap detected for BTCUSDT: 120.0s", "mode": "PAPER"}
{"timestamp": "2026-08-14T16:03:43.638190Z", "level": "WARNING", "component": "data_monitor", "message": "Out of order tick for BTCUSDT", "mode": "PAPER"}
{"timestamp": "2026-08-14T16:03:43.849551Z", "level": "WARNING", "component": "data_monitor", "message": "Data gap detected for BTCUSDT: 120.0s", "mode": "PAPER"}
{"timestamp": "2026-08-14T16:03:43.851800Z", "level": "WARNING", "component": "data_monitor", "message": "Out of order tick for BTCUSDT", "mode": "PAPER"}
{"timestamp": "2026-08-14T16:03:44.060127Z", "level": "WARNING", "component": "data_monitor", "message": "Data gap detected for BTCUSDT: 120.0s", "mode": "PAPER"}
{"timestamp": "2026-08-14T16:03:44.062117Z", "level": "WARNING", "component": "data_monitor", "message": "Out of order tick for BTCUSDT", "mode": "PAPER"}
{"timestamp": "2026-08-14T16:03:44.271298Z", "level": "WARNING", "component": "data_monitor", "message": "Data gap detected for BTCUSDT: 120.0s", "mode": "PAPER"}
{"timestamp": "2026-08-14T16:03:44.273365Z", "level": "WARNING", "component": "data_monitor", "message": "Out of order tick for BTCUSDT", "mode": "PAPER"}
{"timestamp": "2026-08-14T16:03:44.490223Z", "level": "WARNING", "component": "data_monitor", "message": "Data gap detected for BTCUSDT: 120.0s", "mode": "PAPER"}
{"timestamp": "2026-08-14T16:03:44.492328Z", "level": "WARNING", "component": "data_monitor", "message": "Out of order tick for BTCUSDT", "mode": "PAPER"}
{"timestamp": "2026-08-14T16:03:44.699436Z", "level": "WARNING", "component": "data_monitor", "message": "Data gap detected for BTCUSDT: 120.0s", "mode": "PAPER"}
{"timestamp": "2026-08-14T16:03:44.702176Z", "level": "WARNING", "component": "data_monitor", "message": "Out of order tick for BTCUSDT", "mode": "PAPER"}
{"timestamp": "2026-08-14T16:03:44.905211Z", "level": "WARNING", "component": "data_monitor", "message": "Data gap detected for BTCUSDT: 120.0s", "mode": "PAPER"}
{"timestamp": "2026-08-14T16:03:44.907183Z", "level": "WARNING", "component": "data_monitor", "message": "Out of order tick for BTCUSDT", "mode": "PAPER"}
{"timestamp": "2026-08-14T16:03:45.103782Z", "level": "WARNING", "component": "data_monitor", "message": "Data gap detected for BTCUSDT: 120.0s", "mode": "PAPER"}
{"timestamp": "2026-08-14T16:03:45.116118Z", "level": "WARNING", "component": "data_monitor", "message": "Out of order tick for BTCUSDT", "mode": "PAPER"}
{"timestamp": "2026-08-14T16:03:45.318092Z", "level": "WARNING", "component": "data_monitor", "message": "Data gap detected for BTCUSDT: 120.0s", "mode": "PAPER"}
{"timestamp": "2026-08-14T16:03:45.325936Z", "level": "WARNING", "component": "data_monitor", "message": "Out of order tick for BTCUSDT", "mode": "PAPER"}
{"timestamp": "2026-08-14T16:03:45.526189Z", "level": "WARNING", "component": "data_monitor", "message": "Data gap detected for BTCUSDT: 120.0s", "mode": "PAPER"}
{"timestamp": "2026-08-14T16:03:45.529221Z", "level": "WARNING", "component": "data_monitor", "message": "Out of order tick for BTCUSDT", "mode": "PAPER"}
{"timestamp": "2026-08-14T16:03:45.729883Z", "level": "WARNING", "component": "data_monitor", "message": "Data gap detected for BTCUSDT: 120.0s", "mode": "PAPER"}
{"timestamp": "2026-08-14T16:03:45.731421Z", "level": "WARNING", "component": "data_monitor", "message": "Out of order tick for BTCUSDT", "mode": "PAPER"}
{"timestamp": "2026-08-14T16:03:45.940035Z", "level": "WARNING", "component": "data_monitor", "message": "Data gap detected for BTCUSDT: 120.0s", "mode": "PAPER"}
{"timestamp": "2026-08-14T16:03:45.942039Z", "level": "WARNING", "component": "data_monitor", "message": "Out of order tick for BTCUSDT", "mode": "PAPER"}
{"timestamp": "2026-08-14T16:03:46.144278Z", "level": "WARNING", "component": "data_monitor", "message": "Data gap detected for BTCUSDT: 120.0s", "mode": "PAPER"}
{"timestamp": "2026-08-14T16:03:46.147024Z", "level": "WARNING", "component": "data_monitor", "message": "Out of order tick for BTCUSDT", "mode": "PAPER"}
{"timestamp": "2026-08-14T16:03:46.356029Z", "level": "WARNING", "component": "data_monitor", "message": "Data gap detected for BTCUSDT: 120.0s", "mode": "PAPER"}
{"timestamp": "2026-08-14T16:03:46.358134Z", "level": "WARNING", "component": "data_monitor", "message": "Out of order tick for BTCUSDT", "mode": "PAPER"}
{"timestamp": "2026-08-14T16:03:46.567826Z", "level": "WARNING", "component": "data_monitor", "message": "Data gap detected for BTCUSDT: 120.0s", "mode": "PAPER"}
{"timestamp": "2026-08-14T16:03:46.570136Z", "level": "WARNING", "component": "data_monitor", "message": "Out of order tick for BTCUSDT", "mode": "PAPER"}
{"timestamp": "2026-08-14T16:03:46.794243Z", "level": "WARNING", "component": "data_monitor", "message": "Data gap detected for BTCUSDT: 120.0s", "mode": "PAPER"}
{"timestamp": "2026-08-14T16:03:46.796456Z", "level": "WARNING", "component": "data_monitor", "message": "Out of order tick for BTCUSDT", "mode": "PAPER"}
{"timestamp": "2026-08-14T16:03:47.014201Z", "level": "WARNING", "component": "data_monitor", "message": "Data gap detected for BTCUSDT: 120.0s", "mode": "PAPER"}
{"timestamp": "2026-08-14T16:03:47.015832Z", "level": "WARNING", "component": "data_monitor", "message": "Out of order tick for BTCUSDT", "mode": "PAPER"}
{"timestamp": "2026-08-14T16:03:47.239732Z", "level": "WARNING", "component": "data_monitor", "message": "Data gap detected for BTCUSDT: 120.0s", "mode": "PAPER"}
{"timestamp": "2026-08-14T16:03:47.250992Z", "level": "WARNING", "component": "data_monitor", "message": "Out of order tick for BTCUSDT", "mode": "PAPER"}
{"timestamp": "2026-08-14T16:03:47.457952Z", "level": "WARNING", "component": "data_monitor", "message": "Data gap detected for BTCUSDT: 120.0s", "mode": "PAPER"}
{"timestamp": "2026-08-14T16:03:47.460881Z", "level": "WARNING", "component": "data_monitor", "message": "Out of order tick for BTCUSDT", "mode": "PAPER"}
{"timestamp": "2026-08-14T16:03:47.667138Z", "level": "WARNING", "component": "data_monitor", "message": "Data gap detected for BTCUSDT: 120.0s", "mode": "PAPER"}
{"timestamp": "2026-08-14T16:03:47.669963Z", "level": "WARNING", "component": "data_monitor", "message": "Out of order tick for BTCUSDT", "mode": "PAPER"}
{"timestamp": "2026-08-14T16:03:47.881194Z", "level": "WARNING", "component": "data_monitor", "message": "Data gap detected for BTCUSDT: 120.0s", "mode": "PAPER"}
{"timestamp": "2026-08-14T16:03:47.884070Z", "level": "WARNING", "component": "data_monitor", "message": "Out of order tick for BTCUSDT", "mode": "PAPER"}
{"timestamp": "2026-08-14T16:03:48.109080Z", "level": "WARNING", "component": "data_monitor", "message": "Data gap detected for BTCUSDT: 120.0s", "mode": "PAPER"}
{"timestamp": "2026-08-14T16:03:48.110961Z", "level": "WARNING", "component": "data_monitor", "message": "Out of order tick for BTCUSDT", "mode": "PAPER"}
{"timestamp": "2026-08-14T16:03:48.329155Z", "level": "WARNING", "component": "data_monitor", "message": "Data gap detected for BTCUSDT: 120.0s", "mode": "PAPER"}
{"timestamp": "2026-08-14T16:03:48.331479Z", "level": "WARNING", "component": "data_monitor", "message": "Out of order tick for BTCUSDT", "mode": "PAPER"}
{"timestamp": "2026-08-14T16:03:48.546909Z", "level": "WARNING", "component": "data_monitor", "message": "Data gap detected for BTCUSDT: 120.0s", "mode": "PAPER"}
{"timestamp": "2026-08-14T16:03:48.548935Z", "level": "WARNING", "component": "data_monitor", "message": "Out of order tick for BTCUSDT", "mode": "PAPER"}
{"timestamp": "2026-08-14T16:03:48.766335Z", "level": "WARNING", "component": "data_monitor", "message": "Data gap detected for BTCUSDT: 120.0s", "mode": "PAPER"}
{"timestamp": "2026-08-14T16:03:48.768007Z", "level": "WARNING", "component": "data_monitor", "message": "Out of order tick for BTCUSDT", "mode": "PAPER"}
{"timestamp": "2026-08-14T16:03:48.978013Z", "level": "WARNING", "component": "data_monitor", "message": "Data gap detected for BTCUSDT: 120.0s", "mode": "PAPER"}
{"timestamp": "2026-08-14T16:03:48.980014Z", "level": "WARNING", "component": "data_monitor", "message": "Out of order tick for BTCUSDT", "mode": "PAPER"}
{"timestamp": "2026-08-14T16:03:49.223036Z", "level": "WARNING", "component": "data_monitor", "message": "Data gap detected for BTCUSDT: 120.0s", "mode": "PAPER"}
{"timestamp": "2026-08-14T16:03:49.225082Z", "level": "WARNING", "component": "data_monitor", "message": "Out of order tick for BTCUSDT", "mode": "PAPER"}
{"timestamp": "2026-08-14T16:03:49.539894Z", "level": "WARNING", "component": "data_monitor", "message": "Data gap detected for BTCUSDT: 120.0s", "mode": "PAPER"}
{"timestamp": "2026-08-14T16:03:49.553093Z", "level": "WARNING", "component": "data_monitor", "message": "Out of order tick for BTCUSDT", "mode": "PAPER"}
{"timestamp": "2026-08-14T16:03:49.766131Z", "level": "WARNING", "component": "data_monitor", "message": "Data gap detected for BTCUSDT: 120.0s", "mode": "PAPER"}
{"timestamp": "2026-08-14T16:03:49.768606Z", "level": "WARNING", "component": "data_monitor", "message": "Out of order tick for BTCUSDT", "mode": "PAPER"}
{"timestamp": "2026-08-14T16:03:49.979095Z", "level": "WARNING", "component": "data_monitor", "message": "Data gap detected for BTCUSDT: 120.0s", "mode": "PAPER"}
{"timestamp": "2026-08-14T16:03:49.981114Z", "level": "WARNING", "component": "data_monitor", "message": "Out of order tick for BTCUSDT", "mode": "PAPER"}
{"timestamp": "2026-08-14T16:03:50.191341Z", "level": "WARNING", "component": "data_monitor", "message": "Data gap detected for BTCUSDT: 120.0s", "mode": "PAPER"}
{"timestamp": "2026-08-14T16:03:50.194064Z", "level": "WARNING", "component": "data_monitor", "message": "Out of order tick for BTCUSDT", "mode": "PAPER"}
{"timestamp": "2026-08-14T16:03:50.413843Z", "level": "WARNING", "component": "data_monitor", "message": "Data gap detected for BTCUSDT: 120.0s", "mode": "PAPER"}
{"timestamp": "2026-08-14T16:03:50.417757Z", "level": "WARNING", "component": "data_monitor", "message": "Out of order tick for BTCUSDT", "mode": "PAPER"}
{"timestamp": "2026-08-14T16:03:50.632094Z", "level": "WARNING", "component": "data_monitor", "message": "Data gap detected for BTCUSDT: 120.0s", "mode": "PAPER"}
{"timestamp": "2026-08-14T16:03:50.634029Z", "level": "WARNING", "component": "data_monitor", "message": "Out of order tick for BTCUSDT", "mode": "PAPER"}
{"timestamp": "2026-08-14T16:03:50.848234Z", "level": "WARNING", "component": "data_monitor", "message": "Data gap detected for BTCUSDT: 120.0s", "mode": "PAPER"}
{"timestamp": "2026-08-14T16:03:50.851459Z", "level": "WARNING", "component": "data_monitor", "message": "Out of order tick for BTCUSDT", "mode": "PAPER"}
{"timestamp": "2026-08-14T16:03:51.065947Z", "level": "WARNING", "component": "data_monitor", "message": "Data gap detected for BTCUSDT: 120.0s", "mode": "PAPER"}
{"timestamp": "2026-08-14T16:03:51.068102Z", "level": "WARNING", "component": "data_monitor", "message": "Out of order tick for BTCUSDT", "mode": "PAPER"}
{"timestamp": "2026-08-14T16:03:51.282007Z", "level": "WARNING", "component": "data_monitor", "message": "Data gap detected for BTCUSDT: 120.0s", "mode": "PAPER"}
{"timestamp": "2026-08-14T16:03:51.284500Z", "level": "WARNING", "component": "data_monitor", "message": "Out of order tick for BTCUSDT", "mode": "PAPER"}
{"timestamp": "2026-08-14T16:03:51.493241Z", "level": "WARNING", "component": "data_monitor", "message": "Data gap detected for BTCUSDT: 120.0s", "mode": "PAPER"}
{"timestamp": "2026-08-14T16:03:51.495584Z", "level": "WARNING", "component": "data_monitor", "message": "Out of order tick for BTCUSDT", "mode": "PAPER"}
{"timestamp": "2026-08-14T16:03:51.716931Z", "level": "WARNING", "component": "data_monitor", "message": "Data gap detected for BTCUSDT: 120.0s", "mode": "PAPER"}
{"timestamp": "2026-08-14T16:03:51.729532Z", "level": "WARNING", "component": "data_monitor", "message": "Out of order tick for BTCUSDT", "mode": "PAPER"}
{"timestamp": "2026-08-14T16:03:51.943069Z", "level": "WARNING", "component": "data_monitor", "message": "Data gap detected for BTCUSDT: 120.0s", "mode": "PAPER"}
{"timestamp": "2026-08-14T16:03:51.945083Z", "level": "WARNING", "component": "data_monitor", "message": "Out of order tick for BTCUSDT", "mode": "PAPER"}
{"timestamp": "2026-08-14T16:03:52.161023Z", "level": "WARNING", "component": "data_monitor", "message": "Data gap detected for BTCUSDT: 120.0s", "mode": "PAPER"}
{"timestamp": "2026-08-14T16:03:52.162825Z", "level": "WARNING", "component": "data_monitor", "message": "Out of order tick for BTCUSDT", "mode": "PAPER"}
{"timestamp": "2026-08-14T16:03:52.368404Z", "level": "WARNING", "component": "data_monitor", "message": "Data gap detected for BTCUSDT: 120.0s", "mode": "PAPER"}
{"timestamp": "2026-08-14T16:03:52.371538Z", "level": "WARNING", "component": "data_monitor", "message": "Out of order tick for BTCUSDT", "mode": "PAPER"}
{"timestamp": "2026-08-14T16:03:52.590560Z", "level": "WARNING", "component": "data_monitor", "message": "Data gap detected for BTCUSDT: 120.0s", "mode": "PAPER"}
{"timestamp": "2026-08-14T16:03:52.592408Z", "level": "WARNING", "component": "data_monitor", "message": "Out of order tick for BTCUSDT", "mode": "PAPER"}
{"timestamp": "2026-08-14T16:03:52.799110Z", "level": "WARNING", "component": "data_monitor", "message": "Data gap detected for BTCUSDT: 120.0s", "mode": "PAPER"}
{"timestamp": "2026-08-14T16:03:52.801848Z", "level": "WARNING", "component": "data_monitor", "message": "Out of order tick for BTCUSDT", "mode": "PAPER"}
{"timestamp": "2026-08-14T16:03:53.008231Z", "level": "WARNING", "component": "data_monitor", "message": "Data gap detected for BTCUSDT: 120.0s", "mode": "PAPER"}
{"timestamp": "2026-08-14T16:03:53.010801Z", "level": "WARNING", "component": "data_monitor", "message": "Out of order tick for BTCUSDT", "mode": "PAPER"}
{"timestamp": "2026-08-14T16:03:53.229245Z", "level": "WARNING", "component": "data_monitor", "message": "Data gap detected for BTCUSDT: 120.0s", "mode": "PAPER"}
{"timestamp": "2026-08-14T16:03:53.231319Z", "level": "WARNING", "component": "data_monitor", "message": "Out of order tick for BTCUSDT", "mode": "PAPER"}
{"timestamp": "2026-08-14T16:03:53.447879Z", "level": "WARNING", "component": "data_monitor", "message": "Data gap detected for BTCUSDT: 120.0s", "mode": "PAPER"}
{"timestamp": "2026-08-14T16:03:53.450427Z", "level": "WARNING", "component": "data_monitor", "message": "Out of order tick for BTCUSDT", "mode": "PAPER"}
{"timestamp": "2026-08-14T16:03:53.670148Z", "level": "WARNING", "component": "data_monitor", "message": "Data gap detected for BTCUSDT: 120.0s", "mode": "PAPER"}
{"timestamp": "2026-08-14T16:03:53.671997Z", "level": "WARNING", "component": "data_monitor", "message": "Out of order tick for BTCUSDT", "mode": "PAPER"}
{"timestamp": "2026-08-14T16:03:53.877381Z", "level": "WARNING", "component": "data_monitor", "message": "Data gap detected for BTCUSDT: 120.0s", "mode": "PAPER"}
{"timestamp": "2026-08-14T16:03:53.893331Z", "level": "WARNING", "component": "data_monitor", "message": "Out of order tick for BTCUSDT", "mode": "PAPER"}
{"timestamp": "2026-08-14T16:03:54.105091Z", "level": "WARNING", "component": "data_monitor", "message": "Data gap detected for BTCUSDT: 120.0s", "mode": "PAPER"}
{"timestamp": "2026-08-14T16:03:54.107556Z", "level": "WARNING", "component": "data_monitor", "message": "Out of order tick for BTCUSDT", "mode": "PAPER"}
{"timestamp": "2026-08-14T16:03:54.315289Z", "level": "WARNING", "component": "data_monitor", "message": "Data gap detected for BTCUSDT: 120.0s", "mode": "PAPER"}
{"timestamp": "2026-08-14T16:03:54.318219Z", "level": "WARNING", "component": "data_monitor", "message": "Out of order tick for BTCUSDT", "mode": "PAPER"}
{"timestamp": "2026-08-14T16:03:54.538223Z", "level": "WARNING", "component": "data_monitor", "message": "Data gap detected for BTCUSDT: 120.0s", "mode": "PAPER"}
{"timestamp": "2026-08-14T16:03:54.541044Z", "level": "WARNING", "component": "data_monitor", "message": "Out of order tick for BTCUSDT", "mode": "PAPER"}
{"timestamp": "2026-08-14T16:03:54.763830Z", "level": "WARNING", "component": "data_monitor", "message": "Data gap detected for BTCUSDT: 120.0s", "mode": "PAPER"}
{"timestamp": "2026-08-14T16:03:54.764920Z", "level": "WARNING", "component": "data_monitor", "message": "Out of order tick for BTCUSDT", "mode": "PAPER"}
{"timestamp": "2026-08-14T16:03:54.981397Z", "level": "WARNING", "component": "data_monitor", "message": "Data gap detected for BTCUSDT: 120.0s", "mode": "PAPER"}
{"timestamp": "2026-08-14T16:03:54.983508Z", "level": "WARNING", "component": "data_monitor", "message": "Out of order tick for BTCUSDT", "mode": "PAPER"}
{"timestamp": "2026-08-14T16:03:55.193128Z", "level": "WARNING", "component": "data_monitor", "message": "Data gap detected for BTCUSDT: 120.0s", "mode": "PAPER"}
{"timestamp": "2026-08-14T16:03:55.194929Z", "level": "WARNING", "component": "data_monitor", "message": "Out of order tick for BTCUSDT", "mode": "PAPER"}
{"timestamp": "2026-08-14T16:03:55.416826Z", "level": "WARNING", "component": "data_monitor", "message": "Data gap detected for BTCUSDT: 120.0s", "mode": "PAPER"}
{"timestamp": "2026-08-14T16:03:55.419566Z", "level": "WARNING", "component": "data_monitor", "message": "Out of order tick for BTCUSDT", "mode": "PAPER"}
{"timestamp": "2026-08-14T16:03:55.631698Z", "level": "WARNING", "component": "data_monitor", "message": "Data gap detected for BTCUSDT: 120.0s", "mode": "PAPER"}
{"timestamp": "2026-08-14T16:03:55.633996Z", "level": "WARNING", "component": "data_monitor", "message": "Out of order tick for BTCUSDT", "mode": "PAPER"}
{"timestamp": "2026-08-14T16:03:55.841439Z", "level": "WARNING", "component": "data_monitor", "message": "Data gap detected for BTCUSDT: 120.0s", "mode": "PAPER"}
{"timestamp": "2026-08-14T16:03:55.844019Z", "level": "WARNING", "component": "data_monitor", "message": "Out of order tick for BTCUSDT", "mode": "PAPER"}
{"timestamp": "2026-08-14T16:03:56.057949Z", "level": "WARNING", "component": "data_monitor", "message": "Data gap detected for BTCUSDT: 120.0s", "mode": "PAPER"}
{"timestamp": "2026-08-14T16:03:56.072507Z", "level": "WARNING", "component": "data_monitor", "message": "Out of order tick for BTCUSDT", "mode": "PAPER"}
{"timestamp": "2026-08-14T16:03:56.289059Z", "level": "WARNING", "component": "data_monitor", "message": "Data gap detected for BTCUSDT: 120.0s", "mode": "PAPER"}
{"timestamp": "2026-08-14T16:03:56.291869Z", "level": "WARNING", "component": "data_monitor", "message": "Out of order tick for BTCUSDT", "mode": "PAPER"}
{"timestamp": "2026-08-14T16:03:56.512881Z", "level": "WARNING", "component": "data_monitor", "message": "Data gap detected for BTCUSDT: 120.0s", "mode": "PAPER"}
{"timestamp": "2026-08-14T16:03:56.514484Z", "level": "WARNING", "component": "data_monitor", "message": "Out of order tick for BTCUSDT", "mode": "PAPER"}
{"timestamp": "2026-08-14T16:03:56.728817Z", "level": "WARNING", "component": "data_monitor", "message": "Data gap detected for BTCUSDT: 120.0s", "mode": "PAPER"}
{"timestamp": "2026-08-14T16:03:56.730679Z", "level": "WARNING", "component": "data_monitor", "message": "Out of order tick for BTCUSDT", "mode": "PAPER"}
{"timestamp": "2026-08-14T16:03:56.959043Z", "level": "WARNING", "component": "data_monitor", "message": "Data gap detected for BTCUSDT: 120.0s", "mode": "PAPER"}
{"timestamp": "2026-08-14T16:03:56.961155Z", "level": "WARNING", "component": "data_monitor", "message": "Out of order tick for BTCUSDT", "mode": "PAPER"}
{"timestamp": "2026-08-14T16:03:57.181943Z", "level": "WARNING", "component": "data_monitor", "message": "Data gap detected for BTCUSDT: 120.0s", "mode": "PAPER"}
{"timestamp": "2026-08-14T16:03:57.184637Z", "level": "WARNING", "component": "data_monitor", "message": "Out of order tick for BTCUSDT", "mode": "PAPER"}
{"timestamp": "2026-08-14T16:03:57.400975Z", "level": "WARNING", "component": "data_monitor", "message": "Data gap detected for BTCUSDT: 120.0s", "mode": "PAPER"}
{"timestamp": "2026-08-14T16:03:57.403097Z", "level": "WARNING", "component": "data_monitor", "message": "Out of order tick for BTCUSDT", "mode": "PAPER"}
{"timestamp": "2026-08-14T16:03:57.629926Z", "level": "WARNING", "component": "data_monitor", "message": "Data gap detected for BTCUSDT: 120.0s", "mode": "PAPER"}
{"timestamp": "2026-08-14T16:03:57.631309Z", "level": "WARNING", "component": "data_monitor", "message": "Out of order tick for BTCUSDT", "mode": "PAPER"}
{"timestamp": "2026-08-14T16:03:57.847152Z", "level": "WARNING", "component": "data_monitor", "message": "Data gap detected for BTCUSDT: 120.0s", "mode": "PAPER"}
{"timestamp": "2026-08-14T16:03:57.849961Z", "level": "WARNING", "component": "data_monitor", "message": "Out of order tick for BTCUSDT", "mode": "PAPER"}
{"timestamp": "2026-08-14T16:03:58.063611Z", "level": "WARNING", "component": "data_monitor", "message": "Data gap detected for BTCUSDT: 120.0s", "mode": "PAPER"}
{"timestamp": "2026-08-14T16:03:58.065049Z", "level": "WARNING", "component": "data_monitor", "message": "Out of order tick for BTCUSDT", "mode": "PAPER"}
{"timestamp": "2026-08-14T16:03:58.276127Z", "level": "WARNING", "component": "data_monitor", "message": "Data gap detected for BTCUSDT: 120.0s", "mode": "PAPER"}
{"timestamp": "2026-08-14T16:03:58.287289Z", "level": "WARNING", "component": "data_monitor", "message": "Out of order tick for BTCUSDT", "mode": "PAPER"}
{"timestamp": "2026-08-14T16:03:58.498168Z", "level": "WARNING", "component": "data_monitor", "message": "Data gap detected for BTCUSDT: 120.0s", "mode": "PAPER"}
{"timestamp": "2026-08-14T16:03:58.502147Z", "level": "WARNING", "component": "data_monitor", "message": "Out of order tick for BTCUSDT", "mode": "PAPER"}
{"timestamp": "2026-08-14T16:03:58.713644Z", "level": "WARNING", "component": "data_monitor", "message": "Data gap detected for BTCUSDT: 120.0s", "mode": "PAPER"}
{"timestamp": "2026-08-14T16:03:58.715707Z", "level": "WARNING", "component": "data_monitor", "message": "Out of order tick for BTCUSDT", "mode": "PAPER"}
{"timestamp": "2026-08-14T16:03:58.920962Z", "level": "WARNING", "component": "data_monitor", "message": "Data gap detected for BTCUSDT: 120.0s", "mode": "PAPER"}
{"timestamp": "2026-08-14T16:03:58.923465Z", "level": "WARNING", "component": "data_monitor", "message": "Out of order tick for BTCUSDT", "mode": "PAPER"}
{"timestamp": "2026-08-14T16:03:59.159807Z", "level": "WARNING", "component": "data_monitor", "message": "Data gap detected for BTCUSDT: 120.0s", "mode": "PAPER"}
{"timestamp": "2026-08-14T16:03:59.161851Z", "level": "WARNING", "component": "data_monitor", "message": "Out of order tick for BTCUSDT", "mode": "PAPER"}
{"timestamp": "2026-08-14T16:03:59.417908Z", "level": "WARNING", "component": "data_monitor", "message": "Data gap detected for BTCUSDT: 120.0s", "mode": "PAPER"}
{"timestamp": "2026-08-14T16:03:59.420709Z", "level": "WARNING", "component": "data_monitor", "message": "Out of order tick for BTCUSDT", "mode": "PAPER"}
{"timestamp": "2026-08-14T16:03:59.686148Z", "level": "WARNING", "component": "data_monitor", "message": "Data gap detected for BTCUSDT: 120.0s", "mode": "PAPER"}
{"timestamp": "2026-08-14T16:03:59.687937Z", "level": "WARNING", "component": "data_monitor", "message": "Out of order tick for BTCUSDT", "mode": "PAPER"}
{"timestamp": "2026-08-14T16:03:59.903692Z", "level": "WARNING", "component": "data_monitor", "message": "Data gap detected for BTCUSDT: 120.0s", "mode": "PAPER"}
{"timestamp": "2026-08-14T16:03:59.905774Z", "level": "WARNING", "component": "data_monitor", "message": "Out of order tick for BTCUSDT", "mode": "PAPER"}
{"timestamp": "2026-08-14T16:04:00.116787Z", "level": "WARNING", "component": "data_monitor", "message": "Data gap detected for BTCUSDT: 120.0s", "mode": "PAPER"}
{"timestamp": "2026-08-14T16:04:00.119068Z", "level": "WARNING", "component": "data_monitor", "message": "Out of order tick for BTCUSDT", "mode": "PAPER"}
{"timestamp": "2026-08-14T16:04:00.334895Z", "level": "WARNING", "component": "data_monitor", "message": "Data gap detected for BTCUSDT: 120.0s", "mode": "PAPER"}
{"timestamp": "2026-08-14T16:04:00.337287Z", "level": "WARNING", "component": "data_monitor", "message": "Out of order tick for BTCUSDT", "mode": "PAPER"}
{"timestamp": "2026-08-14T16:04:00.549789Z", "level": "WARNING", "component": "data_monitor", "message": "Data gap detected for BTCUSDT: 120.0s", "mode": "PAPER"}
{"timestamp": "2026-08-14T16:04:00.564915Z", "level": "WARNING", "component": "data_monitor", "message": "Out of order tick for BTCUSDT", "mode": "PAPER"}
{"timestamp": "2026-08-14T16:04:00.777951Z", "level": "WARNING", "component": "data_monitor", "message": "Data gap detected for BTCUSDT: 120.0s", "mode": "PAPER"}
{"timestamp": "2026-08-14T16:04:00.780370Z", "level": "WARNING", "component": "data_monitor", "message": "Out of order tick for BTCUSDT", "mode": "PAPER"}
{"timestamp": "2026-08-14T16:04:00.987025Z", "level": "WARNING", "component": "data_monitor", "message": "Data gap detected for BTCUSDT: 120.0s", "mode": "PAPER"}
{"timestamp": "2026-08-14T16:04:00.989020Z", "level": "WARNING", "component": "data_monitor", "message": "Out of order tick for BTCUSDT", "mode": "PAPER"}
{"timestamp": "2026-08-14T16:04:01.194800Z", "level": "WARNING", "component": "data_monitor", "message": "Data gap detected for BTCUSDT: 120.0s", "mode": "PAPER"}
{"timestamp": "2026-08-14T16:04:01.196735Z", "level": "WARNING", "component": "data_monitor", "message": "Out of order tick for BTCUSDT", "mode": "PAPER"}
{"timestamp": "2026-08-14T16:04:01.420884Z", "level": "WARNING", "component": "data_monitor", "message": "Data gap detected for BTCUSDT: 120.0s", "mode": "PAPER"}
{"timestamp": "2026-08-14T16:04:01.423990Z", "level": "WARNING", "component": "data_monitor", "message": "Out of order tick for BTCUSDT", "mode": "PAPER"}
{"timestamp": "2026-08-14T16:04:01.629659Z", "level": "WARNING", "component": "data_monitor", "message": "Data gap detected for BTCUSDT: 120.0s", "mode": "PAPER"}
{"timestamp": "2026-08-14T16:04:01.631848Z", "level": "WARNING", "component": "data_monitor", "message": "Out of order tick for BTCUSDT", "mode": "PAPER"}
{"timestamp": "2026-08-14T16:04:01.855738Z", "level": "WARNING", "component": "data_monitor", "message": "Data gap detected for BTCUSDT: 120.0s", "mode": "PAPER"}
{"timestamp": "2026-08-14T16:04:01.857599Z", "level": "WARNING", "component": "data_monitor", "message": "Out of order tick for BTCUSDT", "mode": "PAPER"}
{"timestamp": "2026-08-14T16:04:02.075903Z", "level": "WARNING", "component": "data_monitor", "message": "Data gap detected for BTCUSDT: 120.0s", "mode": "PAPER"}
{"timestamp": "2026-08-14T16:04:02.078303Z", "level": "WARNING", "component": "data_monitor", "message": "Out of order tick for BTCUSDT", "mode": "PAPER"}
{"timestamp": "2026-08-14T16:04:02.286714Z", "level": "WARNING", "component": "data_monitor", "message": "Data gap detected for BTCUSDT: 120.0s", "mode": "PAPER"}
{"timestamp": "2026-08-14T16:04:02.288990Z", "level": "WARNING", "component": "data_monitor", "message": "Out of order tick for BTCUSDT", "mode": "PAPER"}
{"timestamp": "2026-08-14T16:04:02.497870Z", "level": "WARNING", "component": "data_monitor", "message": "Data gap detected for BTCUSDT: 120.0s", "mode": "PAPER"}
{"timestamp": "2026-08-14T16:04:02.499933Z", "level": "WARNING", "component": "data_monitor", "message": "Out of order tick for BTCUSDT", "mode": "PAPER"}
{"timestamp": "2026-08-14T16:04:02.708732Z", "level": "WARNING", "component": "data_monitor", "message": "Data gap detected for BTCUSDT: 120.0s", "mode": "PAPER"}
{"timestamp": "2026-08-14T16:04:02.721311Z", "level": "WARNING", "component": "data_monitor", "message": "Out of order tick for BTCUSDT", "mode": "PAPER"}
{"timestamp": "2026-08-14T16:04:02.931552Z", "level": "WARNING", "component": "data_monitor", "message": "Data gap detected for BTCUSDT: 120.0s", "mode": "PAPER"}
{"timestamp": "2026-08-14T16:04:02.934729Z", "level": "WARNING", "component": "data_monitor", "message": "Out of order tick for BTCUSDT", "mode": "PAPER"}
{"timestamp": "2026-08-14T16:04:03.157945Z", "level": "WARNING", "component": "data_monitor", "message": "Data gap detected for BTCUSDT: 120.0s", "mode": "PAPER"}
{"timestamp": "2026-08-14T16:04:03.160673Z", "level": "WARNING", "component": "data_monitor", "message": "Out of order tick for BTCUSDT", "mode": "PAPER"}
{"timestamp": "2026-08-14T16:04:03.364945Z", "level": "WARNING", "component": "data_monitor", "message": "Data gap detected for BTCUSDT: 120.0s", "mode": "PAPER"}
{"timestamp": "2026-08-14T16:04:03.368051Z", "level": "WARNING", "component": "data_monitor", "message": "Out of order tick for BTCUSDT", "mode": "PAPER"}
{"timestamp": "2026-08-14T16:04:03.594797Z", "level": "WARNING", "component": "data_monitor", "message": "Data gap detected for BTCUSDT: 120.0s", "mode": "PAPER"}
{"timestamp": "2026-08-14T16:04:03.596848Z", "level": "WARNING", "component": "data_monitor", "message": "Out of order tick for BTCUSDT", "mode": "PAPER"}
{"timestamp": "2026-08-14T16:04:03.805960Z", "level": "WARNING", "component": "data_monitor", "message": "Data gap detected for BTCUSDT: 120.0s", "mode": "PAPER"}
{"timestamp": "2026-08-14T16:04:03.808723Z", "level": "WARNING", "component": "data_monitor", "message": "Out of order tick for BTCUSDT", "mode": "PAPER"}
{"timestamp": "2026-08-14T16:04:04.015049Z", "level": "WARNING", "component": "data_monitor", "message": "Data gap detected for BTCUSDT: 120.0s", "mode": "PAPER"}
{"timestamp": "2026-08-14T16:04:04.017176Z", "level": "WARNING", "component": "data_monitor", "message": "Out of order tick for BTCUSDT", "mode": "PAPER"}
{"timestamp": "2026-08-14T16:04:04.235823Z", "level": "WARNING", "component": "data_monitor", "message": "Data gap detected for BTCUSDT: 120.0s", "mode": "PAPER"}
{"timestamp": "2026-08-14T16:04:04.238584Z", "level": "WARNING", "component": "data_monitor", "message": "Out of order tick for BTCUSDT", "mode": "PAPER"}
{"timestamp": "2026-08-14T16:04:04.459420Z", "level": "WARNING", "component": "data_monitor", "message": "Data gap detected for BTCUSDT: 120.0s", "mode": "PAPER"}
{"timestamp": "2026-08-14T16:04:04.461412Z", "level": "WARNING", "component": "data_monitor", "message": "Out of order tick for BTCUSDT", "mode": "PAPER"}
{"timestamp": "2026-08-14T16:04:04.672057Z", "level": "WARNING", "component": "data_monitor", "message": "Data gap detected for BTCUSDT: 120.0s", "mode": "PAPER"}
{"timestamp": "2026-08-14T16:04:04.674859Z", "level": "WARNING", "component": "data_monitor", "message": "Out of order tick for BTCUSDT", "mode": "PAPER"}
{"timestamp": "2026-08-14T16:04:04.880880Z", "level": "WARNING", "component": "data_monitor", "message": "Data gap detected for BTCUSDT: 120.0s", "mode": "PAPER"}
{"timestamp": "2026-08-14T16:04:04.895059Z", "level": "WARNING", "component": "data_monitor", "message": "Out of order tick for BTCUSDT", "mode": "PAPER"}
{"timestamp": "2026-08-14T16:04:05.103401Z", "level": "WARNING", "component": "data_monitor", "message": "Data gap detected for BTCUSDT: 120.0s", "mode": "PAPER"}
{"timestamp": "2026-08-14T16:04:05.105997Z", "level": "WARNING", "component": "data_monitor", "message": "Out of order tick for BTCUSDT", "mode": "PAPER"}
{"timestamp": "2026-08-14T16:04:05.315966Z", "level": "WARNING", "component": "data_monitor", "message": "Data gap detected for BTCUSDT: 120.0s", "mode": "PAPER"}
{"timestamp": "2026-08-14T16:04:05.317463Z", "level": "WARNING", "component": "data_monitor", "message": "Out of order tick for BTCUSDT", "mode": "PAPER"}
{"timestamp": "2026-08-14T16:04:05.530707Z", "level": "WARNING", "component": "data_monitor", "message": "Data gap detected for BTCUSDT: 120.0s", "mode": "PAPER"}
{"timestamp": "2026-08-14T16:04:05.532870Z", "level": "WARNING", "component": "data_monitor", "message": "Out of order tick for BTCUSDT", "mode": "PAPER"}
{"timestamp": "2026-08-14T16:04:05.754754Z", "level": "WARNING", "component": "data_monitor", "message": "Data gap detected for BTCUSDT: 120.0s", "mode": "PAPER"}
{"timestamp": "2026-08-14T16:04:05.756567Z", "level": "WARNING", "component": "data_monitor", "message": "Out of order tick for BTCUSDT", "mode": "PAPER"}
{"timestamp": "2026-08-14T16:04:05.963540Z", "level": "WARNING", "component": "data_monitor", "message": "Data gap detected for BTCUSDT: 120.0s", "mode": "PAPER"}
{"timestamp": "2026-08-14T16:04:05.968054Z", "level": "WARNING", "component": "data_monitor", "message": "Out of order tick for BTCUSDT", "mode": "PAPER"}
{"timestamp": "2026-08-14T16:04:06.170416Z", "level": "WARNING", "component": "data_monitor", "message": "Data gap detected for BTCUSDT: 120.0s", "mode": "PAPER"}
{"timestamp": "2026-08-14T16:04:06.173044Z", "level": "WARNING", "component": "data_monitor", "message": "Out of order tick for BTCUSDT", "mode": "PAPER"}
{"timestamp": "2026-08-14T16:04:06.396994Z", "level": "WARNING", "component": "data_monitor", "message": "Data gap detected for BTCUSDT: 120.0s", "mode": "PAPER"}
{"timestamp": "2026-08-14T16:04:06.400139Z", "level": "WARNING", "component": "data_monitor", "message": "Out of order tick for BTCUSDT", "mode": "PAPER"}
{"timestamp": "2026-08-14T16:04:06.604592Z", "level": "WARNING", "component": "data_monitor", "message": "Data gap detected for BTCUSDT: 120.0s", "mode": "PAPER"}
{"timestamp": "2026-08-14T16:04:06.606062Z", "level": "WARNING", "component": "data_monitor", "message": "Out of order tick for BTCUSDT", "mode": "PAPER"}
{"timestamp": "2026-08-14T16:04:06.811788Z", "level": "WARNING", "component": "data_monitor", "message": "Data gap detected for BTCUSDT: 120.0s", "mode": "PAPER"}
{"timestamp": "2026-08-14T16:04:06.813981Z", "level": "WARNING", "component": "data_monitor", "message": "Out of order tick for BTCUSDT", "mode": "PAPER"}
{"timestamp": "2026-08-14T16:04:07.022729Z", "level": "WARNING", "component": "data_monitor", "message": "Data gap detected for BTCUSDT: 120.0s", "mode": "PAPER"}
{"timestamp": "2026-08-14T16:04:07.035365Z", "level": "WARNING", "component": "data_monitor", "message": "Out of order tick for BTCUSDT", "mode": "PAPER"}
{"timestamp": "2026-08-14T16:04:07.250997Z", "level": "WARNING", "component": "data_monitor", "message": "Data gap detected for BTCUSDT: 120.0s", "mode": "PAPER"}
{"timestamp": "2026-08-14T16:04:07.252595Z", "level": "WARNING", "component": "data_monitor", "message": "Out of order tick for BTCUSDT", "mode": "PAPER"}
{"timestamp": "2026-08-14T16:04:07.460863Z", "level": "WARNING", "component": "data_monitor", "message": "Data gap detected for BTCUSDT: 120.0s", "mode": "PAPER"}
{"timestamp": "2026-08-14T16:04:07.463431Z", "level": "WARNING", "component": "data_monitor", "message": "Out of order tick for BTCUSDT", "mode": "PAPER"}
{"timestamp": "2026-08-14T16:04:07.668779Z", "level": "WARNING", "component": "data_monitor", "message": "Data gap detected for BTCUSDT: 120.0s", "mode": "PAPER"}
{"timestamp": "2026-08-14T16:04:07.671848Z", "level": "WARNING", "component": "data_monitor", "message": "Out of order tick for BTCUSDT", "mode": "PAPER"}
{"timestamp": "2026-08-14T16:04:07.893793Z", "level": "WARNING", "component": "data_monitor", "message": "Data gap detected for BTCUSDT: 120.0s", "mode": "PAPER"}
{"timestamp": "2026-08-14T16:04:07.896514Z", "level": "WARNING", "component": "data_monitor", "message": "Out of order tick for BTCUSDT", "mode": "PAPER"}
{"timestamp": "2026-08-14T16:04:08.101803Z", "level": "WARNING", "component": "data_monitor", "message": "Data gap detected for BTCUSDT: 120.0s", "mode": "PAPER"}
{"timestamp": "2026-08-14T16:04:08.104884Z", "level": "WARNING", "component": "data_monitor", "message": "Out of order tick for BTCUSDT", "mode": "PAPER"}
{"timestamp": "2026-08-14T16:04:08.313170Z", "level": "WARNING", "component": "data_monitor", "message": "Data gap detected for BTCUSDT: 120.0s", "mode": "PAPER"}
{"timestamp": "2026-08-14T16:04:08.316324Z", "level": "WARNING", "component": "data_monitor", "message": "Out of order tick for BTCUSDT", "mode": "PAPER"}
{"timestamp": "2026-08-14T16:04:08.543609Z", "level": "WARNING", "component": "data_monitor", "message": "Data gap detected for BTCUSDT: 120.0s", "mode": "PAPER"}
{"timestamp": "2026-08-14T16:04:08.545156Z", "level": "WARNING", "component": "data_monitor", "message": "Out of order tick for BTCUSDT", "mode": "PAPER"}
{"timestamp": "2026-08-14T16:04:08.752699Z", "level": "WARNING", "component": "data_monitor", "message": "Data gap detected for BTCUSDT: 120.0s", "mode": "PAPER"}
{"timestamp": "2026-08-14T16:04:08.754775Z", "level": "WARNING", "component": "data_monitor", "message": "Out of order tick for BTCUSDT", "mode": "PAPER"}
{"timestamp": "2026-08-14T16:04:08.959654Z", "level": "WARNING", "component": "data_monitor", "message": "Data gap detected for BTCUSDT: 120.0s", "mode": "PAPER"}
{"timestamp": "2026-08-14T16:04:08.961918Z", "level": "WARNING", "component": "data_monitor", "message": "Out of order tick for BTCUSDT", "mode": "PAPER"}
{"timestamp": "2026-08-14T16:04:09.170578Z", "level": "WARNING", "component": "data_monitor", "message": "Data gap detected for BTCUSDT: 120.0s", "mode": "PAPER"}
{"timestamp": "2026-08-14T16:04:09.184620Z", "level": "WARNING", "component": "data_monitor", "message": "Out of order tick for BTCUSDT", "mode": "PAPER"}
{"timestamp": "2026-08-14T16:04:09.397777Z", "level": "WARNING", "component": "data_monitor", "message": "Data gap detected for BTCUSDT: 120.0s", "mode": "PAPER"}
{"timestamp": "2026-08-14T16:04:09.400294Z", "level": "WARNING", "component": "data_monitor", "message": "Out of order tick for BTCUSDT", "mode": "PAPER"}
{"timestamp": "2026-08-14T16:04:09.611706Z", "level": "WARNING", "component": "data_monitor", "message": "Data gap detected for BTCUSDT: 120.0s", "mode": "PAPER"}
{"timestamp": "2026-08-14T16:04:09.613786Z", "level": "WARNING", "component": "data_monitor", "message": "Out of order tick for BTCUSDT", "mode": "PAPER"}
{"timestamp": "2026-08-14T16:04:09.816617Z", "level": "WARNING", "component": "data_monitor", "message": "Data gap detected for BTCUSDT: 120.0s", "mode": "PAPER"}
{"timestamp": "2026-08-14T16:04:09.819765Z", "level": "WARNING", "component": "data_monitor", "message": "Out of order tick for BTCUSDT", "mode": "PAPER"}
{"timestamp": "2026-08-14T16:04:10.042733Z", "level": "WARNING", "component": "data_monitor", "message": "Data gap detected for BTCUSDT: 120.0s", "mode": "PAPER"}
{"timestamp": "2026-08-14T16:04:10.044715Z", "level": "WARNING", "component": "data_monitor", "message": "Out of order tick for BTCUSDT", "mode": "PAPER"}
{"timestamp": "2026-08-14T16:04:10.305731Z", "level": "WARNING", "component": "data_monitor", "message": "Data gap detected for BTCUSDT: 120.0s", "mode": "PAPER"}
{"timestamp": "2026-08-14T16:04:10.308243Z", "level": "WARNING", "component": "data_monitor", "message": "Out of order tick for BTCUSDT", "mode": "PAPER"}
{"timestamp": "2026-08-14T16:04:10.553589Z", "level": "WARNING", "component": "data_monitor", "message": "Data gap detected for BTCUSDT: 120.0s", "mode": "PAPER"}
{"timestamp": "2026-08-14T16:04:10.554844Z", "level": "WARNING", "component": "data_monitor", "message": "Out of order tick for BTCUSDT", "mode": "PAPER"}
{"timestamp": "2026-08-14T16:04:10.780567Z", "level": "WARNING", "component": "data_monitor", "message": "Data gap detected for BTCUSDT: 120.0s", "mode": "PAPER"}
{"timestamp": "2026-08-14T16:04:10.783402Z", "level": "WARNING", "component": "data_monitor", "message": "Out of order tick for BTCUSDT", "mode": "PAPER"}
{"timestamp": "2026-08-14T16:04:10.990964Z", "level": "WARNING", "component": "data_monitor", "message": "Data gap detected for BTCUSDT: 120.0s", "mode": "PAPER"}
{"timestamp": "2026-08-14T16:04:10.992267Z", "level": "WARNING", "component": "data_monitor", "message": "Out of order tick for BTCUSDT", "mode": "PAPER"}
{"timestamp": "2026-08-14T16:04:11.201732Z", "level": "WARNING", "component": "data_monitor", "message": "Data gap detected for BTCUSDT: 120.0s", "mode": "PAPER"}
{"timestamp": "2026-08-14T16:04:11.203842Z", "level": "WARNING", "component": "data_monitor", "message": "Out of order tick for BTCUSDT", "mode": "PAPER"}
{"timestamp": "2026-08-14T16:04:11.413460Z", "level": "WARNING", "component": "data_monitor", "message": "Data gap detected for BTCUSDT: 120.0s", "mode": "PAPER"}
{"timestamp": "2026-08-14T16:04:11.426342Z", "level": "WARNING", "component": "data_monitor", "message": "Out of order tick for BTCUSDT", "mode": "PAPER"}
{"timestamp": "2026-08-14T16:04:11.639765Z", "level": "WARNING", "component": "data_monitor", "message": "Data gap detected for BTCUSDT: 120.0s", "mode": "PAPER"}
{"timestamp": "2026-08-14T16:04:11.641940Z", "level": "WARNING", "component": "data_monitor", "message": "Out of order tick for BTCUSDT", "mode": "PAPER"}
{"timestamp": "2026-08-14T16:04:11.851657Z", "level": "WARNING", "component": "data_monitor", "message": "Data gap detected for BTCUSDT: 120.0s", "mode": "PAPER"}
{"timestamp": "2026-08-14T16:04:11.852974Z", "level": "WARNING", "component": "data_monitor", "message": "Out of order tick for BTCUSDT", "mode": "PAPER"}
{"timestamp": "2026-08-14T16:04:12.056632Z", "level": "WARNING", "component": "data_monitor", "message": "Data gap detected for BTCUSDT: 120.0s", "mode": "PAPER"}
{"timestamp": "2026-08-14T16:04:12.059420Z", "level": "WARNING", "component": "data_monitor", "message": "Out of order tick for BTCUSDT", "mode": "PAPER"}
{"timestamp": "2026-08-14T16:04:12.280678Z", "level": "WARNING", "component": "data_monitor", "message": "Data gap detected for BTCUSDT: 120.0s", "mode": "PAPER"}
{"timestamp": "2026-08-14T16:04:12.282721Z", "level": "WARNING", "component": "data_monitor", "message": "Out of order tick for BTCUSDT", "mode": "PAPER"}
{"timestamp": "2026-08-14T16:04:12.491193Z", "level": "WARNING", "component": "data_monitor", "message": "Data gap detected for BTCUSDT: 120.0s", "mode": "PAPER"}
{"timestamp": "2026-08-14T16:04:12.493135Z", "level": "WARNING", "component": "data_monitor", "message": "Out of order tick for BTCUSDT", "mode": "PAPER"}
{"timestamp": "2026-08-14T16:04:12.740680Z", "level": "WARNING", "component": "data_monitor", "message": "Data gap detected for BTCUSDT: 120.0s", "mode": "PAPER"}
{"timestamp": "2026-08-14T16:04:12.743261Z", "level": "WARNING", "component": "data_monitor", "message": "Out of order tick for BTCUSDT", "mode": "PAPER"}
{"timestamp": "2026-08-14T16:04:12.960873Z", "level": "WARNING", "component": "data_monitor", "message": "Data gap detected for BTCUSDT: 120.0s", "mode": "PAPER"}
{"timestamp": "2026-08-14T16:04:12.962475Z", "level": "WARNING", "component": "data_monitor", "message": "Out of order tick for BTCUSDT", "mode": "PAPER"}
{"timestamp": "2026-08-14T16:04:13.172676Z", "level": "WARNING", "component": "data_monitor", "message": "Data gap detected for BTCUSDT: 120.0s", "mode": "PAPER"}
{"timestamp": "2026-08-14T16:04:13.174519Z", "level": "WARNING", "component": "data_monitor", "message": "Out of order tick for BTCUSDT", "mode": "PAPER"}
{"timestamp": "2026-08-14T16:04:13.383128Z", "level": "WARNING", "component": "data_monitor", "message": "Data gap detected for BTCUSDT: 120.0s", "mode": "PAPER"}
{"timestamp": "2026-08-14T16:04:13.385126Z", "level": "WARNING", "component": "data_monitor", "message": "Out of order tick for BTCUSDT", "mode": "PAPER"}
{"timestamp": "2026-08-14T16:04:13.596891Z", "level": "WARNING", "component": "data_monitor", "message": "Data gap detected for BTCUSDT: 120.0s", "mode": "PAPER"}
{"timestamp": "2026-08-14T16:04:13.611849Z", "level": "WARNING", "component": "data_monitor", "message": "Out of order tick for BTCUSDT", "mode": "PAPER"}
{"timestamp": "2026-08-14T16:04:13.819975Z", "level": "WARNING", "component": "data_monitor", "message": "Data gap detected for BTCUSDT: 120.0s", "mode": "PAPER"}
{"timestamp": "2026-08-14T16:04:13.821520Z", "level": "WARNING", "component": "data_monitor", "message": "Out of order tick for BTCUSDT", "mode": "PAPER"}
{"timestamp": "2026-08-14T16:04:14.034530Z", "level": "WARNING", "component": "data_monitor", "message": "Data gap detected for BTCUSDT: 120.0s", "mode": "PAPER"}
{"timestamp": "2026-08-14T16:04:14.036431Z", "level": "WARNING", "component": "data_monitor", "message": "Out of order tick for BTCUSDT", "mode": "PAPER"}
{"timestamp": "2026-08-14T16:04:14.242427Z", "level": "WARNING", "component": "data_monitor", "message": "Data gap detected for BTCUSDT: 120.0s", "mode": "PAPER"}
{"timestamp": "2026-08-14T16:04:14.244516Z", "level": "WARNING", "component": "data_monitor", "message": "Out of order tick for BTCUSDT", "mode": "PAPER"}
{"timestamp": "2026-08-14T16:04:14.468558Z", "level": "WARNING", "component": "data_monitor", "message": "Data gap detected for BTCUSDT: 120.0s", "mode": "PAPER"}
{"timestamp": "2026-08-14T16:04:14.472295Z", "level": "WARNING", "component": "data_monitor", "message": "Out of order tick for BTCUSDT", "mode": "PAPER"}
{"timestamp": "2026-08-14T16:04:14.678450Z", "level": "WARNING", "component": "data_monitor", "message": "Data gap detected for BTCUSDT: 120.0s", "mode": "PAPER"}
{"timestamp": "2026-08-14T16:04:14.681059Z", "level": "WARNING", "component": "data_monitor", "message": "Out of order tick for BTCUSDT", "mode": "PAPER"}
{"timestamp": "2026-08-14T16:04:14.892316Z", "level": "WARNING", "component": "data_monitor", "message": "Data gap detected for BTCUSDT: 120.0s", "mode": "PAPER"}
{"timestamp": "2026-08-14T16:04:14.894507Z", "level": "WARNING", "component": "data_monitor", "message": "Out of order tick for BTCUSDT", "mode": "PAPER"}
{"timestamp": "2026-08-14T16:04:15.117474Z", "level": "WARNING", "component": "data_monitor", "message": "Data gap detected for BTCUSDT: 120.0s", "mode": "PAPER"}
{"timestamp": "2026-08-14T16:04:15.120257Z", "level": "WARNING", "component": "data_monitor", "message": "Out of order tick for BTCUSDT", "mode": "PAPER"}
{"timestamp": "2026-08-14T16:04:15.336337Z", "level": "WARNING", "component": "data_monitor", "message": "Data gap detected for BTCUSDT: 120.0s", "mode": "PAPER"}
{"timestamp": "2026-08-14T16:04:15.338526Z", "level": "WARNING", "component": "data_monitor", "message": "Out of order tick for BTCUSDT", "mode": "PAPER"}
{"timestamp": "2026-08-14T16:04:15.546781Z", "level": "WARNING", "component": "data_monitor", "message": "Data gap detected for BTCUSDT: 120.0s", "mode": "PAPER"}
{"timestamp": "2026-08-14T16:04:15.549437Z", "level": "WARNING", "component": "data_monitor", "message": "Out of order tick for BTCUSDT", "mode": "PAPER"}
{"timestamp": "2026-08-14T16:04:15.763557Z", "level": "WARNING", "component": "data_monitor", "message": "Data gap detected for BTCUSDT: 120.0s", "mode": "PAPER"}
{"timestamp": "2026-08-14T16:04:15.778204Z", "level": "WARNING", "component": "data_monitor", "message": "Out of order tick for BTCUSDT", "mode": "PAPER"}
{"timestamp": "2026-08-14T16:04:15.986965Z", "level": "WARNING", "component": "data_monitor", "message": "Data gap detected for BTCUSDT: 120.0s", "mode": "PAPER"}
{"timestamp": "2026-08-14T16:04:15.989078Z", "level": "WARNING", "component": "data_monitor", "message": "Out of order tick for BTCUSDT", "mode": "PAPER"}
{"timestamp": "2026-08-14T16:04:16.194709Z", "level": "WARNING", "component": "data_monitor", "message": "Data gap detected for BTCUSDT: 120.0s", "mode": "PAPER"}
{"timestamp": "2026-08-14T16:04:16.196723Z", "level": "WARNING", "component": "data_monitor", "message": "Out of order tick for BTCUSDT", "mode": "PAPER"}
{"timestamp": "2026-08-14T16:04:16.409319Z", "level": "WARNING", "component": "data_monitor", "message": "Data gap detected for BTCUSDT: 120.0s", "mode": "PAPER"}
{"timestamp": "2026-08-14T16:04:16.411266Z", "level": "WARNING", "component": "data_monitor", "message": "Out of order tick for BTCUSDT", "mode": "PAPER"}
{"timestamp": "2026-08-14T16:04:16.631362Z", "level": "WARNING", "component": "data_monitor", "message": "Data gap detected for BTCUSDT: 120.0s", "mode": "PAPER"}
{"timestamp": "2026-08-14T16:04:16.634657Z", "level": "WARNING", "component": "data_monitor", "message": "Out of order tick for BTCUSDT", "mode": "PAPER"}
{"timestamp": "2026-08-14T16:04:16.837610Z", "level": "WARNING", "component": "data_monitor", "message": "Data gap detected for BTCUSDT: 120.0s", "mode": "PAPER"}
{"timestamp": "2026-08-14T16:04:16.839049Z", "level": "WARNING", "component": "data_monitor", "message": "Out of order tick for BTCUSDT", "mode": "PAPER"}
{"timestamp": "2026-08-14T16:04:17.045694Z", "level": "WARNING", "component": "data_monitor", "message": "Data gap detected for BTCUSDT: 120.0s", "mode": "PAPER"}
{"timestamp": "2026-08-14T16:04:17.047900Z", "level": "WARNING", "component": "data_monitor", "message": "Out of order tick for BTCUSDT", "mode": "PAPER"}
{"timestamp": "2026-08-14T16:04:17.261547Z", "level": "WARNING", "component": "data_monitor", "message": "Data gap detected for BTCUSDT: 120.0s", "mode": "PAPER"}
{"timestamp": "2026-08-14T16:04:17.262928Z", "level": "WARNING", "component": "data_monitor", "message": "Out of order tick for BTCUSDT", "mode": "PAPER"}
{"timestamp": "2026-08-14T16:04:17.470024Z", "level": "WARNING", "component": "data_monitor", "message": "Data gap detected for BTCUSDT: 120.0s", "mode": "PAPER"}
{"timestamp": "2026-08-14T16:04:17.472491Z", "level": "WARNING", "component": "data_monitor", "message": "Out of order tick for BTCUSDT", "mode": "PAPER"}
{"timestamp": "2026-08-14T16:04:17.674743Z", "level": "WARNING", "component": "data_monitor", "message": "Data gap detected for BTCUSDT: 120.0s", "mode": "PAPER"}
{"timestamp": "2026-08-14T16:04:17.677256Z", "level": "WARNING", "component": "data_monitor", "message": "Out of order tick for BTCUSDT", "mode": "PAPER"}
{"timestamp": "2026-08-14T16:04:17.877665Z", "level": "WARNING", "component": "data_monitor", "message": "Data gap detected for BTCUSDT: 120.0s", "mode": "PAPER"}
{"timestamp": "2026-08-14T16:04:17.894595Z", "level": "WARNING", "component": "data_monitor", "message": "Out of order tick for BTCUSDT", "mode": "PAPER"}
{"timestamp": "2026-08-14T16:04:18.102878Z", "level": "WARNING", "component": "data_monitor", "message": "Data gap detected for BTCUSDT: 120.0s", "mode": "PAPER"}
{"timestamp": "2026-08-14T16:04:18.105240Z", "level": "WARNING", "component": "data_monitor", "message": "Out of order tick for BTCUSDT", "mode": "PAPER"}
{"timestamp": "2026-08-14T16:04:18.304416Z", "level": "WARNING", "component": "data_monitor", "message": "Data gap detected for BTCUSDT: 120.0s", "mode": "PAPER"}
{"timestamp": "2026-08-14T16:04:18.306592Z", "level": "WARNING", "component": "data_monitor", "message": "Out of order tick for BTCUSDT", "mode": "PAPER"}
{"timestamp": "2026-08-14T16:04:18.506603Z", "level": "WARNING", "component": "data_monitor", "message": "Data gap detected for BTCUSDT: 120.0s", "mode": "PAPER"}
{"timestamp": "2026-08-14T16:04:18.509224Z", "level": "WARNING", "component": "data_monitor", "message": "Out of order tick for BTCUSDT", "mode": "PAPER"}
{"timestamp": "2026-08-14T16:04:18.716678Z", "level": "WARNING", "component": "data_monitor", "message": "Data gap detected for BTCUSDT: 120.0s", "mode": "PAPER"}
{"timestamp": "2026-08-14T16:04:18.719174Z", "level": "WARNING", "component": "data_monitor", "message": "Out of order tick for BTCUSDT", "mode": "PAPER"}
{"timestamp": "2026-08-14T16:04:18.916359Z", "level": "WARNING", "component": "data_monitor", "message": "Data gap detected for BTCUSDT: 120.0s", "mode": "PAPER"}
{"timestamp": "2026-08-14T16:04:18.918292Z", "level": "WARNING", "component": "data_monitor", "message": "Out of order tick for BTCUSDT", "mode": "PAPER"}
{"timestamp": "2026-08-14T16:04:19.120246Z", "level": "WARNING", "component": "data_monitor", "message": "Data gap detected for BTCUSDT: 120.0s", "mode": "PAPER"}
{"timestamp": "2026-08-14T16:04:19.121786Z", "level": "WARNING", "component": "data_monitor", "message": "Out of order tick for BTCUSDT", "mode": "PAPER"}
{"timestamp": "2026-08-14T16:04:19.325621Z", "level": "WARNING", "component": "data_monitor", "message": "Data gap detected for BTCUSDT: 120.0s", "mode": "PAPER"}
{"timestamp": "2026-08-14T16:04:19.326933Z", "level": "WARNING", "component": "data_monitor", "message": "Out of order tick for BTCUSDT", "mode": "PAPER"}
{"timestamp": "2026-08-14T16:04:19.542352Z", "level": "WARNING", "component": "data_monitor", "message": "Data gap detected for BTCUSDT: 120.0s", "mode": "PAPER"}
{"timestamp": "2026-08-14T16:04:19.544492Z", "level": "WARNING", "component": "data_monitor", "message": "Out of order tick for BTCUSDT", "mode": "PAPER"}
{"timestamp": "2026-08-14T16:04:19.746301Z", "level": "WARNING", "component": "data_monitor", "message": "Data gap detected for BTCUSDT: 120.0s", "mode": "PAPER"}
{"timestamp": "2026-08-14T16:04:19.748006Z", "level": "WARNING", "component": "data_monitor", "message": "Out of order tick for BTCUSDT", "mode": "PAPER"}
{"timestamp": "2026-08-14T16:04:19.951357Z", "level": "WARNING", "component": "data_monitor", "message": "Data gap detected for BTCUSDT: 120.0s", "mode": "PAPER"}
{"timestamp": "2026-08-14T16:04:19.967411Z", "level": "WARNING", "component": "data_monitor", "message": "Out of order tick for BTCUSDT", "mode": "PAPER"}
{"timestamp": "2026-08-14T16:04:20.175389Z", "level": "WARNING", "component": "data_monitor", "message": "Data gap detected for BTCUSDT: 120.0s", "mode": "PAPER"}
{"timestamp": "2026-08-14T16:04:20.178444Z", "level": "WARNING", "component": "data_monitor", "message": "Out of order tick for BTCUSDT", "mode": "PAPER"}
{"timestamp": "2026-08-14T16:04:20.388108Z", "level": "WARNING", "component": "data_monitor", "message": "Data gap detected for BTCUSDT: 120.0s", "mode": "PAPER"}
{"timestamp": "2026-08-14T16:04:20.390977Z", "level": "WARNING", "component": "data_monitor", "message": "Out of order tick for BTCUSDT", "mode": "PAPER"}
{"timestamp": "2026-08-14T16:04:20.608285Z", "level": "WARNING", "component": "data_monitor", "message": "Data gap detected for BTCUSDT: 120.0s", "mode": "PAPER"}
{"timestamp": "2026-08-14T16:04:20.610934Z", "level": "WARNING", "component": "data_monitor", "message": "Out of order tick for BTCUSDT", "mode": "PAPER"}
{"timestamp": "2026-08-14T16:04:20.859497Z", "level": "WARNING", "component": "data_monitor", "message": "Data gap detected for BTCUSDT: 120.0s", "mode": "PAPER"}
{"timestamp": "2026-08-14T16:04:20.861953Z", "level": "WARNING", "component": "data_monitor", "message": "Out of order tick for BTCUSDT", "mode": "PAPER"}
{"timestamp": "2026-08-14T16:04:21.145522Z", "level": "WARNING", "component": "data_monitor", "message": "Data gap detected for BTCUSDT: 120.0s", "mode": "PAPER"}
{"timestamp": "2026-08-14T16:04:21.148083Z", "level": "WARNING", "component": "data_monitor", "message": "Out of order tick for BTCUSDT", "mode": "PAPER"}
{"timestamp": "2026-08-14T16:04:21.358450Z", "level": "WARNING", "component": "data_monitor", "message": "Data gap detected for BTCUSDT: 120.0s", "mode": "PAPER"}
{"timestamp": "2026-08-14T16:04:21.361269Z", "level": "WARNING", "component": "data_monitor", "message": "Out of order tick for BTCUSDT", "mode": "PAPER"}
{"timestamp": "2026-08-14T16:04:21.570778Z", "level": "WARNING", "component": "data_monitor", "message": "Data gap detected for BTCUSDT: 120.0s", "mode": "PAPER"}
{"timestamp": "2026-08-14T16:04:21.573577Z", "level": "WARNING", "component": "data_monitor", "message": "Out of order tick for BTCUSDT", "mode": "PAPER"}
{"timestamp": "2026-08-14T16:04:21.777673Z", "level": "WARNING", "component": "data_monitor", "message": "Data gap detected for BTCUSDT: 120.0s", "mode": "PAPER"}
{"timestamp": "2026-08-14T16:04:21.779644Z", "level": "WARNING", "component": "data_monitor", "message": "Out of order tick for BTCUSDT", "mode": "PAPER"}
{"timestamp": "2026-08-14T16:04:21.980638Z", "level": "WARNING", "component": "data_monitor", "message": "Data gap detected for BTCUSDT: 120.0s", "mode": "PAPER"}
{"timestamp": "2026-08-14T16:04:21.983250Z", "level": "WARNING", "component": "data_monitor", "message": "Out of order tick for BTCUSDT", "mode": "PAPER"}
{"timestamp": "2026-08-14T16:04:22.192289Z", "level": "WARNING", "component": "data_monitor", "message": "Data gap detected for BTCUSDT: 120.0s", "mode": "PAPER"}
{"timestamp": "2026-08-14T16:04:22.208846Z", "level": "WARNING", "component": "data_monitor", "message": "Out of order tick for BTCUSDT", "mode": "PAPER"}
{"timestamp": "2026-08-14T16:04:22.410605Z", "level": "WARNING", "component": "data_monitor", "message": "Data gap detected for BTCUSDT: 120.0s", "mode": "PAPER"}
{"timestamp": "2026-08-14T16:04:22.412832Z", "level": "WARNING", "component": "data_monitor", "message": "Out of order tick for BTCUSDT", "mode": "PAPER"}
{"timestamp": "2026-08-14T16:04:22.617276Z", "level": "WARNING", "component": "data_monitor", "message": "Data gap detected for BTCUSDT: 120.0s", "mode": "PAPER"}
{"timestamp": "2026-08-14T16:04:22.621117Z", "level": "WARNING", "component": "data_monitor", "message": "Out of order tick for BTCUSDT", "mode": "PAPER"}
{"timestamp": "2026-08-14T16:04:22.817687Z", "level": "WARNING", "component": "data_monitor", "message": "Data gap detected for BTCUSDT: 120.0s", "mode": "PAPER"}
{"timestamp": "2026-08-14T16:04:22.819531Z", "level": "WARNING", "component": "data_monitor", "message": "Out of order tick for BTCUSDT", "mode": "PAPER"}
{"timestamp": "2026-08-14T16:04:23.036212Z", "level": "WARNING", "component": "data_monitor", "message": "Data gap detected for BTCUSDT: 120.0s", "mode": "PAPER"}
{"timestamp": "2026-08-14T16:04:23.038943Z", "level": "WARNING", "component": "data_monitor", "message": "Out of order tick for BTCUSDT", "mode": "PAPER"}
{"timestamp": "2026-08-14T16:04:23.234606Z", "level": "WARNING", "component": "data_monitor", "message": "Data gap detected for BTCUSDT: 120.0s", "mode": "PAPER"}
{"timestamp": "2026-08-14T16:04:23.238051Z", "level": "WARNING", "component": "data_monitor", "message": "Out of order tick for BTCUSDT", "mode": "PAPER"}
{"timestamp": "2026-08-14T16:04:23.436388Z", "level": "WARNING", "component": "data_monitor", "message": "Data gap detected for BTCUSDT: 120.0s", "mode": "PAPER"}
{"timestamp": "2026-08-14T16:04:23.438296Z", "level": "WARNING", "component": "data_monitor", "message": "Out of order tick for BTCUSDT", "mode": "PAPER"}
{"timestamp": "2026-08-14T16:04:23.662815Z", "level": "WARNING", "component": "data_monitor", "message": "Data gap detected for BTCUSDT: 120.0s", "mode": "PAPER"}
{"timestamp": "2026-08-14T16:04:23.665448Z", "level": "WARNING", "component": "data_monitor", "message": "Out of order tick for BTCUSDT", "mode": "PAPER"}
{"timestamp": "2026-08-14T16:04:23.870830Z", "level": "WARNING", "component": "data_monitor", "message": "Data gap detected for BTCUSDT: 120.0s", "mode": "PAPER"}
{"timestamp": "2026-08-14T16:04:23.872822Z", "level": "WARNING", "component": "data_monitor", "message": "Out of order tick for BTCUSDT", "mode": "PAPER"}
{"timestamp": "2026-08-14T16:04:24.076459Z", "level": "WARNING", "component": "data_monitor", "message": "Data gap detected for BTCUSDT: 120.0s", "mode": "PAPER"}
{"timestamp": "2026-08-14T16:04:24.078614Z", "level": "WARNING", "component": "data_monitor", "message": "Out of order tick for BTCUSDT", "mode": "PAPER"}
{"timestamp": "2026-08-14T16:04:24.275547Z", "level": "WARNING", "component": "data_monitor", "message": "Data gap detected for BTCUSDT: 120.0s", "mode": "PAPER"}
{"timestamp": "2026-08-14T16:04:24.289788Z", "level": "WARNING", "component": "data_monitor", "message": "Out of order tick for BTCUSDT", "mode": "PAPER"}
{"timestamp": "2026-08-14T16:04:24.488255Z", "level": "WARNING", "component": "data_monitor", "message": "Data gap detected for BTCUSDT: 120.0s", "mode": "PAPER"}
{"timestamp": "2026-08-14T16:04:24.489553Z", "level": "WARNING", "component": "data_monitor", "message": "Out of order tick for BTCUSDT", "mode": "PAPER"}
{"timestamp": "2026-08-14T16:04:24.727281Z", "level": "WARNING", "component": "data_monitor", "message": "Data gap detected for BTCUSDT: 120.0s", "mode": "PAPER"}
{"timestamp": "2026-08-14T16:04:24.730027Z", "level": "WARNING", "component": "data_monitor", "message": "Out of order tick for BTCUSDT", "mode": "PAPER"}
{"timestamp": "2026-08-14T16:04:25.010458Z", "level": "WARNING", "component": "data_monitor", "message": "Data gap detected for BTCUSDT: 120.0s", "mode": "PAPER"}
{"timestamp": "2026-08-14T16:04:25.012407Z", "level": "WARNING", "component": "data_monitor", "message": "Out of order tick for BTCUSDT", "mode": "PAPER"}
{"timestamp": "2026-08-14T16:04:25.231193Z", "level": "WARNING", "component": "data_monitor", "message": "Data gap detected for BTCUSDT: 120.0s", "mode": "PAPER"}
{"timestamp": "2026-08-14T16:04:25.233608Z", "level": "WARNING", "component": "data_monitor", "message": "Out of order tick for BTCUSDT", "mode": "PAPER"}
{"timestamp": "2026-08-14T16:04:25.444536Z", "level": "WARNING", "component": "data_monitor", "message": "Data gap detected for BTCUSDT: 120.0s", "mode": "PAPER"}
{"timestamp": "2026-08-14T16:04:25.446055Z", "level": "WARNING", "component": "data_monitor", "message": "Out of order tick for BTCUSDT", "mode": "PAPER"}
{"timestamp": "2026-08-14T16:04:25.650585Z", "level": "WARNING", "component": "data_monitor", "message": "Data gap detected for BTCUSDT: 120.0s", "mode": "PAPER"}
{"timestamp": "2026-08-14T16:04:25.653008Z", "level": "WARNING", "component": "data_monitor", "message": "Out of order tick for BTCUSDT", "mode": "PAPER"}
{"timestamp": "2026-08-14T16:04:25.864492Z", "level": "WARNING", "component": "data_monitor", "message": "Data gap detected for BTCUSDT: 120.0s", "mode": "PAPER"}
{"timestamp": "2026-08-14T16:04:25.867575Z", "level": "WARNING", "component": "data_monitor", "message": "Out of order tick for BTCUSDT", "mode": "PAPER"}
{"timestamp": "2026-08-14T16:04:26.072094Z", "level": "WARNING", "component": "data_monitor", "message": "Data gap detected for BTCUSDT: 120.0s", "mode": "PAPER"}
{"timestamp": "2026-08-14T16:04:26.073442Z", "level": "WARNING", "component": "data_monitor", "message": "Out of order tick for BTCUSDT", "mode": "PAPER"}
{"timestamp": "2026-08-14T16:04:26.284481Z", "level": "WARNING", "component": "data_monitor", "message": "Data gap detected for BTCUSDT: 120.0s", "mode": "PAPER"}
{"timestamp": "2026-08-14T16:04:26.287142Z", "level": "WARNING", "component": "data_monitor", "message": "Out of order tick for BTCUSDT", "mode": "PAPER"}
{"timestamp": "2026-08-14T16:04:26.494609Z", "level": "WARNING", "component": "data_monitor", "message": "Data gap detected for BTCUSDT: 120.0s", "mode": "PAPER"}
{"timestamp": "2026-08-14T16:04:26.509882Z", "level": "WARNING", "component": "data_monitor", "message": "Out of order tick for BTCUSDT", "mode": "PAPER"}
{"timestamp": "2026-08-14T16:04:26.713002Z", "level": "WARNING", "component": "data_monitor", "message": "Data gap detected for BTCUSDT: 120.0s", "mode": "PAPER"}
{"timestamp": "2026-08-14T16:04:26.714656Z", "level": "WARNING", "component": "data_monitor", "message": "Out of order tick for BTCUSDT", "mode": "PAPER"}
{"timestamp": "2026-08-14T16:04:26.916281Z", "level": "WARNING", "component": "data_monitor", "message": "Data gap detected for BTCUSDT: 120.0s", "mode": "PAPER"}
{"timestamp": "2026-08-14T16:04:26.918088Z", "level": "WARNING", "component": "data_monitor", "message": "Out of order tick for BTCUSDT", "mode": "PAPER"}
{"timestamp": "2026-08-14T16:04:27.117358Z", "level": "WARNING", "component": "data_monitor", "message": "Data gap detected for BTCUSDT: 120.0s", "mode": "PAPER"}
{"timestamp": "2026-08-14T16:04:27.119230Z", "level": "WARNING", "component": "data_monitor", "message": "Out of order tick for BTCUSDT", "mode": "PAPER"}
{"timestamp": "2026-08-14T16:04:27.343206Z", "level": "WARNING", "component": "data_monitor", "message": "Data gap detected for BTCUSDT: 120.0s", "mode": "PAPER"}
{"timestamp": "2026-08-14T16:04:27.345319Z", "level": "WARNING", "component": "data_monitor", "message": "Out of order tick for BTCUSDT", "mode": "PAPER"}
{"timestamp": "2026-08-14T16:04:27.552396Z", "level": "WARNING", "component": "data_monitor", "message": "Data gap detected for BTCUSDT: 120.0s", "mode": "PAPER"}
{"timestamp": "2026-08-14T16:04:27.555814Z", "level": "WARNING", "component": "data_monitor", "message": "Out of order tick for BTCUSDT", "mode": "PAPER"}
{"timestamp": "2026-08-14T16:04:27.776164Z", "level": "WARNING", "component": "data_monitor", "message": "Data gap detected for BTCUSDT: 120.0s", "mode": "PAPER"}
{"timestamp": "2026-08-14T16:04:27.778344Z", "level": "WARNING", "component": "data_monitor", "message": "Out of order tick for BTCUSDT", "mode": "PAPER"}
{"timestamp": "2026-08-14T16:04:27.994436Z", "level": "WARNING", "component": "data_monitor", "message": "Data gap detected for BTCUSDT: 120.0s", "mode": "PAPER"}
{"timestamp": "2026-08-14T16:04:27.996155Z", "level": "WARNING", "component": "data_monitor", "message": "Out of order tick for BTCUSDT", "mode": "PAPER"}
{"timestamp": "2026-08-14T16:04:28.201062Z", "level": "WARNING", "component": "data_monitor", "message": "Data gap detected for BTCUSDT: 120.0s", "mode": "PAPER"}
{"timestamp": "2026-08-14T16:04:28.203634Z", "level": "WARNING", "component": "data_monitor", "message": "Out of order tick for BTCUSDT", "mode": "PAPER"}
{"timestamp": "2026-08-14T16:04:28.406481Z", "level": "WARNING", "component": "data_monitor", "message": "Data gap detected for BTCUSDT: 120.0s", "mode": "PAPER"}
{"timestamp": "2026-08-14T16:04:28.408463Z", "level": "WARNING", "component": "data_monitor", "message": "Out of order tick for BTCUSDT", "mode": "PAPER"}
{"timestamp": "2026-08-14T16:04:28.612347Z", "level": "WARNING", "component": "data_monitor", "message": "Data gap detected for BTCUSDT: 120.0s", "mode": "PAPER"}
{"timestamp": "2026-08-14T16:04:28.626086Z", "level": "WARNING", "component": "data_monitor", "message": "Out of order tick for BTCUSDT", "mode": "PAPER"}
{"timestamp": "2026-08-14T16:04:28.826475Z", "level": "WARNING", "component": "data_monitor", "message": "Data gap detected for BTCUSDT: 120.0s", "mode": "PAPER"}
{"timestamp": "2026-08-14T16:04:28.828731Z", "level": "WARNING", "component": "data_monitor", "message": "Out of order tick for BTCUSDT", "mode": "PAPER"}
{"timestamp": "2026-08-14T16:04:29.064576Z", "level": "WARNING", "component": "data_monitor", "message": "Data gap detected for BTCUSDT: 120.0s", "mode": "PAPER"}
{"timestamp": "2026-08-14T16:04:29.066775Z", "level": "WARNING", "component": "data_monitor", "message": "Out of order tick for BTCUSDT", "mode": "PAPER"}
{"timestamp": "2026-08-14T16:04:29.275609Z", "level": "WARNING", "component": "data_monitor", "message": "Data gap detected for BTCUSDT: 120.0s", "mode": "PAPER"}
{"timestamp": "2026-08-14T16:04:29.278418Z", "level": "WARNING", "component": "data_monitor", "message": "Out of order tick for BTCUSDT", "mode": "PAPER"}
{"timestamp": "2026-08-14T16:04:29.496413Z", "level": "WARNING", "component": "data_monitor", "message": "Data gap detected for BTCUSDT: 120.0s", "mode": "PAPER"}
{"timestamp": "2026-08-14T16:04:29.499287Z", "level": "WARNING", "component": "data_monitor", "message": "Out of order tick for BTCUSDT", "mode": "PAPER"}
{"timestamp": "2026-08-14T16:04:29.697573Z", "level": "WARNING", "component": "data_monitor", "message": "Data gap detected for BTCUSDT: 120.0s", "mode": "PAPER"}
{"timestamp": "2026-08-14T16:04:29.700094Z", "level": "WARNING", "component": "data_monitor", "message": "Out of order tick for BTCUSDT", "mode": "PAPER"}
{"timestamp": "2026-08-14T16:04:29.902097Z", "level": "WARNING", "component": "data_monitor", "message": "Data gap detected for BTCUSDT: 120.0s", "mode": "PAPER"}
{"timestamp": "2026-08-14T16:04:29.904116Z", "level": "WARNING", "component": "data_monitor", "message": "Out of order tick for BTCUSDT", "mode": "PAPER"}
{"timestamp": "2026-08-14T16:04:30.115513Z", "level": "WARNING", "component": "data_monitor", "message": "Data gap detected for BTCUSDT: 120.0s", "mode": "PAPER"}
{"timestamp": "2026-08-14T16:04:30.117668Z", "level": "WARNING", "component": "data_monitor", "message": "Out of order tick for BTCUSDT", "mode": "PAPER"}
{"timestamp": "2026-08-14T16:04:30.328544Z", "level": "WARNING", "component": "data_monitor", "message": "Data gap detected for BTCUSDT: 120.0s", "mode": "PAPER"}
{"timestamp": "2026-08-14T16:04:30.331123Z", "level": "WARNING", "component": "data_monitor", "message": "Out of order tick for BTCUSDT", "mode": "PAPER"}
{"timestamp": "2026-08-14T16:04:30.530060Z", "level": "WARNING", "component": "data_monitor", "message": "Data gap detected for BTCUSDT: 120.0s", "mode": "PAPER"}
{"timestamp": "2026-08-14T16:04:30.531655Z", "level": "WARNING", "component": "data_monitor", "message": "Out of order tick for BTCUSDT", "mode": "PAPER"}
{"timestamp": "2026-08-14T16:04:30.733179Z", "level": "WARNING", "component": "data_monitor", "message": "Data gap detected for BTCUSDT: 120.0s", "mode": "PAPER"}
{"timestamp": "2026-08-14T16:04:30.751784Z", "level": "WARNING", "component": "data_monitor", "message": "Out of order tick for BTCUSDT", "mode": "PAPER"}
{"timestamp": "2026-08-14T16:04:30.952797Z", "level": "WARNING", "component": "data_monitor", "message": "Data gap detected for BTCUSDT: 120.0s", "mode": "PAPER"}
{"timestamp": "2026-08-14T16:04:30.955414Z", "level": "WARNING", "component": "data_monitor", "message": "Out of order tick for BTCUSDT", "mode": "PAPER"}
{"timestamp": "2026-08-14T16:04:31.155438Z", "level": "WARNING", "component": "data_monitor", "message": "Data gap detected for BTCUSDT: 120.0s", "mode": "PAPER"}
{"timestamp": "2026-08-14T16:04:31.157585Z", "level": "WARNING", "component": "data_monitor", "message": "Out of order tick for BTCUSDT", "mode": "PAPER"}
{"timestamp": "2026-08-14T16:04:31.357719Z", "level": "WARNING", "component": "data_monitor", "message": "Data gap detected for BTCUSDT: 120.0s", "mode": "PAPER"}
{"timestamp": "2026-08-14T16:04:31.359813Z", "level": "WARNING", "component": "data_monitor", "message": "Out of order tick for BTCUSDT", "mode": "PAPER"}
{"timestamp": "2026-08-14T16:04:31.585318Z", "level": "WARNING", "component": "data_monitor", "message": "Data gap detected for BTCUSDT: 120.0s", "mode": "PAPER"}
{"timestamp": "2026-08-14T16:04:31.587489Z", "level": "WARNING", "component": "data_monitor", "message": "Out of order tick for BTCUSDT", "mode": "PAPER"}
{"timestamp": "2026-08-14T16:04:31.793062Z", "level": "WARNING", "component": "data_monitor", "message": "Data gap detected for BTCUSDT: 120.0s", "mode": "PAPER"}
{"timestamp": "2026-08-14T16:04:31.795689Z", "level": "WARNING", "component": "data_monitor", "message": "Out of order tick for BTCUSDT", "mode": "PAPER"}
{"timestamp": "2026-08-14T16:04:31.999324Z", "level": "WARNING", "component": "data_monitor", "message": "Data gap detected for BTCUSDT: 120.0s", "mode": "PAPER"}
{"timestamp": "2026-08-14T16:04:32.002537Z", "level": "WARNING", "component": "data_monitor", "message": "Out of order tick for BTCUSDT", "mode": "PAPER"}
{"timestamp": "2026-08-14T16:04:32.215302Z", "level": "WARNING", "component": "data_monitor", "message": "Data gap detected for BTCUSDT: 120.0s", "mode": "PAPER"}
{"timestamp": "2026-08-14T16:04:32.218014Z", "level": "WARNING", "component": "data_monitor", "message": "Out of order tick for BTCUSDT", "mode": "PAPER"}
{"timestamp": "2026-08-14T16:04:32.422413Z", "level": "WARNING", "component": "data_monitor", "message": "Data gap detected for BTCUSDT: 120.0s", "mode": "PAPER"}
{"timestamp": "2026-08-14T16:04:32.423858Z", "level": "WARNING", "component": "data_monitor", "message": "Out of order tick for BTCUSDT", "mode": "PAPER"}
{"timestamp": "2026-08-14T16:04:32.628329Z", "level": "WARNING", "component": "data_monitor", "message": "Data gap detected for BTCUSDT: 120.0s", "mode": "PAPER"}
{"timestamp": "2026-08-14T16:04:32.629861Z", "level": "WARNING", "component": "data_monitor", "message": "Out of order tick for BTCUSDT", "mode": "PAPER"}
{"timestamp": "2026-08-14T16:04:32.837126Z", "level": "WARNING", "component": "data_monitor", "message": "Data gap detected for BTCUSDT: 120.0s", "mode": "PAPER"}
{"timestamp": "2026-08-14T16:04:32.853020Z", "level": "WARNING", "component": "data_monitor", "message": "Out of order tick for BTCUSDT", "mode": "PAPER"}
{"timestamp": "2026-08-14T16:04:33.067204Z", "level": "WARNING", "component": "data_monitor", "message": "Data gap detected for BTCUSDT: 120.0s", "mode": "PAPER"}
{"timestamp": "2026-08-14T16:04:33.069926Z", "level": "WARNING", "component": "data_monitor", "message": "Out of order tick for BTCUSDT", "mode": "PAPER"}
{"timestamp": "2026-08-14T16:04:33.270224Z", "level": "WARNING", "component": "data_monitor", "message": "Data gap detected for BTCUSDT: 120.0s", "mode": "PAPER"}
{"timestamp": "2026-08-14T16:04:33.272834Z", "level": "WARNING", "component": "data_monitor", "message": "Out of order tick for BTCUSDT", "mode": "PAPER"}
{"timestamp": "2026-08-14T16:04:33.476210Z", "level": "WARNING", "component": "data_monitor", "message": "Data gap detected for BTCUSDT: 120.0s", "mode": "PAPER"}
{"timestamp": "2026-08-14T16:04:33.478327Z", "level": "WARNING", "component": "data_monitor", "message": "Out of order tick for BTCUSDT", "mode": "PAPER"}
{"timestamp": "2026-08-14T16:04:33.691725Z", "level": "WARNING", "component": "data_monitor", "message": "Data gap detected for BTCUSDT: 120.0s", "mode": "PAPER"}
{"timestamp": "2026-08-14T16:04:33.693463Z", "level": "WARNING", "component": "data_monitor", "message": "Out of order tick for BTCUSDT", "mode": "PAPER"}
{"timestamp": "2026-08-14T16:04:33.891267Z", "level": "WARNING", "component": "data_monitor", "message": "Data gap detected for BTCUSDT: 120.0s", "mode": "PAPER"}
{"timestamp": "2026-08-14T16:04:33.893183Z", "level": "WARNING", "component": "data_monitor", "message": "Out of order tick for BTCUSDT", "mode": "PAPER"}
{"timestamp": "2026-08-14T16:04:34.094468Z", "level": "WARNING", "component": "data_monitor", "message": "Data gap detected for BTCUSDT: 120.0s", "mode": "PAPER"}
{"timestamp": "2026-08-14T16:04:34.097119Z", "level": "WARNING", "component": "data_monitor", "message": "Out of order tick for BTCUSDT", "mode": "PAPER"}
{"timestamp": "2026-08-14T16:06:04.826487Z", "level": "INFO", "component": "execution", "message": "[scalper] \u2705 BUY order placed! Price: 50000.00", "mode": "PAPER", "strategy": "scalper", "symbol": "BTCUSDT"}
{"timestamp": "2026-08-14T16:06:04.827034Z", "level": "INFO", "component": "execution", "message": "[scalper] \ud83d\udee1\ufe0f  SL/TP OCO order placed! SL: 49000.00 | TP: 51000.00", "mode": "PAPER", "strategy": "scalper", "symbol": "BTCUSDT"}
{"timestamp": "2026-08-14T16:06:14.412508Z", "level": "WARNING", "component": "data_monitor", "message": "Data gap detected for BTCUSDT: 120.0s", "mode": "PAPER"}
{"timestamp": "2026-08-14T16:06:14.414873Z", "level": "WARNING", "component": "data_monitor", "message": "Out of order tick for BTCUSDT", "mode": "PAPER"}
{"timestamp": "2026-08-14T16:06:14.603524Z", "level": "WARNING", "component": "data_monitor", "message": "Data gap detected for BTCUSDT: 120.0s", "mode": "PAPER"}
{"timestamp": "2026-08-14T16:06:14.604335Z", "level": "WARNING", "component": "data_monitor", "message": "Out of order tick for BTCUSDT", "mode": "PAPER"}
{"timestamp": "2026-08-14T16:06:14.750289Z", "level": "WARNING", "component": "data_monitor", "message": "Data gap detected for BTCUSDT: 120.0s", "mode": "PAPER"}
{"timestamp": "2026-08-14T16:06:14.752055Z", "level": "WARNING", "component": "data_monitor", "message": "Out of order tick for BTCUSDT", "mode": "PAPER"}
{"timestamp": "2026-08-14T16:06:14.904371Z", "level": "WARNING", "component": "data_monitor", "message": "Data gap detected for BTCUSDT: 120.0s", "mode": "PAPER"}
{"timestamp": "2026-08-14T16:06:14.906351Z", "level": "WARNING", "component": "data_monitor", "message": "Out of order tick for BTCUSDT", "mode": "PAPER"}
{"timestamp": "2026-08-14T16:06:15.049026Z", "level": "WARNING", "component": "data_monitor", "message": "Data gap detected for BTCUSDT: 120.0s", "mode": "PAPER"}
{"timestamp": "2026-08-14T16:06:15.051066Z", "level": "WARNING", "component": "data_monitor", "message": "Out of order tick for BTCUSDT", "mode": "PAPER"}
{"timestamp": "2026-08-14T16:06:15.190244Z", "level": "WARNING", "component": "data_monitor", "message": "Data gap detected for BTCUSDT: 120.0s", "mode": "PAPER"}
{"timestamp": "2026-08-14T16:06:15.191846Z", "level": "WARNING", "component": "data_monitor", "message": "Out of order tick for BTCUSDT", "mode": "PAPER"}
{"timestamp": "2026-08-14T16:06:15.337993Z", "level": "WARNING", "component": "data_monitor", "message": "Data gap detected for BTCUSDT: 120.0s", "mode": "PAPER"}
{"timestamp": "2026-08-14T16:06:15.339379Z", "level": "WARNING", "component": "data_monitor", "message": "Out of order tick for BTCUSDT", "mode": "PAPER"}
{"timestamp": "2026-08-14T16:06:15.495333Z", "level": "WARNING", "component": "data_monitor", "message": "Data gap detected for BTCUSDT: 120.0s", "mode": "PAPER"}
{"timestamp": "2026-08-14T16:06:15.497496Z", "level": "WARNING", "component": "data_monitor", "message": "Out of order tick for BTCUSDT", "mode": "PAPER"}
{"timestamp": "2026-08-14T16:06:15.645039Z", "level": "WARNING", "component": "data_monitor", "message": "Data gap detected for BTCUSDT: 120.0s", "mode": "PAPER"}
{"timestamp": "2026-08-14T16:06:15.646541Z", "level": "WARNING", "component": "data_monitor", "message": "Out of order tick for BTCUSDT", "mode": "PAPER"}
{"timestamp": "2026-08-14T16:06:15.795334Z", "level": "WARNING", "component": "data_monitor", "message": "Data gap detected for BTCUSDT: 120.0s", "mode": "PAPER"}
{"timestamp": "2026-08-14T16:06:15.796702Z", "level": "WARNING", "component": "data_monitor", "message": "Out of order tick for BTCUSDT", "mode": "PAPER"}
{"timestamp": "2026-08-14T16:06:15.937503Z", "level": "WARNING", "component": "data_monitor", "message": "Data gap detected for BTCUSDT: 120.0s", "mode": "PAPER"}
{"timestamp": "2026-08-14T16:06:15.942658Z", "level": "WARNING", "component": "data_monitor", "message": "Out of order tick for BTCUSDT", "mode": "PAPER"}
{"timestamp": "2026-08-14T16:06:16.081212Z", "level": "WARNING", "component": "data_monitor", "message": "Data gap detected for BTCUSDT: 120.0s", "mode": "PAPER"}
{"timestamp": "2026-08-14T16:06:16.083702Z", "level": "WARNING", "component": "data_monitor", "message": "Out of order tick for BTCUSDT", "mode": "PAPER"}
{"timestamp": "2026-08-14T16:06:16.247247Z", "level": "WARNING", "component": "data_monitor", "message": "Data gap detected for BTCUSDT: 120.0s", "mode": "PAPER"}
{"timestamp": "2026-08-14T16:06:16.248880Z", "level": "WARNING", "component": "data_monitor", "message": "Out of order tick for BTCUSDT", "mode": "PAPER"}
{"timestamp": "2026-08-14T16:06:16.394400Z", "level": "WARNING", "component": "data_monitor", "message": "Data gap detected for BTCUSDT: 120.0s", "mode": "PAPER"}
{"timestamp": "2026-08-14T16:06:16.396042Z", "level": "WARNING", "component": "data_monitor", "message": "Out of order tick for BTCUSDT", "mode": "PAPER"}
{"timestamp": "2026-08-14T16:06:16.530876Z", "level": "WARNING", "component": "data_monitor", "message": "Data gap detected for BTCUSDT: 120.0s", "mode": "PAPER"}
{"timestamp": "2026-08-14T16:06:16.533475Z", "level": "WARNING", "component": "data_monitor", "message": "Out of order tick for BTCUSDT", "mode": "PAPER"}
{"timestamp": "2026-08-14T16:06:16.682586Z", "level": "WARNING", "component": "data_monitor", "message": "Data gap detected for BTCUSDT: 120.0s", "mode": "PAPER"}
{"timestamp": "2026-08-14T16:06:16.683393Z", "level": "WARNING", "component": "data_monitor", "message": "Out of order tick for BTCUSDT", "mode": "PAPER"}
{"timestamp": "2026-08-14T16:06:16.833463Z", "level": "WARNING", "component": "data_monitor", "message": "Data gap detected for BTCUSDT: 120.0s", "mode": "PAPER"}
{"timestamp": "2026-08-14T16:06:16.834899Z", "level": "WARNING", "component": "data_monitor", "message": "Out of order tick for BTCUSDT", "mode": "PAPER"}
{"timestamp": "2026-08-14T16:06:16.982601Z", "level": "WARNING", "component": "data_monitor", "message": "Data gap detected for BTCUSDT: 120.0s", "mode": "PAPER"}
{"timestamp": "2026-08-14T16:06:16.984029Z", "level": "WARNING", "component": "data_monitor", "message": "Out of order tick for BTCUSDT", "mode": "PAPER"}
{"timestamp": "2026-08-14T16:06:17.141285Z", "level": "WARNING", "component": "data_monitor", "message": "Data gap detected for BTCUSDT: 120.0s", "mode": "PAPER"}
{"timestamp": "2026-08-14T16:06:17.144096Z", "level": "WARNING", "component": "data_monitor", "message": "Out of order tick for BTCUSDT", "mode": "PAPER"}
{"timestamp": "2026-08-14T16:06:17.285131Z", "level": "WARNING", "component": "data_monitor", "message": "Data gap detected for BTCUSDT: 120.0s", "mode": "PAPER"}
{"timestamp": "2026-08-14T16:06:17.286289Z", "level": "WARNING", "component": "data_monitor", "message": "Out of order tick for BTCUSDT", "mode": "PAPER"}
{"timestamp": "2026-08-14T16:06:17.453531Z", "level": "WARNING", "component": "data_monitor", "message": "Data gap detected for BTCUSDT: 120.0s", "mode": "PAPER"}
{"timestamp": "2026-08-14T16:06:17.455407Z", "level": "WARNING", "component": "data_monitor", "message": "Out of order tick for BTCUSDT", "mode": "PAPER"}
{"timestamp": "2026-08-14T16:06:17.625555Z", "level": "WARNING", "component": "data_monitor", "message": "Data gap detected for BTCUSDT: 120.0s", "mode": "PAPER"}
{"timestamp": "2026-08-14T16:06:17.627780Z", "level": "WARNING", "component": "data_monitor", "message": "Out of order tick for BTCUSDT", "mode": "PAPER"}
{"timestamp": "2026-08-14T16:06:17.782016Z", "level": "WARNING", "component": "data_monitor", "message": "Data gap detected for BTCUSDT: 120.0s", "mode": "PAPER"}
{"timestamp": "2026-08-14T16:06:17.783674Z", "level": "WARNING", "component": "data_monitor", "message": "Out of order tick for BTCUSDT", "mode": "PAPER"}
{"timestamp": "2026-08-14T16:06:17.947596Z", "level": "WARNING", "component": "data_monitor", "message": "Data gap detected for BTCUSDT: 120.0s", "mode": "PAPER"}
{"timestamp": "2026-08-14T16:06:17.950066Z", "level": "WARNING", "component": "data_monitor", "message": "Out of order tick for BTCUSDT", "mode": "PAPER"}
{"timestamp": "2026-08-14T16:06:18.130505Z", "level": "WARNING", "component": "data_monitor", "message": "Data gap detected for BTCUSDT: 120.0s", "mode": "PAPER"}
{"timestamp": "2026-08-14T16:06:18.133342Z", "level": "WARNING", "component": "data_monitor", "message": "Out of order tick for BTCUSDT", "mode": "PAPER"}
{"timestamp": "2026-08-14T16:06:18.301705Z", "level": "WARNING", "component": "data_monitor", "message": "Data gap detected for BTCUSDT: 120.0s", "mode": "PAPER"}
{"timestamp": "2026-08-14T16:06:18.303294Z", "level": "WARNING", "component": "data_monitor", "message": "Out of order tick for BTCUSDT", "mode": "PAPER"}
{"timestamp": "2026-08-14T16:06:18.473537Z", "level": "WARNING", "component": "data_monitor", "message": "Data gap detected for BTCUSDT: 120.0s", "mode": "PAPER"}
{"timestamp": "2026-08-14T16:06:18.475741Z", "level": "WARNING", "component": "data_monitor", "message": "Out of order tick for BTCUSDT", "mode": "PAPER"}
{"timestamp": "2026-08-14T16:06:18.646210Z", "level": "WARNING", "component": "data_monitor", "message": "Data gap detected for BTCUSDT: 120.0s", "mode": "PAPER"}
{"timestamp": "2026-08-14T16:06:18.648265Z", "level": "WARNING", "component": "data_monitor", "message": "Out of order tick for BTCUSDT", "mode": "PAPER"}
{"timestamp": "2026-08-14T16:06:18.816614Z", "level": "WARNING", "component": "data_monitor", "message": "Data gap detected for BTCUSDT: 120.0s", "mode": "PAPER"}
{"timestamp": "2026-08-14T16:06:18.818190Z", "level": "WARNING", "component": "data_monitor", "message": "Out of order tick for BTCUSDT", "mode": "PAPER"}
{"timestamp": "2026-08-14T16:06:18.974678Z", "level": "WARNING", "component": "data_monitor", "message": "Data gap detected for BTCUSDT: 120.0s", "mode": "PAPER"}
{"timestamp": "2026-08-14T16:06:18.976880Z", "level": "WARNING", "component": "data_monitor", "message": "Out of order tick for BTCUSDT", "mode": "PAPER"}
{"timestamp": "2026-08-14T16:06:19.153378Z", "level": "WARNING", "component": "data_monitor", "message": "Data gap detected for BTCUSDT: 120.0s", "mode": "PAPER"}
{"timestamp": "2026-08-14T16:06:19.160027Z", "level": "WARNING", "component": "data_monitor", "message": "Out of order tick for BTCUSDT", "mode": "PAPER"}
{"timestamp": "2026-08-14T16:06:19.327818Z", "level": "WARNING", "component": "data_monitor", "message": "Data gap detected for BTCUSDT: 120.0s", "mode": "PAPER"}
{"timestamp": "2026-08-14T16:06:19.329894Z", "level": "WARNING", "component": "data_monitor", "message": "Out of order tick for BTCUSDT", "mode": "PAPER"}
{"timestamp": "2026-08-14T16:06:19.503544Z", "level": "WARNING", "component": "data_monitor", "message": "Data gap detected for BTCUSDT: 120.0s", "mode": "PAPER"}
{"timestamp": "2026-08-14T16:06:19.505442Z", "level": "WARNING", "component": "data_monitor", "message": "Out of order tick for BTCUSDT", "mode": "PAPER"}
{"timestamp": "2026-08-14T16:06:19.666337Z", "level": "WARNING", "component": "data_monitor", "message": "Data gap detected for BTCUSDT: 120.0s", "mode": "PAPER"}
{"timestamp": "2026-08-14T16:06:19.667673Z", "level": "WARNING", "component": "data_monitor", "message": "Out of order tick for BTCUSDT", "mode": "PAPER"}
{"timestamp": "2026-08-14T16:06:19.822201Z", "level": "WARNING", "component": "data_monitor", "message": "Data gap detected for BTCUSDT: 120.0s", "mode": "PAPER"}
{"timestamp": "2026-08-14T16:06:19.823404Z", "level": "WARNING", "component": "data_monitor", "message": "Out of order tick for BTCUSDT", "mode": "PAPER"}
{"timestamp": "2026-08-14T16:06:19.993216Z", "level": "WARNING", "component": "data_monitor", "message": "Data gap detected for BTCUSDT: 120.0s", "mode": "PAPER"}
{"timestamp": "2026-08-14T16:06:19.995320Z", "level": "WARNING", "component": "data_monitor", "message": "Out of order tick for BTCUSDT", "mode": "PAPER"}
{"timestamp": "2026-08-14T16:06:20.163322Z", "level": "WARNING", "component": "data_monitor", "message": "Data gap detected for BTCUSDT: 120.0s", "mode": "PAPER"}
{"timestamp": "2026-08-14T16:06:20.165154Z", "level": "WARNING", "component": "data_monitor", "message": "Out of order tick for BTCUSDT", "mode": "PAPER"}
{"timestamp": "2026-08-14T16:06:20.339248Z", "level": "WARNING", "component": "data_monitor", "message": "Data gap detected for BTCUSDT: 120.0s", "mode": "PAPER"}
{"timestamp": "2026-08-14T16:06:20.340629Z", "level": "WARNING", "component": "data_monitor", "message": "Out of order tick for BTCUSDT", "mode": "PAPER"}
{"timestamp": "2026-08-14T16:06:20.516696Z", "level": "WARNING", "component": "data_monitor", "message": "Data gap detected for BTCUSDT: 120.0s", "mode": "PAPER"}
{"timestamp": "2026-08-14T16:06:20.519029Z", "level": "WARNING", "component": "data_monitor", "message": "Out of order tick for BTCUSDT", "mode": "PAPER"}
{"timestamp": "2026-08-14T16:06:20.687496Z", "level": "WARNING", "component": "data_monitor", "message": "Data gap detected for BTCUSDT: 120.0s", "mode": "PAPER"}
{"timestamp": "2026-08-14T16:06:20.688516Z", "level": "WARNING", "component": "data_monitor", "message": "Out of order tick for BTCUSDT", "mode": "PAPER"}
{"timestamp": "2026-08-14T16:06:20.858257Z", "level": "WARNING", "component": "data_monitor", "message": "Data gap detected for BTCUSDT: 120.0s", "mode": "PAPER"}
{"timestamp": "2026-08-14T16:06:20.860083Z", "level": "WARNING", "component": "data_monitor", "message": "Out of order tick for BTCUSDT", "mode": "PAPER"}
{"timestamp": "2026-08-14T16:06:21.021064Z", "level": "WARNING", "component": "data_monitor", "message": "Data gap detected for BTCUSDT: 120.0s", "mode": "PAPER"}
{"timestamp": "2026-08-14T16:06:21.022810Z", "level": "WARNING", "component": "data_monitor", "message": "Out of order tick for BTCUSDT", "mode": "PAPER"}
{"timestamp": "2026-08-14T16:06:21.178821Z", "level": "WARNING", "component": "data_monitor", "message": "Data gap detected for BTCUSDT: 120.0s", "mode": "PAPER"}
{"timestamp": "2026-08-14T16:06:21.180300Z", "level": "WARNING", "component": "data_monitor", "message": "Out of order tick for BTCUSDT", "mode": "PAPER"}
{"timestamp": "2026-08-14T16:06:21.350752Z", "level": "WARNING", "component": "data_monitor", "message": "Data gap detected for BTCUSDT: 120.0s", "mode": "PAPER"}
{"timestamp": "2026-08-14T16:06:21.353578Z", "level": "WARNING", "component": "data_monitor", "message": "Out of order tick for BTCUSDT", "mode": "PAPER"}
{"timestamp": "2026-08-14T16:06:21.532600Z", "level": "WARNING", "component": "data_monitor", "message": "Data gap detected for BTCUSDT: 120.0s", "mode": "PAPER"}
{"timestamp": "2026-08-14T16:06:21.534893Z", "level": "WARNING", "component": "data_monitor", "message": "Out of order tick for BTCUSDT", "mode": "PAPER"}
{"timestamp": "2026-08-14T16:06:21.703458Z", "level": "WARNING", "component": "data_monitor", "message": "Data gap detected for BTCUSDT: 120.0s", "mode": "PAPER"}
{"timestamp": "2026-08-14T16:06:21.704758Z", "level": "WARNING", "component": "data_monitor", "message": "Out of order tick for BTCUSDT", "mode": "PAPER"}
{"timestamp": "2026-08-14T16:06:21.872366Z", "level": "WARNING", "component": "data_monitor", "message": "Data gap detected for BTCUSDT: 120.0s", "mode": "PAPER"}
{"timestamp": "2026-08-14T16:06:21.874209Z", "level": "WARNING", "component": "data_monitor", "message": "Out of order tick for BTCUSDT", "mode": "PAPER"}
{"timestamp": "2026-08-14T16:06:22.034870Z", "level": "WARNING", "component": "data_monitor", "message": "Data gap detected for BTCUSDT: 120.0s", "mode": "PAPER"}
{"timestamp": "2026-08-14T16:06:22.036906Z", "level": "WARNING", "component": "data_monitor", "message": "Out of order tick for BTCUSDT", "mode": "PAPER"}
{"timestamp": "2026-08-14T16:06:22.214298Z", "level": "WARNING", "component": "data_monitor", "message": "Data gap detected for BTCUSDT: 120.0s", "mode": "PAPER"}
{"timestamp": "2026-08-14T16:06:22.216631Z", "level": "WARNING", "component": "data_monitor", "message": "Out of order tick for BTCUSDT", "mode": "PAPER"}
{"timestamp": "2026-08-14T16:06:22.380722Z", "level": "WARNING", "component": "data_monitor", "message": "Data gap detected for BTCUSDT: 120.0s", "mode": "PAPER"}
{"timestamp": "2026-08-14T16:06:22.383843Z", "level": "WARNING", "component": "data_monitor", "message": "Out of order tick for BTCUSDT", "mode": "PAPER"}
{"timestamp": "2026-08-14T16:06:22.556459Z", "level": "WARNING", "component": "data_monitor", "message": "Data gap detected for BTCUSDT: 120.0s", "mode": "PAPER"}
{"timestamp": "2026-08-14T16:06:22.564026Z", "level": "WARNING", "component": "data_monitor", "message": "Out of order tick for BTCUSDT", "mode": "PAPER"}
{"timestamp": "2026-08-14T16:06:22.741165Z", "level": "WARNING", "component": "data_monitor", "message": "Data gap detected for BTCUSDT: 120.0s", "mode": "PAPER"}
{"timestamp": "2026-08-14T16:06:22.742733Z", "level": "WARNING", "component": "data_monitor", "message": "Out of order tick for BTCUSDT", "mode": "PAPER"}
{"timestamp": "2026-08-14T16:06:22.926296Z", "level": "WARNING", "component": "data_monitor", "message": "Data gap detected for BTCUSDT: 120.0s", "mode": "PAPER"}
{"timestamp": "2026-08-14T16:06:22.927275Z", "level": "WARNING", "component": "data_monitor", "message": "Out of order tick for BTCUSDT", "mode": "PAPER"}
{"timestamp": "2026-08-14T16:06:23.128273Z", "level": "WARNING", "component": "data_monitor", "message": "Data gap detected for BTCUSDT: 120.0s", "mode": "PAPER"}
{"timestamp": "2026-08-14T16:06:23.129453Z", "level": "WARNING", "component": "data_monitor", "message": "Out of order tick for BTCUSDT", "mode": "PAPER"}
{"timestamp": "2026-08-14T16:06:23.280704Z", "level": "WARNING", "component": "data_monitor", "message": "Data gap detected for BTCUSDT: 120.0s", "mode": "PAPER"}
{"timestamp": "2026-08-14T16:06:23.281367Z", "level": "WARNING", "component": "data_monitor", "message": "Out of order tick for BTCUSDT", "mode": "PAPER"}
{"timestamp": "2026-08-14T16:06:23.443521Z", "level": "WARNING", "component": "data_monitor", "message": "Data gap detected for BTCUSDT: 120.0s", "mode": "PAPER"}
{"timestamp": "2026-08-14T16:06:23.445592Z", "level": "WARNING", "component": "data_monitor", "message": "Out of order tick for BTCUSDT", "mode": "PAPER"}
{"timestamp": "2026-08-14T16:06:23.624718Z", "level": "WARNING", "component": "data_monitor", "message": "Data gap detected for BTCUSDT: 120.0s", "mode": "PAPER"}
{"timestamp": "2026-08-14T16:06:23.626393Z", "level": "WARNING", "component": "data_monitor", "message": "Out of order tick for BTCUSDT", "mode": "PAPER"}
{"timestamp": "2026-08-14T16:06:23.804065Z", "level": "WARNING", "component": "data_monitor", "message": "Data gap detected for BTCUSDT: 120.0s", "mode": "PAPER"}
{"timestamp": "2026-08-14T16:06:23.805313Z", "level": "WARNING", "component": "data_monitor", "message": "Out of order tick for BTCUSDT", "mode": "PAPER"}
{"timestamp": "2026-08-14T16:06:23.975225Z", "level": "WARNING", "component": "data_monitor", "message": "Data gap detected for BTCUSDT: 120.0s", "mode": "PAPER"}
{"timestamp": "2026-08-14T16:06:23.976315Z", "level": "WARNING", "component": "data_monitor", "message": "Out of order tick for BTCUSDT", "mode": "PAPER"}
{"timestamp": "2026-08-14T16:06:24.142477Z", "level": "WARNING", "component": "data_monitor", "message": "Data gap detected for BTCUSDT: 120.0s", "mode": "PAPER"}
{"timestamp": "2026-08-14T16:06:24.143911Z", "level": "WARNING", "component": "data_monitor", "message": "Out of order tick for BTCUSDT", "mode": "PAPER"}
{"timestamp": "2026-08-14T16:06:24.306025Z", "level": "WARNING", "component": "data_monitor", "message": "Data gap detected for BTCUSDT: 120.0s", "mode": "PAPER"}
{"timestamp": "2026-08-14T16:06:24.308261Z", "level": "WARNING", "component": "data_monitor", "message": "Out of order tick for BTCUSDT", "mode": "PAPER"}
{"timestamp": "2026-08-14T16:06:24.464923Z", "level": "WARNING", "component": "data_monitor", "message": "Data gap detected for BTCUSDT: 120.0s", "mode": "PAPER"}
{"timestamp": "2026-08-14T16:06:24.467469Z", "level": "WARNING", "component": "data_monitor", "message": "Out of order tick for BTCUSDT", "mode": "PAPER"}
{"timestamp": "2026-08-14T16:06:24.643218Z", "level": "WARNING", "component": "data_monitor", "message": "Data gap detected for BTCUSDT: 120.0s", "mode": "PAPER"}
{"timestamp": "2026-08-14T16:06:24.644052Z", "level": "WARNING", "component": "data_monitor", "message": "Out of order tick for BTCUSDT", "mode": "PAPER"}
{"timestamp": "2026-08-14T16:06:24.804214Z", "level": "WARNING", "component": "data_monitor", "message": "Data gap detected for BTCUSDT: 120.0s", "mode": "PAPER"}
{"timestamp": "2026-08-14T16:06:24.805773Z", "level": "WARNING", "component": "data_monitor", "message": "Out of order tick for BTCUSDT", "mode": "PAPER"}
{"timestamp": "2026-08-14T16:06:24.988729Z", "level": "WARNING", "component": "data_monitor", "message": "Data gap detected for BTCUSDT: 120.0s", "mode": "PAPER"}
{"timestamp": "2026-08-14T16:06:24.990081Z", "level": "WARNING", "component": "data_monitor", "message": "Out of order tick for BTCUSDT", "mode": "PAPER"}
{"timestamp": "2026-08-14T16:06:25.158641Z", "level": "WARNING", "component": "data_monitor", "message": "Data gap detected for BTCUSDT: 120.0s", "mode": "PAPER"}
{"timestamp": "2026-08-14T16:06:25.160003Z", "level": "WARNING", "component": "data_monitor", "message": "Out of order tick for BTCUSDT", "mode": "PAPER"}
{"timestamp": "2026-08-14T16:06:25.327680Z", "level": "WARNING", "component": "data_monitor", "message": "Data gap detected for BTCUSDT: 120.0s", "mode": "PAPER"}
{"timestamp": "2026-08-14T16:06:25.329242Z", "level": "WARNING", "component": "data_monitor", "message": "Out of order tick for BTCUSDT", "mode": "PAPER"}
{"timestamp": "2026-08-14T16:06:25.494875Z", "level": "WARNING", "component": "data_monitor", "message": "Data gap detected for BTCUSDT: 120.0s", "mode": "PAPER"}
{"timestamp": "2026-08-14T16:06:25.495881Z", "level": "WARNING", "component": "data_monitor", "message": "Out of order tick for BTCUSDT", "mode": "PAPER"}
{"timestamp": "2026-08-14T16:06:25.664339Z", "level": "WARNING", "component": "data_monitor", "message": "Data gap detected for BTCUSDT: 120.0s", "mode": "PAPER"}
{"timestamp": "2026-08-14T16:06:25.666934Z", "level": "WARNING", "component": "data_monitor", "message": "Out of order tick for BTCUSDT", "mode": "PAPER"}
{"timestamp": "2026-08-14T16:06:25.832117Z", "level": "WARNING", "component": "data_monitor", "message": "Data gap detected for BTCUSDT: 120.0s", "mode": "PAPER"}
{"timestamp": "2026-08-14T16:06:25.834232Z", "level": "WARNING", "component": "data_monitor", "message": "Out of order tick for BTCUSDT", "mode": "PAPER"}
{"timestamp": "2026-08-14T16:06:26.000143Z", "level": "WARNING", "component": "data_monitor", "message": "Data gap detected for BTCUSDT: 120.0s", "mode": "PAPER"}
{"timestamp": "2026-08-14T16:06:26.007939Z", "level": "WARNING", "component": "data_monitor", "message": "Out of order tick for BTCUSDT", "mode": "PAPER"}
{"timestamp": "2026-08-14T16:06:26.174550Z", "level": "WARNING", "component": "data_monitor", "message": "Data gap detected for BTCUSDT: 120.0s", "mode": "PAPER"}
{"timestamp": "2026-08-14T16:06:26.175944Z", "level": "WARNING", "component": "data_monitor", "message": "Out of order tick for BTCUSDT", "mode": "PAPER"}
{"timestamp": "2026-08-14T16:06:26.348346Z", "level": "WARNING", "component": "data_monitor", "message": "Data gap detected for BTCUSDT: 120.0s", "mode": "PAPER"}
{"timestamp": "2026-08-14T16:06:26.349684Z", "level": "WARNING", "component": "data_monitor", "message": "Out of order tick for BTCUSDT", "mode": "PAPER"}
{"timestamp": "2026-08-14T16:06:26.515715Z", "level": "WARNING", "component": "data_monitor", "message": "Data gap detected for BTCUSDT: 120.0s", "mode": "PAPER"}
{"timestamp": "2026-08-14T16:06:26.517584Z", "level": "WARNING", "component": "data_monitor", "message": "Out of order tick for BTCUSDT", "mode": "PAPER"}
{"timestamp": "2026-08-14T16:06:26.686290Z", "level": "WARNING", "component": "data_monitor", "message": "Data gap detected for BTCUSDT: 120.0s", "mode": "PAPER"}
{"timestamp": "2026-08-14T16:06:26.688309Z", "level": "WARNING", "component": "data_monitor", "message": "Out of order tick for BTCUSDT", "mode": "PAPER"}
{"timestamp": "2026-08-14T16:06:26.858523Z", "level": "WARNING", "component": "data_monitor", "message": "Data gap detected for BTCUSDT: 120.0s", "mode": "PAPER"}
{"timestamp": "2026-08-14T16:06:26.860153Z", "level": "WARNING", "component": "data_monitor", "message": "Out of order tick for BTCUSDT", "mode": "PAPER"}
{"timestamp": "2026-08-14T16:06:27.045558Z", "level": "WARNING", "component": "data_monitor", "message": "Data gap detected for BTCUSDT: 120.0s", "mode": "PAPER"}
{"timestamp": "2026-08-14T16:06:27.047306Z", "level": "WARNING", "component": "data_monitor", "message": "Out of order tick for BTCUSDT", "mode": "PAPER"}
{"timestamp": "2026-08-14T16:06:27.226690Z", "level": "WARNING", "component": "data_monitor", "message": "Data gap detected for BTCUSDT: 120.0s", "mode": "PAPER"}
{"timestamp": "2026-08-14T16:06:27.228059Z", "level": "WARNING", "component": "data_monitor", "message": "Out of order tick for BTCUSDT", "mode": "PAPER"}
{"timestamp": "2026-08-14T16:06:27.397517Z", "level": "WARNING", "component": "data_monitor", "message": "Data gap detected for BTCUSDT: 120.0s", "mode": "PAPER"}
{"timestamp": "2026-08-14T16:06:27.399541Z", "level": "WARNING", "component": "data_monitor", "message": "Out of order tick for BTCUSDT", "mode": "PAPER"}
{"timestamp": "2026-08-14T16:06:27.569747Z", "level": "WARNING", "component": "data_monitor", "message": "Data gap detected for BTCUSDT: 120.0s", "mode": "PAPER"}
{"timestamp": "2026-08-14T16:06:27.571363Z", "level": "WARNING", "component": "data_monitor", "message": "Out of order tick for BTCUSDT", "mode": "PAPER"}
{"timestamp": "2026-08-14T16:06:27.748775Z", "level": "WARNING", "component": "data_monitor", "message": "Data gap detected for BTCUSDT: 120.0s", "mode": "PAPER"}
{"timestamp": "2026-08-14T16:06:27.750820Z", "level": "WARNING", "component": "data_monitor", "message": "Out of order tick for BTCUSDT", "mode": "PAPER"}
{"timestamp": "2026-08-14T16:06:27.938998Z", "level": "WARNING", "component": "data_monitor", "message": "Data gap detected for BTCUSDT: 120.0s", "mode": "PAPER"}
{"timestamp": "2026-08-14T16:06:27.940329Z", "level": "WARNING", "component": "data_monitor", "message": "Out of order tick for BTCUSDT", "mode": "PAPER"}
{"timestamp": "2026-08-14T16:06:28.110735Z", "level": "WARNING", "component": "data_monitor", "message": "Data gap detected for BTCUSDT: 120.0s", "mode": "PAPER"}
{"timestamp": "2026-08-14T16:06:28.112221Z", "level": "WARNING", "component": "data_monitor", "message": "Out of order tick for BTCUSDT", "mode": "PAPER"}
{"timestamp": "2026-08-14T16:06:28.285581Z", "level": "WARNING", "component": "data_monitor", "message": "Data gap detected for BTCUSDT: 120.0s", "mode": "PAPER"}
{"timestamp": "2026-08-14T16:06:28.286916Z", "level": "WARNING", "component": "data_monitor", "message": "Out of order tick for BTCUSDT", "mode": "PAPER"}
{"timestamp": "2026-08-14T16:06:28.457684Z", "level": "WARNING", "component": "data_monitor", "message": "Data gap detected for BTCUSDT: 120.0s", "mode": "PAPER"}
{"timestamp": "2026-08-14T16:06:28.459069Z", "level": "WARNING", "component": "data_monitor", "message": "Out of order tick for BTCUSDT", "mode": "PAPER"}
{"timestamp": "2026-08-14T16:06:28.623277Z", "level": "WARNING", "component": "data_monitor", "message": "Data gap detected for BTCUSDT: 120.0s", "mode": "PAPER"}
{"timestamp": "2026-08-14T16:06:28.624875Z", "level": "WARNING", "component": "data_monitor", "message": "Out of order tick for BTCUSDT", "mode": "PAPER"}
{"timestamp": "2026-08-14T16:06:28.789019Z", "level": "WARNING", "component": "data_monitor", "message": "Data gap detected for BTCUSDT: 120.0s", "mode": "PAPER"}
{"timestamp": "2026-08-14T16:06:28.790634Z", "level": "WARNING", "component": "data_monitor", "message": "Out of order tick for BTCUSDT", "mode": "PAPER"}
{"timestamp": "2026-08-14T16:06:28.946061Z", "level": "WARNING", "component": "data_monitor", "message": "Data gap detected for BTCUSDT: 120.0s", "mode": "PAPER"}
{"timestamp": "2026-08-14T16:06:28.947910Z", "level": "WARNING", "component": "data_monitor", "message": "Out of order tick for BTCUSDT", "mode": "PAPER"}
{"timestamp": "2026-08-14T16:06:29.116957Z", "level": "WARNING", "component": "data_monitor", "message": "Data gap detected for BTCUSDT: 120.0s", "mode": "PAPER"}
{"timestamp": "2026-08-14T16:06:29.118724Z", "level": "WARNING", "component": "data_monitor", "message": "Out of order tick for BTCUSDT", "mode": "PAPER"}
{"timestamp": "2026-08-14T16:06:29.284413Z", "level": "WARNING", "component": "data_monitor", "message": "Data gap detected for BTCUSDT: 120.0s", "mode": "PAPER"}
{"timestamp": "2026-08-14T16:06:29.286489Z", "level": "WARNING", "component": "data_monitor", "message": "Out of order tick for BTCUSDT", "mode": "PAPER"}
{"timestamp": "2026-08-14T16:06:29.502402Z", "level": "WARNING", "component": "data_monitor", "message": "Data gap detected for BTCUSDT: 120.0s", "mode": "PAPER"}
{"timestamp": "2026-08-14T16:06:29.513253Z", "level": "WARNING", "component": "data_monitor", "message": "Out of order tick for BTCUSDT", "mode": "PAPER"}
{"timestamp": "2026-08-14T16:06:29.729091Z", "level": "WARNING", "component": "data_monitor", "message": "Data gap detected for BTCUSDT: 120.0s", "mode": "PAPER"}
{"timestamp": "2026-08-14T16:06:29.731268Z", "level": "WARNING", "component": "data_monitor", "message": "Out of order tick for BTCUSDT", "mode": "PAPER"}
{"timestamp": "2026-08-14T16:06:29.915817Z", "level": "WARNING", "component": "data_monitor", "message": "Data gap detected for BTCUSDT: 120.0s", "mode": "PAPER"}
{"timestamp": "2026-08-14T16:06:29.917063Z", "level": "WARNING", "component": "data_monitor", "message": "Out of order tick for BTCUSDT", "mode": "PAPER"}
{"timestamp": "2026-08-14T16:06:30.091233Z", "level": "WARNING", "component": "data_monitor", "message": "Data gap detected for BTCUSDT: 120.0s", "mode": "PAPER"}
{"timestamp": "2026-08-14T16:06:30.092775Z", "level": "WARNING", "component": "data_monitor", "message": "Out of order tick for BTCUSDT", "mode": "PAPER"}
{"timestamp": "2026-08-14T16:06:30.278962Z", "level": "WARNING", "component": "data_monitor", "message": "Data gap detected for BTCUSDT: 120.0s", "mode": "PAPER"}
{"timestamp": "2026-08-14T16:06:30.281005Z", "level": "WARNING", "component": "data_monitor", "message": "Out of order tick for BTCUSDT", "mode": "PAPER"}
{"timestamp": "2026-08-14T16:06:30.455334Z", "level": "WARNING", "component": "data_monitor", "message": "Data gap detected for BTCUSDT: 120.0s", "mode": "PAPER"}
{"timestamp": "2026-08-14T16:06:30.457710Z", "level": "WARNING", "component": "data_monitor", "message": "Out of order tick for BTCUSDT", "mode": "PAPER"}
{"timestamp": "2026-08-14T16:06:30.625686Z", "level": "WARNING", "component": "data_monitor", "message": "Data gap detected for BTCUSDT: 120.0s", "mode": "PAPER"}
{"timestamp": "2026-08-14T16:06:30.627852Z", "level": "WARNING", "component": "data_monitor", "message": "Out of order tick for BTCUSDT", "mode": "PAPER"}
{"timestamp": "2026-08-14T16:06:30.796655Z", "level": "WARNING", "component": "data_monitor", "message": "Data gap detected for BTCUSDT: 120.0s", "mode": "PAPER"}
{"timestamp": "2026-08-14T16:06:30.798407Z", "level": "WARNING", "component": "data_monitor", "message": "Out of order tick for BTCUSDT", "mode": "PAPER"}
{"timestamp": "2026-08-14T16:06:30.957280Z", "level": "WARNING", "component": "data_monitor", "message": "Data gap detected for BTCUSDT: 120.0s", "mode": "PAPER"}
{"timestamp": "2026-08-14T16:06:30.958253Z", "level": "WARNING", "component": "data_monitor", "message": "Out of order tick for BTCUSDT", "mode": "PAPER"}
{"timestamp": "2026-08-14T16:06:31.124999Z", "level": "WARNING", "component": "data_monitor", "message": "Data gap detected for BTCUSDT: 120.0s", "mode": "PAPER"}
{"timestamp": "2026-08-14T16:06:31.127119Z", "level": "WARNING", "component": "data_monitor", "message": "Out of order tick for BTCUSDT", "mode": "PAPER"}
{"timestamp": "2026-08-14T16:06:31.291098Z", "level": "WARNING", "component": "data_monitor", "message": "Data gap detected for BTCUSDT: 120.0s", "mode": "PAPER"}
{"timestamp": "2026-08-14T16:06:31.292648Z", "level": "WARNING", "component": "data_monitor", "message": "Out of order tick for BTCUSDT", "mode": "PAPER"}
{"timestamp": "2026-08-14T16:06:31.464657Z", "level": "WARNING", "component": "data_monitor", "message": "Data gap detected for BTCUSDT: 120.0s", "mode": "PAPER"}
{"timestamp": "2026-08-14T16:06:31.467145Z", "level": "WARNING", "component": "data_monitor", "message": "Out of order tick for BTCUSDT", "mode": "PAPER"}
{"timestamp": "2026-08-14T16:06:31.643511Z", "level": "WARNING", "component": "data_monitor", "message": "Data gap detected for BTCUSDT: 120.0s", "mode": "PAPER"}
{"timestamp": "2026-08-14T16:06:31.645258Z", "level": "WARNING", "component": "data_monitor", "message": "Out of order tick for BTCUSDT", "mode": "PAPER"}
{"timestamp": "2026-08-14T16:06:31.824016Z", "level": "WARNING", "component": "data_monitor", "message": "Data gap detected for BTCUSDT: 120.0s", "mode": "PAPER"}
{"timestamp": "2026-08-14T16:06:31.826873Z", "level": "WARNING", "component": "data_monitor", "message": "Out of order tick for BTCUSDT", "mode": "PAPER"}
{"timestamp": "2026-08-14T16:06:32.000860Z", "level": "WARNING", "component": "data_monitor", "message": "Data gap detected for BTCUSDT: 120.0s", "mode": "PAPER"}
{"timestamp": "2026-08-14T16:06:32.002100Z", "level": "WARNING", "component": "data_monitor", "message": "Out of order tick for BTCUSDT", "mode": "PAPER"}
{"timestamp": "2026-08-14T16:06:32.169595Z", "level": "WARNING", "component": "data_monitor", "message": "Data gap detected for BTCUSDT: 120.0s", "mode": "PAPER"}
{"timestamp": "2026-08-14T16:06:32.171178Z", "level": "WARNING", "component": "data_monitor", "message": "Out of order tick for BTCUSDT", "mode": "PAPER"}
{"timestamp": "2026-08-14T16:06:32.327829Z", "level": "WARNING", "component": "data_monitor", "message": "Data gap detected for BTCUSDT: 120.0s", "mode": "PAPER"}
{"timestamp": "2026-08-14T16:06:32.329981Z", "level": "WARNING", "component": "data_monitor", "message": "Out of order tick for BTCUSDT", "mode": "PAPER"}
{"timestamp": "2026-08-14T16:06:32.486202Z", "level": "WARNING", "component": "data_monitor", "message": "Data gap detected for BTCUSDT: 120.0s", "mode": "PAPER"}
{"timestamp": "2026-08-14T16:06:32.488127Z", "level": "WARNING", "component": "data_monitor", "message": "Out of order tick for BTCUSDT", "mode": "PAPER"}
{"timestamp": "2026-08-14T16:06:32.652346Z", "level": "WARNING", "component": "data_monitor", "message": "Data gap detected for BTCUSDT: 120.0s", "mode": "PAPER"}
{"timestamp": "2026-08-14T16:06:32.653693Z", "level": "WARNING", "component": "data_monitor", "message": "Out of order tick for BTCUSDT", "mode": "PAPER"}
{"timestamp": "2026-08-14T16:06:32.829618Z", "level": "WARNING", "component": "data_monitor", "message": "Data gap detected for BTCUSDT: 120.0s", "mode": "PAPER"}
{"timestamp": "2026-08-14T16:06:32.832012Z", "level": "WARNING", "component": "data_monitor", "message": "Out of order tick for BTCUSDT", "mode": "PAPER"}
{"timestamp": "2026-08-14T16:06:33.001940Z", "level": "WARNING", "component": "data_monitor", "message": "Data gap detected for BTCUSDT: 120.0s", "mode": "PAPER"}
{"timestamp": "2026-08-14T16:06:33.008715Z", "level": "WARNING", "component": "data_monitor", "message": "Out of order tick for BTCUSDT", "mode": "PAPER"}
{"timestamp": "2026-08-14T16:06:33.174478Z", "level": "WARNING", "component": "data_monitor", "message": "Data gap detected for BTCUSDT: 120.0s", "mode": "PAPER"}
{"timestamp": "2026-08-14T16:06:33.176783Z", "level": "WARNING", "component": "data_monitor", "message": "Out of order tick for BTCUSDT", "mode": "PAPER"}
{"timestamp": "2026-08-14T16:06:33.338169Z", "level": "WARNING", "component": "data_monitor", "message": "Data gap detected for BTCUSDT: 120.0s", "mode": "PAPER"}
{"timestamp": "2026-08-14T16:06:33.339722Z", "level": "WARNING", "component": "data_monitor", "message": "Out of order tick for BTCUSDT", "mode": "PAPER"}
{"timestamp": "2026-08-14T16:06:33.509099Z", "level": "WARNING", "component": "data_monitor", "message": "Data gap detected for BTCUSDT: 120.0s", "mode": "PAPER"}
{"timestamp": "2026-08-14T16:06:33.511034Z", "level": "WARNING", "component": "data_monitor", "message": "Out of order tick for BTCUSDT", "mode": "PAPER"}
{"timestamp": "2026-08-14T16:06:33.678874Z", "level": "WARNING", "component": "data_monitor", "message": "Data gap detected for BTCUSDT: 120.0s", "mode": "PAPER"}
{"timestamp": "2026-08-14T16:06:33.680165Z", "level": "WARNING", "component": "data_monitor", "message": "Out of order tick for BTCUSDT", "mode": "PAPER"}
{"timestamp": "2026-08-14T16:06:33.847467Z", "level": "WARNING", "component": "data_monitor", "message": "Data gap detected for BTCUSDT: 120.0s", "mode": "PAPER"}
{"timestamp": "2026-08-14T16:06:33.849746Z", "level": "WARNING", "component": "data_monitor", "message": "Out of order tick for BTCUSDT", "mode": "PAPER"}
{"timestamp": "2026-08-14T16:06:34.015257Z", "level": "WARNING", "component": "data_monitor", "message": "Data gap detected for BTCUSDT: 120.0s", "mode": "PAPER"}
{"timestamp": "2026-08-14T16:06:34.017080Z", "level": "WARNING", "component": "data_monitor", "message": "Out of order tick for BTCUSDT", "mode": "PAPER"}
{"timestamp": "2026-08-14T16:06:34.186913Z", "level": "WARNING", "component": "data_monitor", "message": "Data gap detected for BTCUSDT: 120.0s", "mode": "PAPER"}
{"timestamp": "2026-08-14T16:06:34.189098Z", "level": "WARNING", "component": "data_monitor", "message": "Out of order tick for BTCUSDT", "mode": "PAPER"}
{"timestamp": "2026-08-14T16:06:34.344913Z", "level": "WARNING", "component": "data_monitor", "message": "Data gap detected for BTCUSDT: 120.0s", "mode": "PAPER"}
{"timestamp": "2026-08-14T16:06:34.347235Z", "level": "WARNING", "component": "data_monitor", "message": "Out of order tick for BTCUSDT", "mode": "PAPER"}
{"timestamp": "2026-08-14T16:06:34.519345Z", "level": "WARNING", "component": "data_monitor", "message": "Data gap detected for BTCUSDT: 120.0s", "mode": "PAPER"}
{"timestamp": "2026-08-14T16:06:34.522026Z", "level": "WARNING", "component": "data_monitor", "message": "Out of order tick for BTCUSDT", "mode": "PAPER"}
{"timestamp": "2026-08-14T16:06:34.692354Z", "level": "WARNING", "component": "data_monitor", "message": "Data gap detected for BTCUSDT: 120.0s", "mode": "PAPER"}
{"timestamp": "2026-08-14T16:06:34.694955Z", "level": "WARNING", "component": "data_monitor", "message": "Out of order tick for BTCUSDT", "mode": "PAPER"}
{"timestamp": "2026-08-14T16:06:34.876830Z", "level": "WARNING", "component": "data_monitor", "message": "Data gap detected for BTCUSDT: 120.0s", "mode": "PAPER"}
{"timestamp": "2026-08-14T16:06:34.878680Z", "level": "WARNING", "component": "data_monitor", "message": "Out of order tick for BTCUSDT", "mode": "PAPER"}
{"timestamp": "2026-08-14T16:06:35.057963Z", "level": "WARNING", "component": "data_monitor", "message": "Data gap detected for BTCUSDT: 120.0s", "mode": "PAPER"}
{"timestamp": "2026-08-14T16:06:35.059678Z", "level": "WARNING", "component": "data_monitor", "message": "Out of order tick for BTCUSDT", "mode": "PAPER"}
{"timestamp": "2026-08-14T16:06:35.207659Z", "level": "WARNING", "component": "data_monitor", "message": "Data gap detected for BTCUSDT: 120.0s", "mode": "PAPER"}
{"timestamp": "2026-08-14T16:06:35.209238Z", "level": "WARNING", "component": "data_monitor", "message": "Out of order tick for BTCUSDT", "mode": "PAPER"}
{"timestamp": "2026-08-14T16:06:35.383166Z", "level": "WARNING", "component": "data_monitor", "message": "Data gap detected for BTCUSDT: 120.0s", "mode": "PAPER"}
{"timestamp": "2026-08-14T16:06:35.385790Z", "level": "WARNING", "component": "data_monitor", "message": "Out of order tick for BTCUSDT", "mode": "PAPER"}
{"timestamp": "2026-08-14T16:06:35.551879Z", "level": "WARNING", "component": "data_monitor", "message": "Data gap detected for BTCUSDT: 120.0s", "mode": "PAPER"}
{"timestamp": "2026-08-14T16:06:35.553139Z", "level": "WARNING", "component": "data_monitor", "message": "Out of order tick for BTCUSDT", "mode": "PAPER"}
{"timestamp": "2026-08-14T16:06:35.724478Z", "level": "WARNING", "component": "data_monitor", "message": "Data gap detected for BTCUSDT: 120.0s", "mode": "PAPER"}
{"timestamp": "2026-08-14T16:06:35.726453Z", "level": "WARNING", "component": "data_monitor", "message": "Out of order tick for BTCUSDT", "mode": "PAPER"}
{"timestamp": "2026-08-14T16:06:35.907272Z", "level": "WARNING", "component": "data_monitor", "message": "Data gap detected for BTCUSDT: 120.0s", "mode": "PAPER"}
{"timestamp": "2026-08-14T16:06:35.909321Z", "level": "WARNING", "component": "data_monitor", "message": "Out of order tick for BTCUSDT", "mode": "PAPER"}
{"timestamp": "2026-08-14T16:06:36.074747Z", "level": "WARNING", "component": "data_monitor", "message": "Data gap detected for BTCUSDT: 120.0s", "mode": "PAPER"}
{"timestamp": "2026-08-14T16:06:36.076643Z", "level": "WARNING", "component": "data_monitor", "message": "Out of order tick for BTCUSDT", "mode": "PAPER"}
{"timestamp": "2026-08-14T16:06:36.251871Z", "level": "WARNING", "component": "data_monitor", "message": "Data gap detected for BTCUSDT: 120.0s", "mode": "PAPER"}
{"timestamp": "2026-08-14T16:06:36.253835Z", "level": "WARNING", "component": "data_monitor", "message": "Out of order tick for BTCUSDT", "mode": "PAPER"}
{"timestamp": "2026-08-14T16:06:36.458277Z", "level": "WARNING", "component": "data_monitor", "message": "Data gap detected for BTCUSDT: 120.0s", "mode": "PAPER"}
{"timestamp": "2026-08-14T16:06:36.467102Z", "level": "WARNING", "component": "data_monitor", "message": "Out of order tick for BTCUSDT", "mode": "PAPER"}
{"timestamp": "2026-08-14T16:06:36.633227Z", "level": "WARNING", "component": "data_monitor", "message": "Data gap detected for BTCUSDT: 120.0s", "mode": "PAPER"}
{"timestamp": "2026-08-14T16:06:36.635567Z", "level": "WARNING", "component": "data_monitor", "message": "Out of order tick for BTCUSDT", "mode": "PAPER"}
{"timestamp": "2026-08-14T16:06:36.803786Z", "level": "WARNING", "component": "data_monitor", "message": "Data gap detected for BTCUSDT: 120.0s", "mode": "PAPER"}
{"timestamp": "2026-08-14T16:06:36.805878Z", "level": "WARNING", "component": "data_monitor", "message": "Out of order tick for BTCUSDT", "mode": "PAPER"}
{"timestamp": "2026-08-14T16:06:36.972955Z", "level": "WARNING", "component": "data_monitor", "message": "Data gap detected for BTCUSDT: 120.0s", "mode": "PAPER"}
{"timestamp": "2026-08-14T16:06:36.974254Z", "level": "WARNING", "component": "data_monitor", "message": "Out of order tick for BTCUSDT", "mode": "PAPER"}
{"timestamp": "2026-08-14T16:06:37.129820Z", "level": "WARNING", "component": "data_monitor", "message": "Data gap detected for BTCUSDT: 120.0s", "mode": "PAPER"}
{"timestamp": "2026-08-14T16:06:37.131288Z", "level": "WARNING", "component": "data_monitor", "message": "Out of order tick for BTCUSDT", "mode": "PAPER"}
{"timestamp": "2026-08-14T16:06:37.297827Z", "level": "WARNING", "component": "data_monitor", "message": "Data gap detected for BTCUSDT: 120.0s", "mode": "PAPER"}
{"timestamp": "2026-08-14T16:06:37.299518Z", "level": "WARNING", "component": "data_monitor", "message": "Out of order tick for BTCUSDT", "mode": "PAPER"}
{"timestamp": "2026-08-14T16:06:37.472621Z", "level": "WARNING", "component": "data_monitor", "message": "Data gap detected for BTCUSDT: 120.0s", "mode": "PAPER"}
{"timestamp": "2026-08-14T16:06:37.474372Z", "level": "WARNING", "component": "data_monitor", "message": "Out of order tick for BTCUSDT", "mode": "PAPER"}
{"timestamp": "2026-08-14T16:06:37.645416Z", "level": "WARNING", "component": "data_monitor", "message": "Data gap detected for BTCUSDT: 120.0s", "mode": "PAPER"}
{"timestamp": "2026-08-14T16:06:37.647454Z", "level": "WARNING", "component": "data_monitor", "message": "Out of order tick for BTCUSDT", "mode": "PAPER"}
{"timestamp": "2026-08-14T16:06:37.796815Z", "level": "WARNING", "component": "data_monitor", "message": "Data gap detected for BTCUSDT: 120.0s", "mode": "PAPER"}
{"timestamp": "2026-08-14T16:06:37.798501Z", "level": "WARNING", "component": "data_monitor", "message": "Out of order tick for BTCUSDT", "mode": "PAPER"}
{"timestamp": "2026-08-14T16:06:37.967668Z", "level": "WARNING", "component": "data_monitor", "message": "Data gap detected for BTCUSDT: 120.0s", "mode": "PAPER"}
{"timestamp": "2026-08-14T16:06:37.968925Z", "level": "WARNING", "component": "data_monitor", "message": "Out of order tick for BTCUSDT", "mode": "PAPER"}
{"timestamp": "2026-08-14T16:06:38.138665Z", "level": "WARNING", "component": "data_monitor", "message": "Data gap detected for BTCUSDT: 120.0s", "mode": "PAPER"}
{"timestamp": "2026-08-14T16:06:38.140602Z", "level": "WARNING", "component": "data_monitor", "message": "Out of order tick for BTCUSDT", "mode": "PAPER"}
{"timestamp": "2026-08-14T16:06:38.314081Z", "level": "WARNING", "component": "data_monitor", "message": "Data gap detected for BTCUSDT: 120.0s", "mode": "PAPER"}
{"timestamp": "2026-08-14T16:06:38.315995Z", "level": "WARNING", "component": "data_monitor", "message": "Out of order tick for BTCUSDT", "mode": "PAPER"}
{"timestamp": "2026-08-14T16:06:38.484490Z", "level": "WARNING", "component": "data_monitor", "message": "Data gap detected for BTCUSDT: 120.0s", "mode": "PAPER"}
{"timestamp": "2026-08-14T16:06:38.486617Z", "level": "WARNING", "component": "data_monitor", "message": "Out of order tick for BTCUSDT", "mode": "PAPER"}
{"timestamp": "2026-08-14T16:06:38.656144Z", "level": "WARNING", "component": "data_monitor", "message": "Data gap detected for BTCUSDT: 120.0s", "mode": "PAPER"}
{"timestamp": "2026-08-14T16:06:38.658078Z", "level": "WARNING", "component": "data_monitor", "message": "Out of order tick for BTCUSDT", "mode": "PAPER"}
{"timestamp": "2026-08-14T16:06:38.824775Z", "level": "WARNING", "component": "data_monitor", "message": "Data gap detected for BTCUSDT: 120.0s", "mode": "PAPER"}
{"timestamp": "2026-08-14T16:06:38.826271Z", "level": "WARNING", "component": "data_monitor", "message": "Out of order tick for BTCUSDT", "mode": "PAPER"}
{"timestamp": "2026-08-14T16:06:38.975881Z", "level": "WARNING", "component": "data_monitor", "message": "Data gap detected for BTCUSDT: 120.0s", "mode": "PAPER"}
{"timestamp": "2026-08-14T16:06:38.977812Z", "level": "WARNING", "component": "data_monitor", "message": "Out of order tick for BTCUSDT", "mode": "PAPER"}
{"timestamp": "2026-08-14T16:06:39.144482Z", "level": "WARNING", "component": "data_monitor", "message": "Data gap detected for BTCUSDT: 120.0s", "mode": "PAPER"}
{"timestamp": "2026-08-14T16:06:39.146131Z", "level": "WARNING", "component": "data_monitor", "message": "Out of order tick for BTCUSDT", "mode": "PAPER"}
{"timestamp": "2026-08-14T16:06:39.317715Z", "level": "WARNING", "component": "data_monitor", "message": "Data gap detected for BTCUSDT: 120.0s", "mode": "PAPER"}
{"timestamp": "2026-08-14T16:06:39.320281Z", "level": "WARNING", "component": "data_monitor", "message": "Out of order tick for BTCUSDT", "mode": "PAPER"}
{"timestamp": "2026-08-14T16:06:39.493950Z", "level": "WARNING", "component": "data_monitor", "message": "Data gap detected for BTCUSDT: 120.0s", "mode": "PAPER"}
{"timestamp": "2026-08-14T16:06:39.496571Z", "level": "WARNING", "component": "data_monitor", "message": "Out of order tick for BTCUSDT", "mode": "PAPER"}
{"timestamp": "2026-08-14T16:06:39.660618Z", "level": "WARNING", "component": "data_monitor", "message": "Data gap detected for BTCUSDT: 120.0s", "mode": "PAPER"}
{"timestamp": "2026-08-14T16:06:39.662847Z", "level": "WARNING", "component": "data_monitor", "message": "Out of order tick for BTCUSDT", "mode": "PAPER"}
{"timestamp": "2026-08-14T16:06:39.831843Z", "level": "WARNING", "component": "data_monitor", "message": "Data gap detected for BTCUSDT: 120.0s", "mode": "PAPER"}
{"timestamp": "2026-08-14T16:06:39.837079Z", "level": "WARNING", "component": "data_monitor", "message": "Out of order tick for BTCUSDT", "mode": "PAPER"}
{"timestamp": "2026-08-14T16:06:40.015623Z", "level": "WARNING", "component": "data_monitor", "message": "Data gap detected for BTCUSDT: 120.0s", "mode": "PAPER"}
{"timestamp": "2026-08-14T16:06:40.017071Z", "level": "WARNING", "component": "data_monitor", "message": "Out of order tick for BTCUSDT", "mode": "PAPER"}
{"timestamp": "2026-08-14T16:06:40.183179Z", "level": "WARNING", "component": "data_monitor", "message": "Data gap detected for BTCUSDT: 120.0s", "mode": "PAPER"}
{"timestamp": "2026-08-14T16:06:40.185781Z", "level": "WARNING", "component": "data_monitor", "message": "Out of order tick for BTCUSDT", "mode": "PAPER"}
{"timestamp": "2026-08-14T16:06:40.356915Z", "level": "WARNING", "component": "data_monitor", "message": "Data gap detected for BTCUSDT: 120.0s", "mode": "PAPER"}
{"timestamp": "2026-08-14T16:06:40.359414Z", "level": "WARNING", "component": "data_monitor", "message": "Out of order tick for BTCUSDT", "mode": "PAPER"}
{"timestamp": "2026-08-14T16:06:40.533578Z", "level": "WARNING", "component": "data_monitor", "message": "Data gap detected for BTCUSDT: 120.0s", "mode": "PAPER"}
{"timestamp": "2026-08-14T16:06:40.535772Z", "level": "WARNING", "component": "data_monitor", "message": "Out of order tick for BTCUSDT", "mode": "PAPER"}
{"timestamp": "2026-08-14T16:06:40.698934Z", "level": "WARNING", "component": "data_monitor", "message": "Data gap detected for BTCUSDT: 120.0s", "mode": "PAPER"}
{"timestamp": "2026-08-14T16:06:40.700455Z", "level": "WARNING", "component": "data_monitor", "message": "Out of order tick for BTCUSDT", "mode": "PAPER"}
{"timestamp": "2026-08-14T16:06:40.859095Z", "level": "WARNING", "component": "data_monitor", "message": "Data gap detected for BTCUSDT: 120.0s", "mode": "PAPER"}
{"timestamp": "2026-08-14T16:06:40.861326Z", "level": "WARNING", "component": "data_monitor", "message": "Out of order tick for BTCUSDT", "mode": "PAPER"}
{"timestamp": "2026-08-14T16:06:41.035878Z", "level": "WARNING", "component": "data_monitor", "message": "Data gap detected for BTCUSDT: 120.0s", "mode": "PAPER"}
{"timestamp": "2026-08-14T16:06:41.037846Z", "level": "WARNING", "component": "data_monitor", "message": "Out of order tick for BTCUSDT", "mode": "PAPER"}
{"timestamp": "2026-08-14T16:06:41.205457Z", "level": "WARNING", "component": "data_monitor", "message": "Data gap detected for BTCUSDT: 120.0s", "mode": "PAPER"}
{"timestamp": "2026-08-14T16:06:41.207548Z", "level": "WARNING", "component": "data_monitor", "message": "Out of order tick for BTCUSDT", "mode": "PAPER"}
{"timestamp": "2026-08-14T16:06:41.385785Z", "level": "WARNING", "component": "data_monitor", "message": "Data gap detected for BTCUSDT: 120.0s", "mode": "PAPER"}
{"timestamp": "2026-08-14T16:06:41.387953Z", "level": "WARNING", "component": "data_monitor", "message": "Out of order tick for BTCUSDT", "mode": "PAPER"}
{"timestamp": "2026-08-14T16:06:41.554938Z", "level": "WARNING", "component": "data_monitor", "message": "Data gap detected for BTCUSDT: 120.0s", "mode": "PAPER"}
{"timestamp": "2026-08-14T16:06:41.556718Z", "level": "WARNING", "component": "data_monitor", "message": "Out of order tick for BTCUSDT", "mode": "PAPER"}
{"timestamp": "2026-08-14T16:06:41.738569Z", "level": "WARNING", "component": "data_monitor", "message": "Data gap detected for BTCUSDT: 120.0s", "mode": "PAPER"}
{"timestamp": "2026-08-14T16:06:41.739918Z", "level": "WARNING", "component": "data_monitor", "message": "Out of order tick for BTCUSDT", "mode": "PAPER"}
{"timestamp": "2026-08-14T16:06:41.910658Z", "level": "WARNING", "component": "data_monitor", "message": "Data gap detected for BTCUSDT: 120.0s", "mode": "PAPER"}
{"timestamp": "2026-08-14T16:06:41.913354Z", "level": "WARNING", "component": "data_monitor", "message": "Out of order tick for BTCUSDT", "mode": "PAPER"}
{"timestamp": "2026-08-14T16:06:42.080466Z", "level": "WARNING", "component": "data_monitor", "message": "Data gap detected for BTCUSDT: 120.0s", "mode": "PAPER"}
{"timestamp": "2026-08-14T16:06:42.081692Z", "level": "WARNING", "component": "data_monitor", "message": "Out of order tick for BTCUSDT", "mode": "PAPER"}
{"timestamp": "2026-08-14T16:06:42.239655Z", "level": "WARNING", "component": "data_monitor", "message": "Data gap detected for BTCUSDT: 120.0s", "mode": "PAPER"}
{"timestamp": "2026-08-14T16:06:42.241015Z", "level": "WARNING", "component": "data_monitor", "message": "Out of order tick for BTCUSDT", "mode": "PAPER"}
{"timestamp": "2026-08-14T16:06:42.412830Z", "level": "WARNING", "component": "data_monitor", "message": "Data gap detected for BTCUSDT: 120.0s", "mode": "PAPER"}
{"timestamp": "2026-08-14T16:06:42.414797Z", "level": "WARNING", "component": "data_monitor", "message": "Out of order tick for BTCUSDT", "mode": "PAPER"}
{"timestamp": "2026-08-14T16:06:42.583945Z", "level": "WARNING", "component": "data_monitor", "message": "Data gap detected for BTCUSDT: 120.0s", "mode": "PAPER"}
{"timestamp": "2026-08-14T16:06:42.586219Z", "level": "WARNING", "component": "data_monitor", "message": "Out of order tick for BTCUSDT", "mode": "PAPER"}
{"timestamp": "2026-08-14T16:06:42.758048Z", "level": "WARNING", "component": "data_monitor", "message": "Data gap detected for BTCUSDT: 120.0s", "mode": "PAPER"}
{"timestamp": "2026-08-14T16:06:42.759374Z", "level": "WARNING", "component": "data_monitor", "message": "Out of order tick for BTCUSDT", "mode": "PAPER"}
{"timestamp": "2026-08-14T16:06:42.918275Z", "level": "WARNING", "component": "data_monitor", "message": "Data gap detected for BTCUSDT: 120.0s", "mode": "PAPER"}
{"timestamp": "2026-08-14T16:06:42.920095Z", "level": "WARNING", "component": "data_monitor", "message": "Out of order tick for BTCUSDT", "mode": "PAPER"}
{"timestamp": "2026-08-14T16:06:43.102122Z", "level": "WARNING", "component": "data_monitor", "message": "Data gap detected for BTCUSDT: 120.0s", "mode": "PAPER"}
{"timestamp": "2026-08-14T16:06:43.103111Z", "level": "WARNING", "component": "data_monitor", "message": "Out of order tick for BTCUSDT", "mode": "PAPER"}
{"timestamp": "2026-08-14T16:06:43.347618Z", "level": "WARNING", "component": "data_monitor", "message": "Data gap detected for BTCUSDT: 120.0s", "mode": "PAPER"}
{"timestamp": "2026-08-14T16:06:43.355069Z", "level": "WARNING", "component": "data_monitor", "message": "Out of order tick for BTCUSDT", "mode": "PAPER"}
{"timestamp": "2026-08-14T16:06:43.520092Z", "level": "WARNING", "component": "data_monitor", "message": "Data gap detected for BTCUSDT: 120.0s", "mode": "PAPER"}
{"timestamp": "2026-08-14T16:06:43.521486Z", "level": "WARNING", "component": "data_monitor", "message": "Out of order tick for BTCUSDT", "mode": "PAPER"}
{"timestamp": "2026-08-14T16:06:43.690771Z", "level": "WARNING", "component": "data_monitor", "message": "Data gap detected for BTCUSDT: 120.0s", "mode": "PAPER"}
{"timestamp": "2026-08-14T16:06:43.692963Z", "level": "WARNING", "component": "data_monitor", "message": "Out of order tick for BTCUSDT", "mode": "PAPER"}
{"timestamp": "2026-08-14T16:06:43.853043Z", "level": "WARNING", "component": "data_monitor", "message": "Data gap detected for BTCUSDT: 120.0s", "mode": "PAPER"}
{"timestamp": "2026-08-14T16:06:43.854957Z", "level": "WARNING", "component": "data_monitor", "message": "Out of order tick for BTCUSDT", "mode": "PAPER"}
{"timestamp": "2026-08-14T16:06:44.030197Z", "level": "WARNING", "component": "data_monitor", "message": "Data gap detected for BTCUSDT: 120.0s", "mode": "PAPER"}
{"timestamp": "2026-08-14T16:06:44.031248Z", "level": "WARNING", "component": "data_monitor", "message": "Out of order tick for BTCUSDT", "mode": "PAPER"}
{"timestamp": "2026-08-14T16:06:44.183277Z", "level": "WARNING", "component": "data_monitor", "message": "Data gap detected for BTCUSDT: 120.0s", "mode": "PAPER"}
{"timestamp": "2026-08-14T16:06:44.185063Z", "level": "WARNING", "component": "data_monitor", "message": "Out of order tick for BTCUSDT", "mode": "PAPER"}
{"timestamp": "2026-08-14T16:06:44.332123Z", "level": "WARNING", "component": "data_monitor", "message": "Data gap detected for BTCUSDT: 120.0s", "mode": "PAPER"}
{"timestamp": "2026-08-14T16:06:44.335186Z", "level": "WARNING", "component": "data_monitor", "message": "Out of order tick for BTCUSDT", "mode": "PAPER"}
{"timestamp": "2026-08-14T16:06:44.510468Z", "level": "WARNING", "component": "data_monitor", "message": "Data gap detected for BTCUSDT: 120.0s", "mode": "PAPER"}
{"timestamp": "2026-08-14T16:06:44.513045Z", "level": "WARNING", "component": "data_monitor", "message": "Out of order tick for BTCUSDT", "mode": "PAPER"}
{"timestamp": "2026-08-14T16:06:44.666225Z", "level": "WARNING", "component": "data_monitor", "message": "Data gap detected for BTCUSDT: 120.0s", "mode": "PAPER"}
{"timestamp": "2026-08-14T16:06:44.667745Z", "level": "WARNING", "component": "data_monitor", "message": "Out of order tick for BTCUSDT", "mode": "PAPER"}
{"timestamp": "2026-08-14T16:06:44.829643Z", "level": "WARNING", "component": "data_monitor", "message": "Data gap detected for BTCUSDT: 120.0s", "mode": "PAPER"}
{"timestamp": "2026-08-14T16:06:44.831025Z", "level": "WARNING", "component": "data_monitor", "message": "Out of order tick for BTCUSDT", "mode": "PAPER"}
{"timestamp": "2026-08-14T16:06:44.997786Z", "level": "WARNING", "component": "data_monitor", "message": "Data gap detected for BTCUSDT: 120.0s", "mode": "PAPER"}
{"timestamp": "2026-08-14T16:06:44.999626Z", "level": "WARNING", "component": "data_monitor", "message": "Out of order tick for BTCUSDT", "mode": "PAPER"}
{"timestamp": "2026-08-14T16:06:45.181706Z", "level": "WARNING", "component": "data_monitor", "message": "Data gap detected for BTCUSDT: 120.0s", "mode": "PAPER"}
{"timestamp": "2026-08-14T16:06:45.183552Z", "level": "WARNING", "component": "data_monitor", "message": "Out of order tick for BTCUSDT", "mode": "PAPER"}
{"timestamp": "2026-08-14T16:06:45.340637Z", "level": "WARNING", "component": "data_monitor", "message": "Data gap detected for BTCUSDT: 120.0s", "mode": "PAPER"}
{"timestamp": "2026-08-14T16:06:45.344351Z", "level": "WARNING", "component": "data_monitor", "message": "Out of order tick for BTCUSDT", "mode": "PAPER"}
{"timestamp": "2026-08-14T16:06:45.523008Z", "level": "WARNING", "component": "data_monitor", "message": "Data gap detected for BTCUSDT: 120.0s", "mode": "PAPER"}
{"timestamp": "2026-08-14T16:06:45.525097Z", "level": "WARNING", "component": "data_monitor", "message": "Out of order tick for BTCUSDT", "mode": "PAPER"}
{"timestamp": "2026-08-14T16:06:45.702744Z", "level": "WARNING", "component": "data_monitor", "message": "Data gap detected for BTCUSDT: 120.0s", "mode": "PAPER"}
{"timestamp": "2026-08-14T16:06:45.704519Z", "level": "WARNING", "component": "data_monitor", "message": "Out of order tick for BTCUSDT", "mode": "PAPER"}
{"timestamp": "2026-08-14T16:06:45.871687Z", "level": "WARNING", "component": "data_monitor", "message": "Data gap detected for BTCUSDT: 120.0s", "mode": "PAPER"}
{"timestamp": "2026-08-14T16:06:45.873967Z", "level": "WARNING", "component": "data_monitor", "message": "Out of order tick for BTCUSDT", "mode": "PAPER"}
{"timestamp": "2026-08-14T16:06:46.033105Z", "level": "WARNING", "component": "data_monitor", "message": "Data gap detected for BTCUSDT: 120.0s", "mode": "PAPER"}
{"timestamp": "2026-08-14T16:06:46.035334Z", "level": "WARNING", "component": "data_monitor", "message": "Out of order tick for BTCUSDT", "mode": "PAPER"}
{"timestamp": "2026-08-14T16:06:46.184338Z", "level": "WARNING", "component": "data_monitor", "message": "Data gap detected for BTCUSDT: 120.0s", "mode": "PAPER"}
{"timestamp": "2026-08-14T16:06:46.186620Z", "level": "WARNING", "component": "data_monitor", "message": "Out of order tick for BTCUSDT", "mode": "PAPER"}
{"timestamp": "2026-08-14T16:06:46.364637Z", "level": "WARNING", "component": "data_monitor", "message": "Data gap detected for BTCUSDT: 120.0s", "mode": "PAPER"}
{"timestamp": "2026-08-14T16:06:46.367794Z", "level": "WARNING", "component": "data_monitor", "message": "Out of order tick for BTCUSDT", "mode": "PAPER"}
{"timestamp": "2026-08-14T16:06:46.535075Z", "level": "WARNING", "component": "data_monitor", "message": "Data gap detected for BTCUSDT: 120.0s", "mode": "PAPER"}
{"timestamp": "2026-08-14T16:06:46.536698Z", "level": "WARNING", "component": "data_monitor", "message": "Out of order tick for BTCUSDT", "mode": "PAPER"}
{"timestamp": "2026-08-14T16:06:46.702940Z", "level": "WARNING", "component": "data_monitor", "message": "Data gap detected for BTCUSDT: 120.0s", "mode": "PAPER"}
{"timestamp": "2026-08-14T16:06:46.710641Z", "level": "WARNING", "component": "data_monitor", "message": "Out of order tick for BTCUSDT", "mode": "PAPER"}
{"timestamp": "2026-08-14T16:06:46.879463Z", "level": "WARNING", "component": "data_monitor", "message": "Data gap detected for BTCUSDT: 120.0s", "mode": "PAPER"}
{"timestamp": "2026-08-14T16:06:46.881395Z", "level": "WARNING", "component": "data_monitor", "message": "Out of order tick for BTCUSDT", "mode": "PAPER"}
{"timestamp": "2026-08-14T16:06:47.047290Z", "level": "WARNING", "component": "data_monitor", "message": "Data gap detected for BTCUSDT: 120.0s", "mode": "PAPER"}
{"timestamp": "2026-08-14T16:06:47.049244Z", "level": "WARNING", "component": "data_monitor", "message": "Out of order tick for BTCUSDT", "mode": "PAPER"}
{"timestamp": "2026-08-14T16:06:47.216502Z", "level": "WARNING", "component": "data_monitor", "message": "Data gap detected for BTCUSDT: 120.0s", "mode": "PAPER"}
{"timestamp": "2026-08-14T16:06:47.218326Z", "level": "WARNING", "component": "data_monitor", "message": "Out of order tick for BTCUSDT", "mode": "PAPER"}
{"timestamp": "2026-08-14T16:06:47.390591Z", "level": "WARNING", "component": "data_monitor", "message": "Data gap detected for BTCUSDT: 120.0s", "mode": "PAPER"}
{"timestamp": "2026-08-14T16:06:47.392123Z", "level": "WARNING", "component": "data_monitor", "message": "Out of order tick for BTCUSDT", "mode": "PAPER"}
{"timestamp": "2026-08-14T16:06:47.561794Z", "level": "WARNING", "component": "data_monitor", "message": "Data gap detected for BTCUSDT: 120.0s", "mode": "PAPER"}
{"timestamp": "2026-08-14T16:06:47.563130Z", "level": "WARNING", "component": "data_monitor", "message": "Out of order tick for BTCUSDT", "mode": "PAPER"}
{"timestamp": "2026-08-14T16:06:47.735722Z", "level": "WARNING", "component": "data_monitor", "message": "Data gap detected for BTCUSDT: 120.0s", "mode": "PAPER"}
{"timestamp": "2026-08-14T16:06:47.737078Z", "level": "WARNING", "component": "data_monitor", "message": "Out of order tick for BTCUSDT", "mode": "PAPER"}
{"timestamp": "2026-08-14T16:06:47.905193Z", "level": "WARNING", "component": "data_monitor", "message": "Data gap detected for BTCUSDT: 120.0s", "mode": "PAPER"}
{"timestamp": "2026-08-14T16:06:47.906545Z", "level": "WARNING", "component": "data_monitor", "message": "Out of order tick for BTCUSDT", "mode": "PAPER"}
{"timestamp": "2026-08-14T16:06:48.070601Z", "level": "WARNING", "component": "data_monitor", "message": "Data gap detected for BTCUSDT: 120.0s", "mode": "PAPER"}
{"timestamp": "2026-08-14T16:06:48.072369Z", "level": "WARNING", "component": "data_monitor", "message": "Out of order tick for BTCUSDT", "mode": "PAPER"}
{"timestamp": "2026-08-14T16:06:48.245237Z", "level": "WARNING", "component": "data_monitor", "message": "Data gap detected for BTCUSDT: 120.0s", "mode": "PAPER"}
{"timestamp": "2026-08-14T16:06:48.246468Z", "level": "WARNING", "component": "data_monitor", "message": "Out of order tick for BTCUSDT", "mode": "PAPER"}
{"timestamp": "2026-08-14T16:06:48.411808Z", "level": "WARNING", "component": "data_monitor", "message": "Data gap detected for BTCUSDT: 120.0s", "mode": "PAPER"}
{"timestamp": "2026-08-14T16:06:48.413185Z", "level": "WARNING", "component": "data_monitor", "message": "Out of order tick for BTCUSDT", "mode": "PAPER"}
{"timestamp": "2026-08-14T16:06:48.581940Z", "level": "WARNING", "component": "data_monitor", "message": "Data gap detected for BTCUSDT: 120.0s", "mode": "PAPER"}
{"timestamp": "2026-08-14T16:06:48.583459Z", "level": "WARNING", "component": "data_monitor", "message": "Out of order tick for BTCUSDT", "mode": "PAPER"}
{"timestamp": "2026-08-14T16:06:48.751663Z", "level": "WARNING", "component": "data_monitor", "message": "Data gap detected for BTCUSDT: 120.0s", "mode": "PAPER"}
{"timestamp": "2026-08-14T16:06:48.754363Z", "level": "WARNING", "component": "data_monitor", "message": "Out of order tick for BTCUSDT", "mode": "PAPER"}
{"timestamp": "2026-08-14T16:06:48.920161Z", "level": "WARNING", "component": "data_monitor", "message": "Data gap detected for BTCUSDT: 120.0s", "mode": "PAPER"}
{"timestamp": "2026-08-14T16:06:48.922226Z", "level": "WARNING", "component": "data_monitor", "message": "Out of order tick for BTCUSDT", "mode": "PAPER"}
{"timestamp": "2026-08-14T16:06:49.095936Z", "level": "WARNING", "component": "data_monitor", "message": "Data gap detected for BTCUSDT: 120.0s", "mode": "PAPER"}
{"timestamp": "2026-08-14T16:06:49.097654Z", "level": "WARNING", "component": "data_monitor", "message": "Out of order tick for BTCUSDT", "mode": "PAPER"}
{"timestamp": "2026-08-14T16:06:49.261716Z", "level": "WARNING", "component": "data_monitor", "message": "Data gap detected for BTCUSDT: 120.0s", "mode": "PAPER"}
{"timestamp": "2026-08-14T16:06:49.264029Z", "level": "WARNING", "component": "data_monitor", "message": "Out of order tick for BTCUSDT", "mode": "PAPER"}
{"timestamp": "2026-08-14T16:06:49.430331Z", "level": "WARNING", "component": "data_monitor", "message": "Data gap detected for BTCUSDT: 120.0s", "mode": "PAPER"}
{"timestamp": "2026-08-14T16:06:49.432883Z", "level": "WARNING", "component": "data_monitor", "message": "Out of order tick for BTCUSDT", "mode": "PAPER"}
{"timestamp": "2026-08-14T16:06:49.610308Z", "level": "WARNING", "component": "data_monitor", "message": "Data gap detected for BTCUSDT: 120.0s", "mode": "PAPER"}
{"timestamp": "2026-08-14T16:06:49.610308Z", "level": "WARNING", "component": "data_monitor", "message": "Out of order tick for BTCUSDT", "mode": "PAPER"}
{"timestamp": "2026-08-14T16:06:49.786254Z", "level": "WARNING", "component": "data_monitor", "message": "Data gap detected for BTCUSDT: 120.0s", "mode": "PAPER"}
{"timestamp": "2026-08-14T16:06:49.788048Z", "level": "WARNING", "component": "data_monitor", "message": "Out of order tick for BTCUSDT", "mode": "PAPER"}
{"timestamp": "2026-08-14T16:06:49.972028Z", "level": "WARNING", "component": "data_monitor", "message": "Data gap detected for BTCUSDT: 120.0s", "mode": "PAPER"}
{"timestamp": "2026-08-14T16:06:49.973013Z", "level": "WARNING", "component": "data_monitor", "message": "Out of order tick for BTCUSDT", "mode": "PAPER"}
{"timestamp": "2026-08-14T16:06:50.141934Z", "level": "WARNING", "component": "data_monitor", "message": "Data gap detected for BTCUSDT: 120.0s", "mode": "PAPER"}
{"timestamp": "2026-08-14T16:06:50.150194Z", "level": "WARNING", "component": "data_monitor", "message": "Out of order tick for BTCUSDT", "mode": "PAPER"}
{"timestamp": "2026-08-14T16:06:50.320697Z", "level": "WARNING", "component": "data_monitor", "message": "Data gap detected for BTCUSDT: 120.0s", "mode": "PAPER"}
{"timestamp": "2026-08-14T16:06:50.322262Z", "level": "WARNING", "component": "data_monitor", "message": "Out of order tick for BTCUSDT", "mode": "PAPER"}
{"timestamp": "2026-08-14T16:06:50.487818Z", "level": "WARNING", "component": "data_monitor", "message": "Data gap detected for BTCUSDT: 120.0s", "mode": "PAPER"}
{"timestamp": "2026-08-14T16:06:50.489464Z", "level": "WARNING", "component": "data_monitor", "message": "Out of order tick for BTCUSDT", "mode": "PAPER"}
{"timestamp": "2026-08-14T16:06:50.655077Z", "level": "WARNING", "component": "data_monitor", "message": "Data gap detected for BTCUSDT: 120.0s", "mode": "PAPER"}
{"timestamp": "2026-08-14T16:06:50.657402Z", "level": "WARNING", "component": "data_monitor", "message": "Out of order tick for BTCUSDT", "mode": "PAPER"}
{"timestamp": "2026-08-14T16:06:50.835163Z", "level": "WARNING", "component": "data_monitor", "message": "Data gap detected for BTCUSDT: 120.0s", "mode": "PAPER"}
{"timestamp": "2026-08-14T16:06:50.837797Z", "level": "WARNING", "component": "data_monitor", "message": "Out of order tick for BTCUSDT", "mode": "PAPER"}
{"timestamp": "2026-08-14T16:06:51.019418Z", "level": "WARNING", "component": "data_monitor", "message": "Data gap detected for BTCUSDT: 120.0s", "mode": "PAPER"}
{"timestamp": "2026-08-14T16:06:51.021859Z", "level": "WARNING", "component": "data_monitor", "message": "Out of order tick for BTCUSDT", "mode": "PAPER"}
{"timestamp": "2026-08-14T16:06:51.193967Z", "level": "WARNING", "component": "data_monitor", "message": "Data gap detected for BTCUSDT: 120.0s", "mode": "PAPER"}
{"timestamp": "2026-08-14T16:06:51.195773Z", "level": "WARNING", "component": "data_monitor", "message": "Out of order tick for BTCUSDT", "mode": "PAPER"}
{"timestamp": "2026-08-14T16:06:51.368421Z", "level": "WARNING", "component": "data_monitor", "message": "Data gap detected for BTCUSDT: 120.0s", "mode": "PAPER"}
{"timestamp": "2026-08-14T16:06:51.371043Z", "level": "WARNING", "component": "data_monitor", "message": "Out of order tick for BTCUSDT", "mode": "PAPER"}
{"timestamp": "2026-08-14T16:06:51.541727Z", "level": "WARNING", "component": "data_monitor", "message": "Data gap detected for BTCUSDT: 120.0s", "mode": "PAPER"}
{"timestamp": "2026-08-14T16:06:51.543249Z", "level": "WARNING", "component": "data_monitor", "message": "Out of order tick for BTCUSDT", "mode": "PAPER"}
{"timestamp": "2026-08-14T16:06:51.710588Z", "level": "WARNING", "component": "data_monitor", "message": "Data gap detected for BTCUSDT: 120.0s", "mode": "PAPER"}
{"timestamp": "2026-08-14T16:06:51.712675Z", "level": "WARNING", "component": "data_monitor", "message": "Out of order tick for BTCUSDT", "mode": "PAPER"}
{"timestamp": "2026-08-14T16:06:51.879776Z", "level": "WARNING", "component": "data_monitor", "message": "Data gap detected for BTCUSDT: 120.0s", "mode": "PAPER"}
{"timestamp": "2026-08-14T16:06:51.881313Z", "level": "WARNING", "component": "data_monitor", "message": "Out of order tick for BTCUSDT", "mode": "PAPER"}
{"timestamp": "2026-08-14T16:06:52.050930Z", "level": "WARNING", "component": "data_monitor", "message": "Data gap detected for BTCUSDT: 120.0s", "mode": "PAPER"}
{"timestamp": "2026-08-14T16:06:52.052481Z", "level": "WARNING", "component": "data_monitor", "message": "Out of order tick for BTCUSDT", "mode": "PAPER"}
{"timestamp": "2026-08-14T16:06:52.222573Z", "level": "WARNING", "component": "data_monitor", "message": "Data gap detected for BTCUSDT: 120.0s", "mode": "PAPER"}
{"timestamp": "2026-08-14T16:06:52.224730Z", "level": "WARNING", "component": "data_monitor", "message": "Out of order tick for BTCUSDT", "mode": "PAPER"}
{"timestamp": "2026-08-14T16:06:52.378889Z", "level": "WARNING", "component": "data_monitor", "message": "Data gap detected for BTCUSDT: 120.0s", "mode": "PAPER"}
{"timestamp": "2026-08-14T16:06:52.380997Z", "level": "WARNING", "component": "data_monitor", "message": "Out of order tick for BTCUSDT", "mode": "PAPER"}
{"timestamp": "2026-08-14T16:06:52.562753Z", "level": "WARNING", "component": "data_monitor", "message": "Data gap detected for BTCUSDT: 120.0s", "mode": "PAPER"}
{"timestamp": "2026-08-14T16:06:52.564713Z", "level": "WARNING", "component": "data_monitor", "message": "Out of order tick for BTCUSDT", "mode": "PAPER"}
{"timestamp": "2026-08-14T16:06:52.736864Z", "level": "WARNING", "component": "data_monitor", "message": "Data gap detected for BTCUSDT: 120.0s", "mode": "PAPER"}
{"timestamp": "2026-08-14T16:06:52.739033Z", "level": "WARNING", "component": "data_monitor", "message": "Out of order tick for BTCUSDT", "mode": "PAPER"}
{"timestamp": "2026-08-14T16:06:52.918117Z", "level": "WARNING", "component": "data_monitor", "message": "Data gap detected for BTCUSDT: 120.0s", "mode": "PAPER"}
{"timestamp": "2026-08-14T16:06:52.920343Z", "level": "WARNING", "component": "data_monitor", "message": "Out of order tick for BTCUSDT", "mode": "PAPER"}
{"timestamp": "2026-08-14T16:06:53.093292Z", "level": "WARNING", "component": "data_monitor", "message": "Data gap detected for BTCUSDT: 120.0s", "mode": "PAPER"}
{"timestamp": "2026-08-14T16:06:53.095687Z", "level": "WARNING", "component": "data_monitor", "message": "Out of order tick for BTCUSDT", "mode": "PAPER"}
{"timestamp": "2026-08-14T16:06:53.302976Z", "level": "WARNING", "component": "data_monitor", "message": "Data gap detected for BTCUSDT: 120.0s", "mode": "PAPER"}
{"timestamp": "2026-08-14T16:06:53.303957Z", "level": "WARNING", "component": "data_monitor", "message": "Out of order tick for BTCUSDT", "mode": "PAPER"}
{"timestamp": "2026-08-14T16:06:53.513030Z", "level": "WARNING", "component": "data_monitor", "message": "Data gap detected for BTCUSDT: 120.0s", "mode": "PAPER"}
{"timestamp": "2026-08-14T16:06:53.514841Z", "level": "WARNING", "component": "data_monitor", "message": "Out of order tick for BTCUSDT", "mode": "PAPER"}
{"timestamp": "2026-08-14T16:06:53.693846Z", "level": "WARNING", "component": "data_monitor", "message": "Data gap detected for BTCUSDT: 120.0s", "mode": "PAPER"}
{"timestamp": "2026-08-14T16:06:53.701947Z", "level": "WARNING", "component": "data_monitor", "message": "Out of order tick for BTCUSDT", "mode": "PAPER"}
{"timestamp": "2026-08-14T16:06:53.878238Z", "level": "WARNING", "component": "data_monitor", "message": "Data gap detected for BTCUSDT: 120.0s", "mode": "PAPER"}
{"timestamp": "2026-08-14T16:06:53.880193Z", "level": "WARNING", "component": "data_monitor", "message": "Out of order tick for BTCUSDT", "mode": "PAPER"}
{"timestamp": "2026-08-14T16:06:54.057377Z", "level": "WARNING", "component": "data_monitor", "message": "Data gap detected for BTCUSDT: 120.0s", "mode": "PAPER"}
{"timestamp": "2026-08-14T16:06:54.059021Z", "level": "WARNING", "component": "data_monitor", "message": "Out of order tick for BTCUSDT", "mode": "PAPER"}
{"timestamp": "2026-08-14T16:06:54.224157Z", "level": "WARNING", "component": "data_monitor", "message": "Data gap detected for BTCUSDT: 120.0s", "mode": "PAPER"}
{"timestamp": "2026-08-14T16:06:54.226607Z", "level": "WARNING", "component": "data_monitor", "message": "Out of order tick for BTCUSDT", "mode": "PAPER"}
{"timestamp": "2026-08-14T16:06:54.396886Z", "level": "WARNING", "component": "data_monitor", "message": "Data gap detected for BTCUSDT: 120.0s", "mode": "PAPER"}
{"timestamp": "2026-08-14T16:06:54.398445Z", "level": "WARNING", "component": "data_monitor", "message": "Out of order tick for BTCUSDT", "mode": "PAPER"}
{"timestamp": "2026-08-14T16:06:54.567439Z", "level": "WARNING", "component": "data_monitor", "message": "Data gap detected for BTCUSDT: 120.0s", "mode": "PAPER"}
{"timestamp": "2026-08-14T16:06:54.569224Z", "level": "WARNING", "component": "data_monitor", "message": "Out of order tick for BTCUSDT", "mode": "PAPER"}
{"timestamp": "2026-08-14T16:06:54.746926Z", "level": "WARNING", "component": "data_monitor", "message": "Data gap detected for BTCUSDT: 120.0s", "mode": "PAPER"}
{"timestamp": "2026-08-14T16:06:54.748578Z", "level": "WARNING", "component": "data_monitor", "message": "Out of order tick for BTCUSDT", "mode": "PAPER"}
{"timestamp": "2026-08-14T16:06:54.924986Z", "level": "WARNING", "component": "data_monitor", "message": "Data gap detected for BTCUSDT: 120.0s", "mode": "PAPER"}
{"timestamp": "2026-08-14T16:06:54.927050Z", "level": "WARNING", "component": "data_monitor", "message": "Out of order tick for BTCUSDT", "mode": "PAPER"}
{"timestamp": "2026-08-14T16:06:55.087539Z", "level": "WARNING", "component": "data_monitor", "message": "Data gap detected for BTCUSDT: 120.0s", "mode": "PAPER"}
{"timestamp": "2026-08-14T16:06:55.089972Z", "level": "WARNING", "component": "data_monitor", "message": "Out of order tick for BTCUSDT", "mode": "PAPER"}
{"timestamp": "2026-08-14T16:06:55.241525Z", "level": "WARNING", "component": "data_monitor", "message": "Data gap detected for BTCUSDT: 120.0s", "mode": "PAPER"}
{"timestamp": "2026-08-14T16:06:55.244240Z", "level": "WARNING", "component": "data_monitor", "message": "Out of order tick for BTCUSDT", "mode": "PAPER"}
{"timestamp": "2026-08-14T16:06:55.409613Z", "level": "WARNING", "component": "data_monitor", "message": "Data gap detected for BTCUSDT: 120.0s", "mode": "PAPER"}
{"timestamp": "2026-08-14T16:06:55.411555Z", "level": "WARNING", "component": "data_monitor", "message": "Out of order tick for BTCUSDT", "mode": "PAPER"}
{"timestamp": "2026-08-14T16:06:55.568285Z", "level": "WARNING", "component": "data_monitor", "message": "Data gap detected for BTCUSDT: 120.0s", "mode": "PAPER"}
{"timestamp": "2026-08-14T16:06:55.570061Z", "level": "WARNING", "component": "data_monitor", "message": "Out of order tick for BTCUSDT", "mode": "PAPER"}
{"timestamp": "2026-08-14T16:06:55.728476Z", "level": "WARNING", "component": "data_monitor", "message": "Data gap detected for BTCUSDT: 120.0s", "mode": "PAPER"}
{"timestamp": "2026-08-14T16:06:55.730714Z", "level": "WARNING", "component": "data_monitor", "message": "Out of order tick for BTCUSDT", "mode": "PAPER"}
{"timestamp": "2026-08-14T16:06:55.881494Z", "level": "WARNING", "component": "data_monitor", "message": "Data gap detected for BTCUSDT: 120.0s", "mode": "PAPER"}
{"timestamp": "2026-08-14T16:06:55.883438Z", "level": "WARNING", "component": "data_monitor", "message": "Out of order tick for BTCUSDT", "mode": "PAPER"}
{"timestamp": "2026-08-14T16:06:56.039548Z", "level": "WARNING", "component": "data_monitor", "message": "Data gap detected for BTCUSDT: 120.0s", "mode": "PAPER"}
{"timestamp": "2026-08-14T16:06:56.041397Z", "level": "WARNING", "component": "data_monitor", "message": "Out of order tick for BTCUSDT", "mode": "PAPER"}
{"timestamp": "2026-08-14T16:06:56.199330Z", "level": "WARNING", "component": "data_monitor", "message": "Data gap detected for BTCUSDT: 120.0s", "mode": "PAPER"}
{"timestamp": "2026-08-14T16:06:56.201701Z", "level": "WARNING", "component": "data_monitor", "message": "Out of order tick for BTCUSDT", "mode": "PAPER"}
{"timestamp": "2026-08-14T16:06:56.366104Z", "level": "WARNING", "component": "data_monitor", "message": "Data gap detected for BTCUSDT: 120.0s", "mode": "PAPER"}
{"timestamp": "2026-08-14T16:06:56.367849Z", "level": "WARNING", "component": "data_monitor", "message": "Out of order tick for BTCUSDT", "mode": "PAPER"}
{"timestamp": "2026-08-14T16:06:56.510737Z", "level": "WARNING", "component": "data_monitor", "message": "Data gap detected for BTCUSDT: 120.0s", "mode": "PAPER"}
{"timestamp": "2026-08-14T16:06:56.512325Z", "level": "WARNING", "component": "data_monitor", "message": "Out of order tick for BTCUSDT", "mode": "PAPER"}
{"timestamp": "2026-08-14T16:06:56.649925Z", "level": "WARNING", "component": "data_monitor", "message": "Data gap detected for BTCUSDT: 120.0s", "mode": "PAPER"}
{"timestamp": "2026-08-14T16:06:56.650909Z", "level": "WARNING", "component": "data_monitor", "message": "Out of order tick for BTCUSDT", "mode": "PAPER"}
{"timestamp": "2026-08-14T16:06:56.798344Z", "level": "WARNING", "component": "data_monitor", "message": "Data gap detected for BTCUSDT: 120.0s", "mode": "PAPER"}
{"timestamp": "2026-08-14T16:06:56.800180Z", "level": "WARNING", "component": "data_monitor", "message": "Out of order tick for BTCUSDT", "mode": "PAPER"}
{"timestamp": "2026-08-14T16:06:56.948906Z", "level": "WARNING", "component": "data_monitor", "message": "Data gap detected for BTCUSDT: 120.0s", "mode": "PAPER"}
{"timestamp": "2026-08-14T16:06:56.955642Z", "level": "WARNING", "component": "data_monitor", "message": "Out of order tick for BTCUSDT", "mode": "PAPER"}
{"timestamp": "2026-08-14T16:06:57.099753Z", "level": "WARNING", "component": "data_monitor", "message": "Data gap detected for BTCUSDT: 120.0s", "mode": "PAPER"}
{"timestamp": "2026-08-14T16:06:57.101748Z", "level": "WARNING", "component": "data_monitor", "message": "Out of order tick for BTCUSDT", "mode": "PAPER"}
{"timestamp": "2026-08-14T16:06:57.251653Z", "level": "WARNING", "component": "data_monitor", "message": "Data gap detected for BTCUSDT: 120.0s", "mode": "PAPER"}
{"timestamp": "2026-08-14T16:06:57.253661Z", "level": "WARNING", "component": "data_monitor", "message": "Out of order tick for BTCUSDT", "mode": "PAPER"}
{"timestamp": "2026-08-14T16:06:57.423993Z", "level": "WARNING", "component": "data_monitor", "message": "Data gap detected for BTCUSDT: 120.0s", "mode": "PAPER"}
{"timestamp": "2026-08-14T16:06:57.426027Z", "level": "WARNING", "component": "data_monitor", "message": "Out of order tick for BTCUSDT", "mode": "PAPER"}
{"timestamp": "2026-08-14T16:06:57.577081Z", "level": "WARNING", "component": "data_monitor", "message": "Data gap detected for BTCUSDT: 120.0s", "mode": "PAPER"}
{"timestamp": "2026-08-14T16:06:57.578412Z", "level": "WARNING", "component": "data_monitor", "message": "Out of order tick for BTCUSDT", "mode": "PAPER"}
{"timestamp": "2026-08-14T16:06:57.739299Z", "level": "WARNING", "component": "data_monitor", "message": "Data gap detected for BTCUSDT: 120.0s", "mode": "PAPER"}
{"timestamp": "2026-08-14T16:06:57.741272Z", "level": "WARNING", "component": "data_monitor", "message": "Out of order tick for BTCUSDT", "mode": "PAPER"}
{"timestamp": "2026-08-14T16:06:57.894579Z", "level": "WARNING", "component": "data_monitor", "message": "Data gap detected for BTCUSDT: 120.0s", "mode": "PAPER"}
{"timestamp": "2026-08-14T16:06:57.895509Z", "level": "WARNING", "component": "data_monitor", "message": "Out of order tick for BTCUSDT", "mode": "PAPER"}
{"timestamp": "2026-08-14T16:06:58.059041Z", "level": "WARNING", "component": "data_monitor", "message": "Data gap detected for BTCUSDT: 120.0s", "mode": "PAPER"}
{"timestamp": "2026-08-14T16:06:58.061524Z", "level": "WARNING", "component": "data_monitor", "message": "Out of order tick for BTCUSDT", "mode": "PAPER"}
{"timestamp": "2026-08-14T16:06:58.210085Z", "level": "WARNING", "component": "data_monitor", "message": "Data gap detected for BTCUSDT: 120.0s", "mode": "PAPER"}
{"timestamp": "2026-08-14T16:06:58.210085Z", "level": "WARNING", "component": "data_monitor", "message": "Out of order tick for BTCUSDT", "mode": "PAPER"}
{"timestamp": "2026-08-14T16:06:58.361523Z", "level": "WARNING", "component": "data_monitor", "message": "Data gap detected for BTCUSDT: 120.0s", "mode": "PAPER"}
{"timestamp": "2026-08-14T16:06:58.362864Z", "level": "WARNING", "component": "data_monitor", "message": "Out of order tick for BTCUSDT", "mode": "PAPER"}
{"timestamp": "2026-08-14T16:06:58.511793Z", "level": "WARNING", "component": "data_monitor", "message": "Data gap detected for BTCUSDT: 120.0s", "mode": "PAPER"}
{"timestamp": "2026-08-14T16:06:58.513205Z", "level": "WARNING", "component": "data_monitor", "message": "Out of order tick for BTCUSDT", "mode": "PAPER"}
{"timestamp": "2026-08-14T16:06:58.662894Z", "level": "WARNING", "component": "data_monitor", "message": "Data gap detected for BTCUSDT: 120.0s", "mode": "PAPER"}
{"timestamp": "2026-08-14T16:06:58.664613Z", "level": "WARNING", "component": "data_monitor", "message": "Out of order tick for BTCUSDT", "mode": "PAPER"}
{"timestamp": "2026-08-14T16:06:58.822437Z", "level": "WARNING", "component": "data_monitor", "message": "Data gap detected for BTCUSDT: 120.0s", "mode": "PAPER"}
{"timestamp": "2026-08-14T16:06:58.824358Z", "level": "WARNING", "component": "data_monitor", "message": "Out of order tick for BTCUSDT", "mode": "PAPER"}
{"timestamp": "2026-08-14T16:06:59.000515Z", "level": "WARNING", "component": "data_monitor", "message": "Data gap detected for BTCUSDT: 120.0s", "mode": "PAPER"}
{"timestamp": "2026-08-14T16:06:59.002584Z", "level": "WARNING", "component": "data_monitor", "message": "Out of order tick for BTCUSDT", "mode": "PAPER"}
{"timestamp": "2026-08-14T16:06:59.178458Z", "level": "WARNING", "component": "data_monitor", "message": "Data gap detected for BTCUSDT: 120.0s", "mode": "PAPER"}
{"timestamp": "2026-08-14T16:06:59.180432Z", "level": "WARNING", "component": "data_monitor", "message": "Out of order tick for BTCUSDT", "mode": "PAPER"}
{"timestamp": "2026-08-14T16:06:59.337816Z", "level": "WARNING", "component": "data_monitor", "message": "Data gap detected for BTCUSDT: 120.0s", "mode": "PAPER"}
{"timestamp": "2026-08-14T16:06:59.339735Z", "level": "WARNING", "component": "data_monitor", "message": "Out of order tick for BTCUSDT", "mode": "PAPER"}
{"timestamp": "2026-08-14T16:06:59.492704Z", "level": "WARNING", "component": "data_monitor", "message": "Data gap detected for BTCUSDT: 120.0s", "mode": "PAPER"}
{"timestamp": "2026-08-14T16:06:59.495286Z", "level": "WARNING", "component": "data_monitor", "message": "Out of order tick for BTCUSDT", "mode": "PAPER"}
{"timestamp": "2026-08-14T16:06:59.655559Z", "level": "WARNING", "component": "data_monitor", "message": "Data gap detected for BTCUSDT: 120.0s", "mode": "PAPER"}
{"timestamp": "2026-08-14T16:06:59.657521Z", "level": "WARNING", "component": "data_monitor", "message": "Out of order tick for BTCUSDT", "mode": "PAPER"}
{"timestamp": "2026-08-14T16:06:59.815846Z", "level": "WARNING", "component": "data_monitor", "message": "Data gap detected for BTCUSDT: 120.0s", "mode": "PAPER"}
{"timestamp": "2026-08-14T16:06:59.817648Z", "level": "WARNING", "component": "data_monitor", "message": "Out of order tick for BTCUSDT", "mode": "PAPER"}
{"timestamp": "2026-08-14T16:06:59.977081Z", "level": "WARNING", "component": "data_monitor", "message": "Data gap detected for BTCUSDT: 120.0s", "mode": "PAPER"}
{"timestamp": "2026-08-14T16:06:59.978988Z", "level": "WARNING", "component": "data_monitor", "message": "Out of order tick for BTCUSDT", "mode": "PAPER"}
{"timestamp": "2026-08-14T16:07:00.133998Z", "level": "WARNING", "component": "data_monitor", "message": "Data gap detected for BTCUSDT: 120.0s", "mode": "PAPER"}
{"timestamp": "2026-08-14T16:07:00.140191Z", "level": "WARNING", "component": "data_monitor", "message": "Out of order tick for BTCUSDT", "mode": "PAPER"}
{"timestamp": "2026-08-14T16:07:00.297650Z", "level": "WARNING", "component": "data_monitor", "message": "Data gap detected for BTCUSDT: 120.0s", "mode": "PAPER"}
{"timestamp": "2026-08-14T16:07:00.299690Z", "level": "WARNING", "component": "data_monitor", "message": "Out of order tick for BTCUSDT", "mode": "PAPER"}
{"timestamp": "2026-08-14T16:07:00.466484Z", "level": "WARNING", "component": "data_monitor", "message": "Data gap detected for BTCUSDT: 120.0s", "mode": "PAPER"}
{"timestamp": "2026-08-14T16:07:00.468293Z", "level": "WARNING", "component": "data_monitor", "message": "Out of order tick for BTCUSDT", "mode": "PAPER"}
{"timestamp": "2026-08-14T16:07:00.618975Z", "level": "WARNING", "component": "data_monitor", "message": "Data gap detected for BTCUSDT: 120.0s", "mode": "PAPER"}
{"timestamp": "2026-08-14T16:07:00.620489Z", "level": "WARNING", "component": "data_monitor", "message": "Out of order tick for BTCUSDT", "mode": "PAPER"}
{"timestamp": "2026-08-14T16:07:00.771439Z", "level": "WARNING", "component": "data_monitor", "message": "Data gap detected for BTCUSDT: 120.0s", "mode": "PAPER"}
{"timestamp": "2026-08-14T16:07:00.773107Z", "level": "WARNING", "component": "data_monitor", "message": "Out of order tick for BTCUSDT", "mode": "PAPER"}
{"timestamp": "2026-08-14T16:07:00.922827Z", "level": "WARNING", "component": "data_monitor", "message": "Data gap detected for BTCUSDT: 120.0s", "mode": "PAPER"}
{"timestamp": "2026-08-14T16:07:00.924382Z", "level": "WARNING", "component": "data_monitor", "message": "Out of order tick for BTCUSDT", "mode": "PAPER"}
{"timestamp": "2026-08-14T16:07:01.071377Z", "level": "WARNING", "component": "data_monitor", "message": "Data gap detected for BTCUSDT: 120.0s", "mode": "PAPER"}
{"timestamp": "2026-08-14T16:07:01.072930Z", "level": "WARNING", "component": "data_monitor", "message": "Out of order tick for BTCUSDT", "mode": "PAPER"}
{"timestamp": "2026-08-14T16:07:01.222810Z", "level": "WARNING", "component": "data_monitor", "message": "Data gap detected for BTCUSDT: 120.0s", "mode": "PAPER"}
{"timestamp": "2026-08-14T16:07:01.224590Z", "level": "WARNING", "component": "data_monitor", "message": "Out of order tick for BTCUSDT", "mode": "PAPER"}
{"timestamp": "2026-08-14T16:07:01.389087Z", "level": "WARNING", "component": "data_monitor", "message": "Data gap detected for BTCUSDT: 120.0s", "mode": "PAPER"}
{"timestamp": "2026-08-14T16:07:01.390546Z", "level": "WARNING", "component": "data_monitor", "message": "Out of order tick for BTCUSDT", "mode": "PAPER"}
{"timestamp": "2026-08-14T16:07:01.552673Z", "level": "WARNING", "component": "data_monitor", "message": "Data gap detected for BTCUSDT: 120.0s", "mode": "PAPER"}
{"timestamp": "2026-08-14T16:07:01.554725Z", "level": "WARNING", "component": "data_monitor", "message": "Out of order tick for BTCUSDT", "mode": "PAPER"}
{"timestamp": "2026-08-14T16:07:01.727566Z", "level": "WARNING", "component": "data_monitor", "message": "Data gap detected for BTCUSDT: 120.0s", "mode": "PAPER"}
{"timestamp": "2026-08-14T16:07:01.730576Z", "level": "WARNING", "component": "data_monitor", "message": "Out of order tick for BTCUSDT", "mode": "PAPER"}
{"timestamp": "2026-08-14T16:07:01.888090Z", "level": "WARNING", "component": "data_monitor", "message": "Data gap detected for BTCUSDT: 120.0s", "mode": "PAPER"}
{"timestamp": "2026-08-14T16:07:01.890817Z", "level": "WARNING", "component": "data_monitor", "message": "Out of order tick for BTCUSDT", "mode": "PAPER"}
{"timestamp": "2026-08-14T16:07:02.041524Z", "level": "WARNING", "component": "data_monitor", "message": "Data gap detected for BTCUSDT: 120.0s", "mode": "PAPER"}
{"timestamp": "2026-08-14T16:07:02.044061Z", "level": "WARNING", "component": "data_monitor", "message": "Out of order tick for BTCUSDT", "mode": "PAPER"}
{"timestamp": "2026-08-14T16:07:02.201402Z", "level": "WARNING", "component": "data_monitor", "message": "Data gap detected for BTCUSDT: 120.0s", "mode": "PAPER"}
{"timestamp": "2026-08-14T16:07:02.202409Z", "level": "WARNING", "component": "data_monitor", "message": "Out of order tick for BTCUSDT", "mode": "PAPER"}
{"timestamp": "2026-08-14T16:07:02.371777Z", "level": "WARNING", "component": "data_monitor", "message": "Data gap detected for BTCUSDT: 120.0s", "mode": "PAPER"}
{"timestamp": "2026-08-14T16:07:02.374907Z", "level": "WARNING", "component": "data_monitor", "message": "Out of order tick for BTCUSDT", "mode": "PAPER"}
{"timestamp": "2026-08-14T16:07:02.541746Z", "level": "WARNING", "component": "data_monitor", "message": "Data gap detected for BTCUSDT: 120.0s", "mode": "PAPER"}
{"timestamp": "2026-08-14T16:07:02.543332Z", "level": "WARNING", "component": "data_monitor", "message": "Out of order tick for BTCUSDT", "mode": "PAPER"}
{"timestamp": "2026-08-14T16:07:02.700079Z", "level": "WARNING", "component": "data_monitor", "message": "Data gap detected for BTCUSDT: 120.0s", "mode": "PAPER"}
{"timestamp": "2026-08-14T16:07:02.702142Z", "level": "WARNING", "component": "data_monitor", "message": "Out of order tick for BTCUSDT", "mode": "PAPER"}
{"timestamp": "2026-08-14T16:07:02.854168Z", "level": "WARNING", "component": "data_monitor", "message": "Data gap detected for BTCUSDT: 120.0s", "mode": "PAPER"}
{"timestamp": "2026-08-14T16:07:02.855635Z", "level": "WARNING", "component": "data_monitor", "message": "Out of order tick for BTCUSDT", "mode": "PAPER"}
{"timestamp": "2026-08-14T16:07:03.009982Z", "level": "WARNING", "component": "data_monitor", "message": "Data gap detected for BTCUSDT: 120.0s", "mode": "PAPER"}
{"timestamp": "2026-08-14T16:07:03.012748Z", "level": "WARNING", "component": "data_monitor", "message": "Out of order tick for BTCUSDT", "mode": "PAPER"}
{"timestamp": "2026-08-14T16:07:03.165382Z", "level": "WARNING", "component": "data_monitor", "message": "Data gap detected for BTCUSDT: 120.0s", "mode": "PAPER"}
{"timestamp": "2026-08-14T16:07:03.167039Z", "level": "WARNING", "component": "data_monitor", "message": "Out of order tick for BTCUSDT", "mode": "PAPER"}
{"timestamp": "2026-08-14T16:07:03.320827Z", "level": "WARNING", "component": "data_monitor", "message": "Data gap detected for BTCUSDT: 120.0s", "mode": "PAPER"}
{"timestamp": "2026-08-14T16:07:03.326190Z", "level": "WARNING", "component": "data_monitor", "message": "Out of order tick for BTCUSDT", "mode": "PAPER"}
{"timestamp": "2026-08-14T16:07:03.476020Z", "level": "WARNING", "component": "data_monitor", "message": "Data gap detected for BTCUSDT: 120.0s", "mode": "PAPER"}
{"timestamp": "2026-08-14T16:07:03.478015Z", "level": "WARNING", "component": "data_monitor", "message": "Out of order tick for BTCUSDT", "mode": "PAPER"}
{"timestamp": "2026-08-14T16:07:03.634344Z", "level": "WARNING", "component": "data_monitor", "message": "Data gap detected for BTCUSDT: 120.0s", "mode": "PAPER"}
{"timestamp": "2026-08-14T16:07:03.636259Z", "level": "WARNING", "component": "data_monitor", "message": "Out of order tick for BTCUSDT", "mode": "PAPER"}
{"timestamp": "2026-08-14T16:07:03.794858Z", "level": "WARNING", "component": "data_monitor", "message": "Data gap detected for BTCUSDT: 120.0s", "mode": "PAPER"}
{"timestamp": "2026-08-14T16:07:03.796364Z", "level": "WARNING", "component": "data_monitor", "message": "Out of order tick for BTCUSDT", "mode": "PAPER"}
{"timestamp": "2026-08-14T16:07:03.953534Z", "level": "WARNING", "component": "data_monitor", "message": "Data gap detected for BTCUSDT: 120.0s", "mode": "PAPER"}
{"timestamp": "2026-08-14T16:07:03.955092Z", "level": "WARNING", "component": "data_monitor", "message": "Out of order tick for BTCUSDT", "mode": "PAPER"}
{"timestamp": "2026-08-14T16:07:04.122793Z", "level": "WARNING", "component": "data_monitor", "message": "Data gap detected for BTCUSDT: 120.0s", "mode": "PAPER"}
{"timestamp": "2026-08-14T16:07:04.124456Z", "level": "WARNING", "component": "data_monitor", "message": "Out of order tick for BTCUSDT", "mode": "PAPER"}
{"timestamp": "2026-08-14T16:07:04.284389Z", "level": "WARNING", "component": "data_monitor", "message": "Data gap detected for BTCUSDT: 120.0s", "mode": "PAPER"}
{"timestamp": "2026-08-14T16:07:04.285668Z", "level": "WARNING", "component": "data_monitor", "message": "Out of order tick for BTCUSDT", "mode": "PAPER"}
{"timestamp": "2026-08-14T16:07:04.433320Z", "level": "WARNING", "component": "data_monitor", "message": "Data gap detected for BTCUSDT: 120.0s", "mode": "PAPER"}
{"timestamp": "2026-08-14T16:07:04.435488Z", "level": "WARNING", "component": "data_monitor", "message": "Out of order tick for BTCUSDT", "mode": "PAPER"}
{"timestamp": "2026-08-14T16:07:04.588577Z", "level": "WARNING", "component": "data_monitor", "message": "Data gap detected for BTCUSDT: 120.0s", "mode": "PAPER"}
{"timestamp": "2026-08-14T16:07:04.590226Z", "level": "WARNING", "component": "data_monitor", "message": "Out of order tick for BTCUSDT", "mode": "PAPER"}
{"timestamp": "2026-08-14T16:07:04.747601Z", "level": "WARNING", "component": "data_monitor", "message": "Data gap detected for BTCUSDT: 120.0s", "mode": "PAPER"}
{"timestamp": "2026-08-14T16:07:04.749770Z", "level": "WARNING", "component": "data_monitor", "message": "Out of order tick for BTCUSDT", "mode": "PAPER"}
{"timestamp": "2026-08-14T16:07:04.905773Z", "level": "WARNING", "component": "data_monitor", "message": "Data gap detected for BTCUSDT: 120.0s", "mode": "PAPER"}
{"timestamp": "2026-08-14T16:07:04.907880Z", "level": "WARNING", "component": "data_monitor", "message": "Out of order tick for BTCUSDT", "mode": "PAPER"}
{"timestamp": "2026-08-14T16:07:05.085548Z", "level": "WARNING", "component": "data_monitor", "message": "Data gap detected for BTCUSDT: 120.0s", "mode": "PAPER"}
{"timestamp": "2026-08-14T16:07:05.086793Z", "level": "WARNING", "component": "data_monitor", "message": "Out of order tick for BTCUSDT", "mode": "PAPER"}
{"timestamp": "2026-08-14T16:07:05.285275Z", "level": "WARNING", "component": "data_monitor", "message": "Data gap detected for BTCUSDT: 120.0s", "mode": "PAPER"}
{"timestamp": "2026-08-14T16:07:05.287054Z", "level": "WARNING", "component": "data_monitor", "message": "Out of order tick for BTCUSDT", "mode": "PAPER"}
{"timestamp": "2026-08-14T16:07:05.442358Z", "level": "WARNING", "component": "data_monitor", "message": "Data gap detected for BTCUSDT: 120.0s", "mode": "PAPER"}
{"timestamp": "2026-08-14T16:07:05.444851Z", "level": "WARNING", "component": "data_monitor", "message": "Out of order tick for BTCUSDT", "mode": "PAPER"}
{"timestamp": "2026-08-14T16:07:05.597732Z", "level": "WARNING", "component": "data_monitor", "message": "Data gap detected for BTCUSDT: 120.0s", "mode": "PAPER"}
{"timestamp": "2026-08-14T16:07:05.599117Z", "level": "WARNING", "component": "data_monitor", "message": "Out of order tick for BTCUSDT", "mode": "PAPER"}
{"timestamp": "2026-08-14T16:07:05.765831Z", "level": "WARNING", "component": "data_monitor", "message": "Data gap detected for BTCUSDT: 120.0s", "mode": "PAPER"}
{"timestamp": "2026-08-14T16:07:05.767114Z", "level": "WARNING", "component": "data_monitor", "message": "Out of order tick for BTCUSDT", "mode": "PAPER"}
{"timestamp": "2026-08-14T16:07:05.932901Z", "level": "WARNING", "component": "data_monitor", "message": "Data gap detected for BTCUSDT: 120.0s", "mode": "PAPER"}
{"timestamp": "2026-08-14T16:07:05.934499Z", "level": "WARNING", "component": "data_monitor", "message": "Out of order tick for BTCUSDT", "mode": "PAPER"}
{"timestamp": "2026-08-14T16:07:06.089790Z", "level": "WARNING", "component": "data_monitor", "message": "Data gap detected for BTCUSDT: 120.0s", "mode": "PAPER"}
{"timestamp": "2026-08-14T16:07:06.092194Z", "level": "WARNING", "component": "data_monitor", "message": "Out of order tick for BTCUSDT", "mode": "PAPER"}
{"timestamp": "2026-08-14T16:07:06.251589Z", "level": "WARNING", "component": "data_monitor", "message": "Data gap detected for BTCUSDT: 120.0s", "mode": "PAPER"}
{"timestamp": "2026-08-14T16:07:06.254707Z", "level": "WARNING", "component": "data_monitor", "message": "Out of order tick for BTCUSDT", "mode": "PAPER"}
{"timestamp": "2026-08-14T16:07:06.416426Z", "level": "WARNING", "component": "data_monitor", "message": "Data gap detected for BTCUSDT: 120.0s", "mode": "PAPER"}
{"timestamp": "2026-08-14T16:07:06.418577Z", "level": "WARNING", "component": "data_monitor", "message": "Out of order tick for BTCUSDT", "mode": "PAPER"}
{"timestamp": "2026-08-14T16:07:06.575873Z", "level": "WARNING", "component": "data_monitor", "message": "Data gap detected for BTCUSDT: 120.0s", "mode": "PAPER"}
{"timestamp": "2026-08-14T16:07:06.584045Z", "level": "WARNING", "component": "data_monitor", "message": "Out of order tick for BTCUSDT", "mode": "PAPER"}
{"timestamp": "2026-08-14T16:07:06.743098Z", "level": "WARNING", "component": "data_monitor", "message": "Data gap detected for BTCUSDT: 120.0s", "mode": "PAPER"}
{"timestamp": "2026-08-14T16:07:06.744736Z", "level": "WARNING", "component": "data_monitor", "message": "Out of order tick for BTCUSDT", "mode": "PAPER"}
{"timestamp": "2026-08-14T16:07:06.900668Z", "level": "WARNING", "component": "data_monitor", "message": "Data gap detected for BTCUSDT: 120.0s", "mode": "PAPER"}
{"timestamp": "2026-08-14T16:07:06.902800Z", "level": "WARNING", "component": "data_monitor", "message": "Out of order tick for BTCUSDT", "mode": "PAPER"}
{"timestamp": "2026-08-14T16:07:07.055972Z", "level": "WARNING", "component": "data_monitor", "message": "Data gap detected for BTCUSDT: 120.0s", "mode": "PAPER"}
{"timestamp": "2026-08-14T16:07:07.057703Z", "level": "WARNING", "component": "data_monitor", "message": "Out of order tick for BTCUSDT", "mode": "PAPER"}
{"timestamp": "2026-08-14T16:07:07.218512Z", "level": "WARNING", "component": "data_monitor", "message": "Data gap detected for BTCUSDT: 120.0s", "mode": "PAPER"}
{"timestamp": "2026-08-14T16:07:07.220500Z", "level": "WARNING", "component": "data_monitor", "message": "Out of order tick for BTCUSDT", "mode": "PAPER"}
{"timestamp": "2026-08-14T16:07:07.378289Z", "level": "WARNING", "component": "data_monitor", "message": "Data gap detected for BTCUSDT: 120.0s", "mode": "PAPER"}
{"timestamp": "2026-08-14T16:07:07.379748Z", "level": "WARNING", "component": "data_monitor", "message": "Out of order tick for BTCUSDT", "mode": "PAPER"}
{"timestamp": "2026-08-14T16:07:07.533876Z", "level": "WARNING", "component": "data_monitor", "message": "Data gap detected for BTCUSDT: 120.0s", "mode": "PAPER"}
{"timestamp": "2026-08-14T16:07:07.535462Z", "level": "WARNING", "component": "data_monitor", "message": "Out of order tick for BTCUSDT", "mode": "PAPER"}
{"timestamp": "2026-08-14T16:07:07.696523Z", "level": "WARNING", "component": "data_monitor", "message": "Data gap detected for BTCUSDT: 120.0s", "mode": "PAPER"}
{"timestamp": "2026-08-14T16:07:07.698344Z", "level": "WARNING", "component": "data_monitor", "message": "Out of order tick for BTCUSDT", "mode": "PAPER"}
{"timestamp": "2026-08-14T16:07:07.876608Z", "level": "WARNING", "component": "data_monitor", "message": "Data gap detected for BTCUSDT: 120.0s", "mode": "PAPER"}
{"timestamp": "2026-08-14T16:07:07.878555Z", "level": "WARNING", "component": "data_monitor", "message": "Out of order tick for BTCUSDT", "mode": "PAPER"}
{"timestamp": "2026-08-14T16:07:08.037388Z", "level": "WARNING", "component": "data_monitor", "message": "Data gap detected for BTCUSDT: 120.0s", "mode": "PAPER"}
{"timestamp": "2026-08-14T16:07:08.040066Z", "level": "WARNING", "component": "data_monitor", "message": "Out of order tick for BTCUSDT", "mode": "PAPER"}
{"timestamp": "2026-08-14T16:07:08.207953Z", "level": "WARNING", "component": "data_monitor", "message": "Data gap detected for BTCUSDT: 120.0s", "mode": "PAPER"}
{"timestamp": "2026-08-14T16:07:08.209235Z", "level": "WARNING", "component": "data_monitor", "message": "Out of order tick for BTCUSDT", "mode": "PAPER"}
{"timestamp": "2026-08-14T16:07:08.363358Z", "level": "WARNING", "component": "data_monitor", "message": "Data gap detected for BTCUSDT: 120.0s", "mode": "PAPER"}
{"timestamp": "2026-08-14T16:07:08.365500Z", "level": "WARNING", "component": "data_monitor", "message": "Out of order tick for BTCUSDT", "mode": "PAPER"}
{"timestamp": "2026-08-14T16:07:08.516679Z", "level": "WARNING", "component": "data_monitor", "message": "Data gap detected for BTCUSDT: 120.0s", "mode": "PAPER"}
{"timestamp": "2026-08-14T16:07:08.519040Z", "level": "WARNING", "component": "data_monitor", "message": "Out of order tick for BTCUSDT", "mode": "PAPER"}
{"timestamp": "2026-08-14T16:07:08.678064Z", "level": "WARNING", "component": "data_monitor", "message": "Data gap detected for BTCUSDT: 120.0s", "mode": "PAPER"}
{"timestamp": "2026-08-14T16:07:08.679379Z", "level": "WARNING", "component": "data_monitor", "message": "Out of order tick for BTCUSDT", "mode": "PAPER"}
{"timestamp": "2026-08-14T16:07:08.835261Z", "level": "WARNING", "component": "data_monitor", "message": "Data gap detected for BTCUSDT: 120.0s", "mode": "PAPER"}
{"timestamp": "2026-08-14T16:07:08.836667Z", "level": "WARNING", "component": "data_monitor", "message": "Out of order tick for BTCUSDT", "mode": "PAPER"}
{"timestamp": "2026-08-14T16:07:08.987508Z", "level": "WARNING", "component": "data_monitor", "message": "Data gap detected for BTCUSDT: 120.0s", "mode": "PAPER"}
{"timestamp": "2026-08-14T16:07:08.988485Z", "level": "WARNING", "component": "data_monitor", "message": "Out of order tick for BTCUSDT", "mode": "PAPER"}
{"timestamp": "2026-08-14T16:07:09.142673Z", "level": "WARNING", "component": "data_monitor", "message": "Data gap detected for BTCUSDT: 120.0s", "mode": "PAPER"}
{"timestamp": "2026-08-14T16:07:09.143979Z", "level": "WARNING", "component": "data_monitor", "message": "Out of order tick for BTCUSDT", "mode": "PAPER"}
{"timestamp": "2026-08-14T16:07:09.300224Z", "level": "WARNING", "component": "data_monitor", "message": "Data gap detected for BTCUSDT: 120.0s", "mode": "PAPER"}
{"timestamp": "2026-08-14T16:07:09.301752Z", "level": "WARNING", "component": "data_monitor", "message": "Out of order tick for BTCUSDT", "mode": "PAPER"}
{"timestamp": "2026-08-14T16:07:09.458467Z", "level": "WARNING", "component": "data_monitor", "message": "Data gap detected for BTCUSDT: 120.0s", "mode": "PAPER"}
{"timestamp": "2026-08-14T16:07:09.459509Z", "level": "WARNING", "component": "data_monitor", "message": "Out of order tick for BTCUSDT", "mode": "PAPER"}
{"timestamp": "2026-08-14T16:07:09.610662Z", "level": "WARNING", "component": "data_monitor", "message": "Data gap detected for BTCUSDT: 120.0s", "mode": "PAPER"}
{"timestamp": "2026-08-14T16:07:09.612730Z", "level": "WARNING", "component": "data_monitor", "message": "Out of order tick for BTCUSDT", "mode": "PAPER"}
{"timestamp": "2026-08-14T16:07:09.767834Z", "level": "WARNING", "component": "data_monitor", "message": "Data gap detected for BTCUSDT: 120.0s", "mode": "PAPER"}
{"timestamp": "2026-08-14T16:07:09.774165Z", "level": "WARNING", "component": "data_monitor", "message": "Out of order tick for BTCUSDT", "mode": "PAPER"}
{"timestamp": "2026-08-14T16:07:09.926016Z", "level": "WARNING", "component": "data_monitor", "message": "Data gap detected for BTCUSDT: 120.0s", "mode": "PAPER"}
{"timestamp": "2026-08-14T16:07:09.928319Z", "level": "WARNING", "component": "data_monitor", "message": "Out of order tick for BTCUSDT", "mode": "PAPER"}
{"timestamp": "2026-08-14T16:07:10.082396Z", "level": "WARNING", "component": "data_monitor", "message": "Data gap detected for BTCUSDT: 120.0s", "mode": "PAPER"}
{"timestamp": "2026-08-14T16:07:10.084094Z", "level": "WARNING", "component": "data_monitor", "message": "Out of order tick for BTCUSDT", "mode": "PAPER"}
{"timestamp": "2026-08-14T16:07:10.235576Z", "level": "WARNING", "component": "data_monitor", "message": "Data gap detected for BTCUSDT: 120.0s", "mode": "PAPER"}
{"timestamp": "2026-08-14T16:07:10.237958Z", "level": "WARNING", "component": "data_monitor", "message": "Out of order tick for BTCUSDT", "mode": "PAPER"}
{"timestamp": "2026-08-14T16:07:10.396925Z", "level": "WARNING", "component": "data_monitor", "message": "Data gap detected for BTCUSDT: 120.0s", "mode": "PAPER"}
{"timestamp": "2026-08-14T16:07:10.398935Z", "level": "WARNING", "component": "data_monitor", "message": "Out of order tick for BTCUSDT", "mode": "PAPER"}
{"timestamp": "2026-08-14T16:07:10.551614Z", "level": "WARNING", "component": "data_monitor", "message": "Data gap detected for BTCUSDT: 120.0s", "mode": "PAPER"}
{"timestamp": "2026-08-14T16:07:10.554389Z", "level": "WARNING", "component": "data_monitor", "message": "Out of order tick for BTCUSDT", "mode": "PAPER"}
{"timestamp": "2026-08-14T16:07:10.705367Z", "level": "WARNING", "component": "data_monitor", "message": "Data gap detected for BTCUSDT: 120.0s", "mode": "PAPER"}
{"timestamp": "2026-08-14T16:07:10.706432Z", "level": "WARNING", "component": "data_monitor", "message": "Out of order tick for BTCUSDT", "mode": "PAPER"}
{"timestamp": "2026-08-14T16:07:10.865656Z", "level": "WARNING", "component": "data_monitor", "message": "Data gap detected for BTCUSDT: 120.0s", "mode": "PAPER"}
{"timestamp": "2026-08-14T16:07:10.867659Z", "level": "WARNING", "component": "data_monitor", "message": "Out of order tick for BTCUSDT", "mode": "PAPER"}
{"timestamp": "2026-08-14T16:07:11.014191Z", "level": "WARNING", "component": "data_monitor", "message": "Data gap detected for BTCUSDT: 120.0s", "mode": "PAPER"}
{"timestamp": "2026-08-14T16:07:11.016152Z", "level": "WARNING", "component": "data_monitor", "message": "Out of order tick for BTCUSDT", "mode": "PAPER"}
{"timestamp": "2026-08-14T16:07:11.168364Z", "level": "WARNING", "component": "data_monitor", "message": "Data gap detected for BTCUSDT: 120.0s", "mode": "PAPER"}
{"timestamp": "2026-08-14T16:07:11.170357Z", "level": "WARNING", "component": "data_monitor", "message": "Out of order tick for BTCUSDT", "mode": "PAPER"}
{"timestamp": "2026-08-14T16:07:11.334473Z", "level": "WARNING", "component": "data_monitor", "message": "Data gap detected for BTCUSDT: 120.0s", "mode": "PAPER"}
{"timestamp": "2026-08-14T16:07:11.336300Z", "level": "WARNING", "component": "data_monitor", "message": "Out of order tick for BTCUSDT", "mode": "PAPER"}
{"timestamp": "2026-08-14T16:07:11.490604Z", "level": "WARNING", "component": "data_monitor", "message": "Data gap detected for BTCUSDT: 120.0s", "mode": "PAPER"}
{"timestamp": "2026-08-14T16:07:11.492715Z", "level": "WARNING", "component": "data_monitor", "message": "Out of order tick for BTCUSDT", "mode": "PAPER"}
{"timestamp": "2026-08-14T16:07:11.644646Z", "level": "WARNING", "component": "data_monitor", "message": "Data gap detected for BTCUSDT: 120.0s", "mode": "PAPER"}
{"timestamp": "2026-08-14T16:07:11.646206Z", "level": "WARNING", "component": "data_monitor", "message": "Out of order tick for BTCUSDT", "mode": "PAPER"}
{"timestamp": "2026-08-14T16:07:11.800514Z", "level": "WARNING", "component": "data_monitor", "message": "Data gap detected for BTCUSDT: 120.0s", "mode": "PAPER"}
{"timestamp": "2026-08-14T16:07:11.802070Z", "level": "WARNING", "component": "data_monitor", "message": "Out of order tick for BTCUSDT", "mode": "PAPER"}
{"timestamp": "2026-08-14T16:07:11.962183Z", "level": "WARNING", "component": "data_monitor", "message": "Data gap detected for BTCUSDT: 120.0s", "mode": "PAPER"}
{"timestamp": "2026-08-14T16:07:11.964506Z", "level": "WARNING", "component": "data_monitor", "message": "Out of order tick for BTCUSDT", "mode": "PAPER"}
{"timestamp": "2026-08-14T16:07:12.121187Z", "level": "WARNING", "component": "data_monitor", "message": "Data gap detected for BTCUSDT: 120.0s", "mode": "PAPER"}
{"timestamp": "2026-08-14T16:07:12.122628Z", "level": "WARNING", "component": "data_monitor", "message": "Out of order tick for BTCUSDT", "mode": "PAPER"}
{"timestamp": "2026-08-14T16:07:12.286822Z", "level": "WARNING", "component": "data_monitor", "message": "Data gap detected for BTCUSDT: 120.0s", "mode": "PAPER"}
{"timestamp": "2026-08-14T16:07:12.287796Z", "level": "WARNING", "component": "data_monitor", "message": "Out of order tick for BTCUSDT", "mode": "PAPER"}
{"timestamp": "2026-08-14T16:07:12.437666Z", "level": "WARNING", "component": "data_monitor", "message": "Data gap detected for BTCUSDT: 120.0s", "mode": "PAPER"}
{"timestamp": "2026-08-14T16:07:12.439069Z", "level": "WARNING", "component": "data_monitor", "message": "Out of order tick for BTCUSDT", "mode": "PAPER"}
{"timestamp": "2026-08-14T16:07:12.591547Z", "level": "WARNING", "component": "data_monitor", "message": "Data gap detected for BTCUSDT: 120.0s", "mode": "PAPER"}
{"timestamp": "2026-08-14T16:07:12.594790Z", "level": "WARNING", "component": "data_monitor", "message": "Out of order tick for BTCUSDT", "mode": "PAPER"}
{"timestamp": "2026-08-14T16:07:12.752993Z", "level": "WARNING", "component": "data_monitor", "message": "Data gap detected for BTCUSDT: 120.0s", "mode": "PAPER"}
{"timestamp": "2026-08-14T16:07:12.755110Z", "level": "WARNING", "component": "data_monitor", "message": "Out of order tick for BTCUSDT", "mode": "PAPER"}
{"timestamp": "2026-08-14T16:07:12.910080Z", "level": "WARNING", "component": "data_monitor", "message": "Data gap detected for BTCUSDT: 120.0s", "mode": "PAPER"}
{"timestamp": "2026-08-14T16:07:12.917554Z", "level": "WARNING", "component": "data_monitor", "message": "Out of order tick for BTCUSDT", "mode": "PAPER"}
{"timestamp": "2026-08-14T16:07:13.068889Z", "level": "WARNING", "component": "data_monitor", "message": "Data gap detected for BTCUSDT: 120.0s", "mode": "PAPER"}
{"timestamp": "2026-08-14T16:07:13.070420Z", "level": "WARNING", "component": "data_monitor", "message": "Out of order tick for BTCUSDT", "mode": "PAPER"}
{"timestamp": "2026-08-14T16:07:13.224550Z", "level": "WARNING", "component": "data_monitor", "message": "Data gap detected for BTCUSDT: 120.0s", "mode": "PAPER"}
{"timestamp": "2026-08-14T16:07:13.226923Z", "level": "WARNING", "component": "data_monitor", "message": "Out of order tick for BTCUSDT", "mode": "PAPER"}
{"timestamp": "2026-08-14T16:07:13.384703Z", "level": "WARNING", "component": "data_monitor", "message": "Data gap detected for BTCUSDT: 120.0s", "mode": "PAPER"}
{"timestamp": "2026-08-14T16:07:13.385934Z", "level": "WARNING", "component": "data_monitor", "message": "Out of order tick for BTCUSDT", "mode": "PAPER"}
{"timestamp": "2026-08-14T16:07:13.533865Z", "level": "WARNING", "component": "data_monitor", "message": "Data gap detected for BTCUSDT: 120.0s", "mode": "PAPER"}
{"timestamp": "2026-08-14T16:07:13.536111Z", "level": "WARNING", "component": "data_monitor", "message": "Out of order tick for BTCUSDT", "mode": "PAPER"}
{"timestamp": "2026-08-14T16:07:13.687455Z", "level": "WARNING", "component": "data_monitor", "message": "Data gap detected for BTCUSDT: 120.0s", "mode": "PAPER"}
{"timestamp": "2026-08-14T16:07:13.688779Z", "level": "WARNING", "component": "data_monitor", "message": "Out of order tick for BTCUSDT", "mode": "PAPER"}
{"timestamp": "2026-08-14T16:07:13.845313Z", "level": "WARNING", "component": "data_monitor", "message": "Data gap detected for BTCUSDT: 120.0s", "mode": "PAPER"}
{"timestamp": "2026-08-14T16:07:13.846557Z", "level": "WARNING", "component": "data_monitor", "message": "Out of order tick for BTCUSDT", "mode": "PAPER"}
{"timestamp": "2026-08-14T16:07:14.018202Z", "level": "WARNING", "component": "data_monitor", "message": "Data gap detected for BTCUSDT: 120.0s", "mode": "PAPER"}
{"timestamp": "2026-08-14T16:07:14.021021Z", "level": "WARNING", "component": "data_monitor", "message": "Out of order tick for BTCUSDT", "mode": "PAPER"}
{"timestamp": "2026-08-14T16:07:14.174403Z", "level": "WARNING", "component": "data_monitor", "message": "Data gap detected for BTCUSDT: 120.0s", "mode": "PAPER"}
{"timestamp": "2026-08-14T16:07:14.175707Z", "level": "WARNING", "component": "data_monitor", "message": "Out of order tick for BTCUSDT", "mode": "PAPER"}
{"timestamp": "2026-08-14T16:07:14.334490Z", "level": "WARNING", "component": "data_monitor", "message": "Data gap detected for BTCUSDT: 120.0s", "mode": "PAPER"}
{"timestamp": "2026-08-14T16:07:14.336673Z", "level": "WARNING", "component": "data_monitor", "message": "Out of order tick for BTCUSDT", "mode": "PAPER"}
{"timestamp": "2026-08-14T16:07:14.498218Z", "level": "WARNING", "component": "data_monitor", "message": "Data gap detected for BTCUSDT: 120.0s", "mode": "PAPER"}
{"timestamp": "2026-08-14T16:07:14.499441Z", "level": "WARNING", "component": "data_monitor", "message": "Out of order tick for BTCUSDT", "mode": "PAPER"}
{"timestamp": "2026-08-14T16:07:14.677788Z", "level": "WARNING", "component": "data_monitor", "message": "Data gap detected for BTCUSDT: 120.0s", "mode": "PAPER"}
{"timestamp": "2026-08-14T16:07:14.680004Z", "level": "WARNING", "component": "data_monitor", "message": "Out of order tick for BTCUSDT", "mode": "PAPER"}
{"timestamp": "2026-08-14T16:07:14.852441Z", "level": "WARNING", "component": "data_monitor", "message": "Data gap detected for BTCUSDT: 120.0s", "mode": "PAPER"}
{"timestamp": "2026-08-14T16:07:14.854274Z", "level": "WARNING", "component": "data_monitor", "message": "Out of order tick for BTCUSDT", "mode": "PAPER"}
{"timestamp": "2026-08-14T16:07:15.021528Z", "level": "WARNING", "component": "data_monitor", "message": "Data gap detected for BTCUSDT: 120.0s", "mode": "PAPER"}
{"timestamp": "2026-08-14T16:07:15.022895Z", "level": "WARNING", "component": "data_monitor", "message": "Out of order tick for BTCUSDT", "mode": "PAPER"}
{"timestamp": "2026-08-14T16:07:15.195019Z", "level": "WARNING", "component": "data_monitor", "message": "Data gap detected for BTCUSDT: 120.0s", "mode": "PAPER"}
{"timestamp": "2026-08-14T16:07:15.197098Z", "level": "WARNING", "component": "data_monitor", "message": "Out of order tick for BTCUSDT", "mode": "PAPER"}
{"timestamp": "2026-08-14T16:07:15.374812Z", "level": "WARNING", "component": "data_monitor", "message": "Data gap detected for BTCUSDT: 120.0s", "mode": "PAPER"}
{"timestamp": "2026-08-14T16:07:15.376824Z", "level": "WARNING", "component": "data_monitor", "message": "Out of order tick for BTCUSDT", "mode": "PAPER"}
{"timestamp": "2026-08-14T16:07:15.599942Z", "level": "WARNING", "component": "data_monitor", "message": "Data gap detected for BTCUSDT: 120.0s", "mode": "PAPER"}
{"timestamp": "2026-08-14T16:07:15.602682Z", "level": "WARNING", "component": "data_monitor", "message": "Out of order tick for BTCUSDT", "mode": "PAPER"}
{"timestamp": "2026-08-14T16:07:15.819776Z", "level": "WARNING", "component": "data_monitor", "message": "Data gap detected for BTCUSDT: 120.0s", "mode": "PAPER"}
{"timestamp": "2026-08-14T16:07:15.821621Z", "level": "WARNING", "component": "data_monitor", "message": "Out of order tick for BTCUSDT", "mode": "PAPER"}
{"timestamp": "2026-08-14T16:07:16.038025Z", "level": "WARNING", "component": "data_monitor", "message": "Data gap detected for BTCUSDT: 120.0s", "mode": "PAPER"}
{"timestamp": "2026-08-14T16:07:16.040389Z", "level": "WARNING", "component": "data_monitor", "message": "Out of order tick for BTCUSDT", "mode": "PAPER"}
{"timestamp": "2026-08-14T16:07:16.255812Z", "level": "WARNING", "component": "data_monitor", "message": "Data gap detected for BTCUSDT: 120.0s", "mode": "PAPER"}
{"timestamp": "2026-08-14T16:07:16.258616Z", "level": "WARNING", "component": "data_monitor", "message": "Out of order tick for BTCUSDT", "mode": "PAPER"}
{"timestamp": "2026-08-14T16:07:16.471666Z", "level": "WARNING", "component": "data_monitor", "message": "Data gap detected for BTCUSDT: 120.0s", "mode": "PAPER"}
{"timestamp": "2026-08-14T16:07:16.482185Z", "level": "WARNING", "component": "data_monitor", "message": "Out of order tick for BTCUSDT", "mode": "PAPER"}
{"timestamp": "2026-08-14T16:07:16.732538Z", "level": "WARNING", "component": "data_monitor", "message": "Data gap detected for BTCUSDT: 120.0s", "mode": "PAPER"}
{"timestamp": "2026-08-14T16:07:16.735416Z", "level": "WARNING", "component": "data_monitor", "message": "Out of order tick for BTCUSDT", "mode": "PAPER"}
{"timestamp": "2026-08-14T16:07:16.990353Z", "level": "WARNING", "component": "data_monitor", "message": "Data gap detected for BTCUSDT: 120.0s", "mode": "PAPER"}
{"timestamp": "2026-08-14T16:07:16.992460Z", "level": "WARNING", "component": "data_monitor", "message": "Out of order tick for BTCUSDT", "mode": "PAPER"}
{"timestamp": "2026-08-14T16:07:17.195682Z", "level": "WARNING", "component": "data_monitor", "message": "Data gap detected for BTCUSDT: 120.0s", "mode": "PAPER"}
{"timestamp": "2026-08-14T16:07:17.198937Z", "level": "WARNING", "component": "data_monitor", "message": "Out of order tick for BTCUSDT", "mode": "PAPER"}
{"timestamp": "2026-08-14T16:07:17.411323Z", "level": "WARNING", "component": "data_monitor", "message": "Data gap detected for BTCUSDT: 120.0s", "mode": "PAPER"}
{"timestamp": "2026-08-14T16:07:17.413994Z", "level": "WARNING", "component": "data_monitor", "message": "Out of order tick for BTCUSDT", "mode": "PAPER"}
{"timestamp": "2026-08-14T16:07:17.627607Z", "level": "WARNING", "component": "data_monitor", "message": "Data gap detected for BTCUSDT: 120.0s", "mode": "PAPER"}
{"timestamp": "2026-08-14T16:07:17.629516Z", "level": "WARNING", "component": "data_monitor", "message": "Out of order tick for BTCUSDT", "mode": "PAPER"}
{"timestamp": "2026-08-14T16:07:17.825390Z", "level": "WARNING", "component": "data_monitor", "message": "Data gap detected for BTCUSDT: 120.0s", "mode": "PAPER"}
{"timestamp": "2026-08-14T16:07:17.827363Z", "level": "WARNING", "component": "data_monitor", "message": "Out of order tick for BTCUSDT", "mode": "PAPER"}
{"timestamp": "2026-08-14T16:07:18.032279Z", "level": "WARNING", "component": "data_monitor", "message": "Data gap detected for BTCUSDT: 120.0s", "mode": "PAPER"}
{"timestamp": "2026-08-14T16:07:18.034378Z", "level": "WARNING", "component": "data_monitor", "message": "Out of order tick for BTCUSDT", "mode": "PAPER"}
{"timestamp": "2026-08-14T16:07:18.244004Z", "level": "WARNING", "component": "data_monitor", "message": "Data gap detected for BTCUSDT: 120.0s", "mode": "PAPER"}
{"timestamp": "2026-08-14T16:07:18.245948Z", "level": "WARNING", "component": "data_monitor", "message": "Out of order tick for BTCUSDT", "mode": "PAPER"}
{"timestamp": "2026-08-14T16:07:18.453530Z", "level": "WARNING", "component": "data_monitor", "message": "Data gap detected for BTCUSDT: 120.0s", "mode": "PAPER"}
{"timestamp": "2026-08-14T16:07:18.455762Z", "level": "WARNING", "component": "data_monitor", "message": "Out of order tick for BTCUSDT", "mode": "PAPER"}
{"timestamp": "2026-08-14T16:07:18.667633Z", "level": "WARNING", "component": "data_monitor", "message": "Data gap detected for BTCUSDT: 120.0s", "mode": "PAPER"}
{"timestamp": "2026-08-14T16:07:18.669371Z", "level": "WARNING", "component": "data_monitor", "message": "Out of order tick for BTCUSDT", "mode": "PAPER"}
{"timestamp": "2026-08-14T16:07:18.872822Z", "level": "WARNING", "component": "data_monitor", "message": "Data gap detected for BTCUSDT: 120.0s", "mode": "PAPER"}
{"timestamp": "2026-08-14T16:07:18.875164Z", "level": "WARNING", "component": "data_monitor", "message": "Out of order tick for BTCUSDT", "mode": "PAPER"}
{"timestamp": "2026-08-14T16:07:19.087191Z", "level": "WARNING", "component": "data_monitor", "message": "Data gap detected for BTCUSDT: 120.0s", "mode": "PAPER"}
{"timestamp": "2026-08-14T16:07:19.089129Z", "level": "WARNING", "component": "data_monitor", "message": "Out of order tick for BTCUSDT", "mode": "PAPER"}
{"timestamp": "2026-08-14T16:07:19.297554Z", "level": "WARNING", "component": "data_monitor", "message": "Data gap detected for BTCUSDT: 120.0s", "mode": "PAPER"}
{"timestamp": "2026-08-14T16:07:19.299065Z", "level": "WARNING", "component": "data_monitor", "message": "Out of order tick for BTCUSDT", "mode": "PAPER"}
{"timestamp": "2026-08-14T16:07:19.520337Z", "level": "WARNING", "component": "data_monitor", "message": "Data gap detected for BTCUSDT: 120.0s", "mode": "PAPER"}
{"timestamp": "2026-08-14T16:07:19.521683Z", "level": "WARNING", "component": "data_monitor", "message": "Out of order tick for BTCUSDT", "mode": "PAPER"}
{"timestamp": "2026-08-14T16:07:19.728298Z", "level": "WARNING", "component": "data_monitor", "message": "Data gap detected for BTCUSDT: 120.0s", "mode": "PAPER"}
{"timestamp": "2026-08-14T16:07:19.730155Z", "level": "WARNING", "component": "data_monitor", "message": "Out of order tick for BTCUSDT", "mode": "PAPER"}
{"timestamp": "2026-08-14T16:07:19.907024Z", "level": "WARNING", "component": "data_monitor", "message": "Data gap detected for BTCUSDT: 120.0s", "mode": "PAPER"}
{"timestamp": "2026-08-14T16:07:19.909106Z", "level": "WARNING", "component": "data_monitor", "message": "Out of order tick for BTCUSDT", "mode": "PAPER"}
{"timestamp": "2026-08-14T16:07:20.064972Z", "level": "WARNING", "component": "data_monitor", "message": "Data gap detected for BTCUSDT: 120.0s", "mode": "PAPER"}
{"timestamp": "2026-08-14T16:07:20.067814Z", "level": "WARNING", "component": "data_monitor", "message": "Out of order tick for BTCUSDT", "mode": "PAPER"}
{"timestamp": "2026-08-14T16:07:20.226257Z", "level": "WARNING", "component": "data_monitor", "message": "Data gap detected for BTCUSDT: 120.0s", "mode": "PAPER"}
{"timestamp": "2026-08-14T16:07:20.228538Z", "level": "WARNING", "component": "data_monitor", "message": "Out of order tick for BTCUSDT", "mode": "PAPER"}
{"timestamp": "2026-08-14T16:07:20.381158Z", "level": "WARNING", "component": "data_monitor", "message": "Data gap detected for BTCUSDT: 120.0s", "mode": "PAPER"}
{"timestamp": "2026-08-14T16:07:20.382493Z", "level": "WARNING", "component": "data_monitor", "message": "Out of order tick for BTCUSDT", "mode": "PAPER"}
{"timestamp": "2026-08-14T16:07:20.545119Z", "level": "WARNING", "component": "data_monitor", "message": "Data gap detected for BTCUSDT: 120.0s", "mode": "PAPER"}
{"timestamp": "2026-08-14T16:07:20.551846Z", "level": "WARNING", "component": "data_monitor", "message": "Out of order tick for BTCUSDT", "mode": "PAPER"}
{"timestamp": "2026-08-14T16:07:20.732247Z", "level": "WARNING", "component": "data_monitor", "message": "Data gap detected for BTCUSDT: 120.0s", "mode": "PAPER"}
{"timestamp": "2026-08-14T16:07:20.734184Z", "level": "WARNING", "component": "data_monitor", "message": "Out of order tick for BTCUSDT", "mode": "PAPER"}
{"timestamp": "2026-08-14T16:07:20.903085Z", "level": "WARNING", "component": "data_monitor", "message": "Data gap detected for BTCUSDT: 120.0s", "mode": "PAPER"}
{"timestamp": "2026-08-14T16:07:20.905082Z", "level": "WARNING", "component": "data_monitor", "message": "Out of order tick for BTCUSDT", "mode": "PAPER"}
{"timestamp": "2026-08-14T16:07:21.055000Z", "level": "WARNING", "component": "data_monitor", "message": "Data gap detected for BTCUSDT: 120.0s", "mode": "PAPER"}
{"timestamp": "2026-08-14T16:07:21.057213Z", "level": "WARNING", "component": "data_monitor", "message": "Out of order tick for BTCUSDT", "mode": "PAPER"}
{"timestamp": "2026-08-14T16:07:21.203095Z", "level": "WARNING", "component": "data_monitor", "message": "Data gap detected for BTCUSDT: 120.0s", "mode": "PAPER"}
{"timestamp": "2026-08-14T16:07:21.205221Z", "level": "WARNING", "component": "data_monitor", "message": "Out of order tick for BTCUSDT", "mode": "PAPER"}
{"timestamp": "2026-08-14T16:07:21.376075Z", "level": "WARNING", "component": "data_monitor", "message": "Data gap detected for BTCUSDT: 120.0s", "mode": "PAPER"}
{"timestamp": "2026-08-14T16:07:21.378535Z", "level": "WARNING", "component": "data_monitor", "message": "Out of order tick for BTCUSDT", "mode": "PAPER"}
{"timestamp": "2026-08-14T16:07:21.529212Z", "level": "WARNING", "component": "data_monitor", "message": "Data gap detected for BTCUSDT: 120.0s", "mode": "PAPER"}
{"timestamp": "2026-08-14T16:07:21.530761Z", "level": "WARNING", "component": "data_monitor", "message": "Out of order tick for BTCUSDT", "mode": "PAPER"}
{"timestamp": "2026-08-14T16:07:21.695017Z", "level": "WARNING", "component": "data_monitor", "message": "Data gap detected for BTCUSDT: 120.0s", "mode": "PAPER"}
{"timestamp": "2026-08-14T16:07:21.697628Z", "level": "WARNING", "component": "data_monitor", "message": "Out of order tick for BTCUSDT", "mode": "PAPER"}
{"timestamp": "2026-08-14T16:07:21.855234Z", "level": "WARNING", "component": "data_monitor", "message": "Data gap detected for BTCUSDT: 120.0s", "mode": "PAPER"}
{"timestamp": "2026-08-14T16:07:21.857312Z", "level": "WARNING", "component": "data_monitor", "message": "Out of order tick for BTCUSDT", "mode": "PAPER"}
{"timestamp": "2026-08-14T16:07:22.011430Z", "level": "WARNING", "component": "data_monitor", "message": "Data gap detected for BTCUSDT: 120.0s", "mode": "PAPER"}
{"timestamp": "2026-08-14T16:07:22.013657Z", "level": "WARNING", "component": "data_monitor", "message": "Out of order tick for BTCUSDT", "mode": "PAPER"}
{"timestamp": "2026-08-14T16:07:22.180057Z", "level": "WARNING", "component": "data_monitor", "message": "Data gap detected for BTCUSDT: 120.0s", "mode": "PAPER"}
{"timestamp": "2026-08-14T16:07:22.181686Z", "level": "WARNING", "component": "data_monitor", "message": "Out of order tick for BTCUSDT", "mode": "PAPER"}
{"timestamp": "2026-08-14T16:07:22.338230Z", "level": "WARNING", "component": "data_monitor", "message": "Data gap detected for BTCUSDT: 120.0s", "mode": "PAPER"}
{"timestamp": "2026-08-14T16:07:22.340387Z", "level": "WARNING", "component": "data_monitor", "message": "Out of order tick for BTCUSDT", "mode": "PAPER"}
{"timestamp": "2026-08-14T16:07:22.489874Z", "level": "WARNING", "component": "data_monitor", "message": "Data gap detected for BTCUSDT: 120.0s", "mode": "PAPER"}
{"timestamp": "2026-08-14T16:07:22.491928Z", "level": "WARNING", "component": "data_monitor", "message": "Out of order tick for BTCUSDT", "mode": "PAPER"}
{"timestamp": "2026-08-14T16:07:22.645931Z", "level": "WARNING", "component": "data_monitor", "message": "Data gap detected for BTCUSDT: 120.0s", "mode": "PAPER"}
{"timestamp": "2026-08-14T16:07:22.647780Z", "level": "WARNING", "component": "data_monitor", "message": "Out of order tick for BTCUSDT", "mode": "PAPER"}
{"timestamp": "2026-08-14T16:07:22.803207Z", "level": "WARNING", "component": "data_monitor", "message": "Data gap detected for BTCUSDT: 120.0s", "mode": "PAPER"}
{"timestamp": "2026-08-14T16:07:22.804802Z", "level": "WARNING", "component": "data_monitor", "message": "Out of order tick for BTCUSDT", "mode": "PAPER"}
{"timestamp": "2026-08-14T16:07:22.949527Z", "level": "WARNING", "component": "data_monitor", "message": "Data gap detected for BTCUSDT: 120.0s", "mode": "PAPER"}
{"timestamp": "2026-08-14T16:07:22.951317Z", "level": "WARNING", "component": "data_monitor", "message": "Out of order tick for BTCUSDT", "mode": "PAPER"}
{"timestamp": "2026-08-14T16:07:23.107921Z", "level": "WARNING", "component": "data_monitor", "message": "Data gap detected for BTCUSDT: 120.0s", "mode": "PAPER"}
{"timestamp": "2026-08-14T16:07:23.108990Z", "level": "WARNING", "component": "data_monitor", "message": "Out of order tick for BTCUSDT", "mode": "PAPER"}
{"timestamp": "2026-08-14T16:07:23.255585Z", "level": "WARNING", "component": "data_monitor", "message": "Data gap detected for BTCUSDT: 120.0s", "mode": "PAPER"}
{"timestamp": "2026-08-14T16:07:23.256856Z", "level": "WARNING", "component": "data_monitor", "message": "Out of order tick for BTCUSDT", "mode": "PAPER"}
{"timestamp": "2026-08-14T16:07:23.408747Z", "level": "WARNING", "component": "data_monitor", "message": "Data gap detected for BTCUSDT: 120.0s", "mode": "PAPER"}
{"timestamp": "2026-08-14T16:07:23.410272Z", "level": "WARNING", "component": "data_monitor", "message": "Out of order tick for BTCUSDT", "mode": "PAPER"}
{"timestamp": "2026-08-14T16:07:23.569094Z", "level": "WARNING", "component": "data_monitor", "message": "Data gap detected for BTCUSDT: 120.0s", "mode": "PAPER"}
{"timestamp": "2026-08-14T16:07:23.571125Z", "level": "WARNING", "component": "data_monitor", "message": "Out of order tick for BTCUSDT", "mode": "PAPER"}
{"timestamp": "2026-08-14T16:07:23.721415Z", "level": "WARNING", "component": "data_monitor", "message": "Data gap detected for BTCUSDT: 120.0s", "mode": "PAPER"}
{"timestamp": "2026-08-14T16:07:23.727820Z", "level": "WARNING", "component": "data_monitor", "message": "Out of order tick for BTCUSDT", "mode": "PAPER"}
{"timestamp": "2026-08-14T16:07:23.875396Z", "level": "WARNING", "component": "data_monitor", "message": "Data gap detected for BTCUSDT: 120.0s", "mode": "PAPER"}
{"timestamp": "2026-08-14T16:07:23.877031Z", "level": "WARNING", "component": "data_monitor", "message": "Out of order tick for BTCUSDT", "mode": "PAPER"}
{"timestamp": "2026-08-14T16:07:24.036728Z", "level": "WARNING", "component": "data_monitor", "message": "Data gap detected for BTCUSDT: 120.0s", "mode": "PAPER"}
{"timestamp": "2026-08-14T16:07:24.038827Z", "level": "WARNING", "component": "data_monitor", "message": "Out of order tick for BTCUSDT", "mode": "PAPER"}
{"timestamp": "2026-08-14T16:07:24.192079Z", "level": "WARNING", "component": "data_monitor", "message": "Data gap detected for BTCUSDT: 120.0s", "mode": "PAPER"}
{"timestamp": "2026-08-14T16:07:24.194327Z", "level": "WARNING", "component": "data_monitor", "message": "Out of order tick for BTCUSDT", "mode": "PAPER"}
{"timestamp": "2026-08-14T16:07:24.350286Z", "level": "WARNING", "component": "data_monitor", "message": "Data gap detected for BTCUSDT: 120.0s", "mode": "PAPER"}
{"timestamp": "2026-08-14T16:07:24.352372Z", "level": "WARNING", "component": "data_monitor", "message": "Out of order tick for BTCUSDT", "mode": "PAPER"}
{"timestamp": "2026-08-14T16:07:24.504305Z", "level": "WARNING", "component": "data_monitor", "message": "Data gap detected for BTCUSDT: 120.0s", "mode": "PAPER"}
{"timestamp": "2026-08-14T16:07:24.505868Z", "level": "WARNING", "component": "data_monitor", "message": "Out of order tick for BTCUSDT", "mode": "PAPER"}
{"timestamp": "2026-08-14T16:07:24.659932Z", "level": "WARNING", "component": "data_monitor", "message": "Data gap detected for BTCUSDT: 120.0s", "mode": "PAPER"}
{"timestamp": "2026-08-14T16:07:24.661482Z", "level": "WARNING", "component": "data_monitor", "message": "Out of order tick for BTCUSDT", "mode": "PAPER"}
{"timestamp": "2026-08-14T16:07:24.826132Z", "level": "WARNING", "component": "data_monitor", "message": "Data gap detected for BTCUSDT: 120.0s", "mode": "PAPER"}
{"timestamp": "2026-08-14T16:07:24.828136Z", "level": "WARNING", "component": "data_monitor", "message": "Out of order tick for BTCUSDT", "mode": "PAPER"}
{"timestamp": "2026-08-14T16:07:25.007054Z", "level": "WARNING", "component": "data_monitor", "message": "Data gap detected for BTCUSDT: 120.0s", "mode": "PAPER"}
{"timestamp": "2026-08-14T16:07:25.008013Z", "level": "WARNING", "component": "data_monitor", "message": "Out of order tick for BTCUSDT", "mode": "PAPER"}
{"timestamp": "2026-08-14T16:07:25.154657Z", "level": "WARNING", "component": "data_monitor", "message": "Data gap detected for BTCUSDT: 120.0s", "mode": "PAPER"}
{"timestamp": "2026-08-14T16:07:25.155802Z", "level": "WARNING", "component": "data_monitor", "message": "Out of order tick for BTCUSDT", "mode": "PAPER"}
{"timestamp": "2026-08-14T16:07:25.305983Z", "level": "WARNING", "component": "data_monitor", "message": "Data gap detected for BTCUSDT: 120.0s", "mode": "PAPER"}
{"timestamp": "2026-08-14T16:07:25.307958Z", "level": "WARNING", "component": "data_monitor", "message": "Out of order tick for BTCUSDT", "mode": "PAPER"}
{"timestamp": "2026-08-14T16:07:25.455206Z", "level": "WARNING", "component": "data_monitor", "message": "Data gap detected for BTCUSDT: 120.0s", "mode": "PAPER"}
{"timestamp": "2026-08-14T16:07:25.457474Z", "level": "WARNING", "component": "data_monitor", "message": "Out of order tick for BTCUSDT", "mode": "PAPER"}
{"timestamp": "2026-08-14T16:07:25.603707Z", "level": "WARNING", "component": "data_monitor", "message": "Data gap detected for BTCUSDT: 120.0s", "mode": "PAPER"}
{"timestamp": "2026-08-14T16:07:25.605164Z", "level": "WARNING", "component": "data_monitor", "message": "Out of order tick for BTCUSDT", "mode": "PAPER"}
{"timestamp": "2026-08-14T16:07:25.751019Z", "level": "WARNING", "component": "data_monitor", "message": "Data gap detected for BTCUSDT: 120.0s", "mode": "PAPER"}
{"timestamp": "2026-08-14T16:07:25.753079Z", "level": "WARNING", "component": "data_monitor", "message": "Out of order tick for BTCUSDT", "mode": "PAPER"}
{"timestamp": "2026-08-14T16:07:25.913581Z", "level": "WARNING", "component": "data_monitor", "message": "Data gap detected for BTCUSDT: 120.0s", "mode": "PAPER"}
{"timestamp": "2026-08-14T16:07:25.916345Z", "level": "WARNING", "component": "data_monitor", "message": "Out of order tick for BTCUSDT", "mode": "PAPER"}
{"timestamp": "2026-08-14T16:07:26.066445Z", "level": "WARNING", "component": "data_monitor", "message": "Data gap detected for BTCUSDT: 120.0s", "mode": "PAPER"}
{"timestamp": "2026-08-14T16:07:26.067834Z", "level": "WARNING", "component": "data_monitor", "message": "Out of order tick for BTCUSDT", "mode": "PAPER"}
{"timestamp": "2026-08-14T16:07:26.219845Z", "level": "WARNING", "component": "data_monitor", "message": "Data gap detected for BTCUSDT: 120.0s", "mode": "PAPER"}
{"timestamp": "2026-08-14T16:07:26.222454Z", "level": "WARNING", "component": "data_monitor", "message": "Out of order tick for BTCUSDT", "mode": "PAPER"}
{"timestamp": "2026-08-14T16:07:26.384599Z", "level": "WARNING", "component": "data_monitor", "message": "Data gap detected for BTCUSDT: 120.0s", "mode": "PAPER"}
{"timestamp": "2026-08-14T16:07:26.385953Z", "level": "WARNING", "component": "data_monitor", "message": "Out of order tick for BTCUSDT", "mode": "PAPER"}
{"timestamp": "2026-08-14T16:07:26.537469Z", "level": "WARNING", "component": "data_monitor", "message": "Data gap detected for BTCUSDT: 120.0s", "mode": "PAPER"}
{"timestamp": "2026-08-14T16:07:26.539191Z", "level": "WARNING", "component": "data_monitor", "message": "Out of order tick for BTCUSDT", "mode": "PAPER"}
{"timestamp": "2026-08-14T16:07:26.678341Z", "level": "WARNING", "component": "data_monitor", "message": "Data gap detected for BTCUSDT: 120.0s", "mode": "PAPER"}
{"timestamp": "2026-08-14T16:07:26.679741Z", "level": "WARNING", "component": "data_monitor", "message": "Out of order tick for BTCUSDT", "mode": "PAPER"}
{"timestamp": "2026-08-14T16:07:26.833250Z", "level": "WARNING", "component": "data_monitor", "message": "Data gap detected for BTCUSDT: 120.0s", "mode": "PAPER"}
{"timestamp": "2026-08-14T16:07:26.839477Z", "level": "WARNING", "component": "data_monitor", "message": "Out of order tick for BTCUSDT", "mode": "PAPER"}
{"timestamp": "2026-08-14T16:07:26.989834Z", "level": "WARNING", "component": "data_monitor", "message": "Data gap detected for BTCUSDT: 120.0s", "mode": "PAPER"}
{"timestamp": "2026-08-14T16:07:26.991343Z", "level": "WARNING", "component": "data_monitor", "message": "Out of order tick for BTCUSDT", "mode": "PAPER"}
{"timestamp": "2026-08-14T16:07:27.149861Z", "level": "WARNING", "component": "data_monitor", "message": "Data gap detected for BTCUSDT: 120.0s", "mode": "PAPER"}
{"timestamp": "2026-08-14T16:07:27.151489Z", "level": "WARNING", "component": "data_monitor", "message": "Out of order tick for BTCUSDT", "mode": "PAPER"}
{"timestamp": "2026-08-14T16:07:27.301047Z", "level": "WARNING", "component": "data_monitor", "message": "Data gap detected for BTCUSDT: 120.0s", "mode": "PAPER"}
{"timestamp": "2026-08-14T16:07:27.301900Z", "level": "WARNING", "component": "data_monitor", "message": "Out of order tick for BTCUSDT", "mode": "PAPER"}
{"timestamp": "2026-08-14T16:07:27.446188Z", "level": "WARNING", "component": "data_monitor", "message": "Data gap detected for BTCUSDT: 120.0s", "mode": "PAPER"}
{"timestamp": "2026-08-14T16:07:27.447721Z", "level": "WARNING", "component": "data_monitor", "message": "Out of order tick for BTCUSDT", "mode": "PAPER"}
{"timestamp": "2026-08-14T16:07:27.599633Z", "level": "WARNING", "component": "data_monitor", "message": "Data gap detected for BTCUSDT: 120.0s", "mode": "PAPER"}
{"timestamp": "2026-08-14T16:07:27.601257Z", "level": "WARNING", "component": "data_monitor", "message": "Out of order tick for BTCUSDT", "mode": "PAPER"}
{"timestamp": "2026-08-14T16:07:27.759418Z", "level": "WARNING", "component": "data_monitor", "message": "Data gap detected for BTCUSDT: 120.0s", "mode": "PAPER"}
{"timestamp": "2026-08-14T16:07:27.761202Z", "level": "WARNING", "component": "data_monitor", "message": "Out of order tick for BTCUSDT", "mode": "PAPER"}
{"timestamp": "2026-08-14T16:07:27.907512Z", "level": "WARNING", "component": "data_monitor", "message": "Data gap detected for BTCUSDT: 120.0s", "mode": "PAPER"}
{"timestamp": "2026-08-14T16:07:27.910003Z", "level": "WARNING", "component": "data_monitor", "message": "Out of order tick for BTCUSDT", "mode": "PAPER"}
{"timestamp": "2026-08-14T16:07:28.064399Z", "level": "WARNING", "component": "data_monitor", "message": "Data gap detected for BTCUSDT: 120.0s", "mode": "PAPER"}
{"timestamp": "2026-08-14T16:07:28.067070Z", "level": "WARNING", "component": "data_monitor", "message": "Out of order tick for BTCUSDT", "mode": "PAPER"}
{"timestamp": "2026-08-14T16:07:28.217900Z", "level": "WARNING", "component": "data_monitor", "message": "Data gap detected for BTCUSDT: 120.0s", "mode": "PAPER"}
{"timestamp": "2026-08-14T16:07:28.219808Z", "level": "WARNING", "component": "data_monitor", "message": "Out of order tick for BTCUSDT", "mode": "PAPER"}
{"timestamp": "2026-08-14T16:07:28.367546Z", "level": "WARNING", "component": "data_monitor", "message": "Data gap detected for BTCUSDT: 120.0s", "mode": "PAPER"}
{"timestamp": "2026-08-14T16:07:28.369648Z", "level": "WARNING", "component": "data_monitor", "message": "Out of order tick for BTCUSDT", "mode": "PAPER"}
{"timestamp": "2026-08-14T16:07:28.519401Z", "level": "WARNING", "component": "data_monitor", "message": "Data gap detected for BTCUSDT: 120.0s", "mode": "PAPER"}
{"timestamp": "2026-08-14T16:07:28.520388Z", "level": "WARNING", "component": "data_monitor", "message": "Out of order tick for BTCUSDT", "mode": "PAPER"}
{"timestamp": "2026-08-14T16:07:28.669633Z", "level": "WARNING", "component": "data_monitor", "message": "Data gap detected for BTCUSDT: 120.0s", "mode": "PAPER"}
{"timestamp": "2026-08-14T16:07:28.672221Z", "level": "WARNING", "component": "data_monitor", "message": "Out of order tick for BTCUSDT", "mode": "PAPER"}
{"timestamp": "2026-08-14T16:07:28.830998Z", "level": "WARNING", "component": "data_monitor", "message": "Data gap detected for BTCUSDT: 120.0s", "mode": "PAPER"}
{"timestamp": "2026-08-14T16:07:28.833960Z", "level": "WARNING", "component": "data_monitor", "message": "Out of order tick for BTCUSDT", "mode": "PAPER"}
{"timestamp": "2026-08-14T16:07:29.005765Z", "level": "WARNING", "component": "data_monitor", "message": "Data gap detected for BTCUSDT: 120.0s", "mode": "PAPER"}
{"timestamp": "2026-08-14T16:07:29.007496Z", "level": "WARNING", "component": "data_monitor", "message": "Out of order tick for BTCUSDT", "mode": "PAPER"}
{"timestamp": "2026-08-14T16:07:29.189118Z", "level": "WARNING", "component": "data_monitor", "message": "Data gap detected for BTCUSDT: 120.0s", "mode": "PAPER"}
{"timestamp": "2026-08-14T16:07:29.192146Z", "level": "WARNING", "component": "data_monitor", "message": "Out of order tick for BTCUSDT", "mode": "PAPER"}
{"timestamp": "2026-08-14T16:07:29.383121Z", "level": "WARNING", "component": "data_monitor", "message": "Data gap detected for BTCUSDT: 120.0s", "mode": "PAPER"}
{"timestamp": "2026-08-14T16:07:29.384659Z", "level": "WARNING", "component": "data_monitor", "message": "Out of order tick for BTCUSDT", "mode": "PAPER"}
{"timestamp": "2026-08-14T16:07:29.541946Z", "level": "WARNING", "component": "data_monitor", "message": "Data gap detected for BTCUSDT: 120.0s", "mode": "PAPER"}
{"timestamp": "2026-08-14T16:07:29.543746Z", "level": "WARNING", "component": "data_monitor", "message": "Out of order tick for BTCUSDT", "mode": "PAPER"}
{"timestamp": "2026-08-14T16:07:29.728111Z", "level": "WARNING", "component": "data_monitor", "message": "Data gap detected for BTCUSDT: 120.0s", "mode": "PAPER"}
{"timestamp": "2026-08-14T16:07:29.730089Z", "level": "WARNING", "component": "data_monitor", "message": "Out of order tick for BTCUSDT", "mode": "PAPER"}
{"timestamp": "2026-08-14T16:07:29.952106Z", "level": "WARNING", "component": "data_monitor", "message": "Data gap detected for BTCUSDT: 120.0s", "mode": "PAPER"}
{"timestamp": "2026-08-14T16:07:29.954105Z", "level": "WARNING", "component": "data_monitor", "message": "Out of order tick for BTCUSDT", "mode": "PAPER"}
{"timestamp": "2026-08-14T16:07:30.175888Z", "level": "WARNING", "component": "data_monitor", "message": "Data gap detected for BTCUSDT: 120.0s", "mode": "PAPER"}
{"timestamp": "2026-08-14T16:07:30.184957Z", "level": "WARNING", "component": "data_monitor", "message": "Out of order tick for BTCUSDT", "mode": "PAPER"}
{"timestamp": "2026-08-14T16:07:30.414164Z", "level": "WARNING", "component": "data_monitor", "message": "Data gap detected for BTCUSDT: 120.0s", "mode": "PAPER"}
{"timestamp": "2026-08-14T16:07:30.416770Z", "level": "WARNING", "component": "data_monitor", "message": "Out of order tick for BTCUSDT", "mode": "PAPER"}
{"timestamp": "2026-08-14T16:07:30.624380Z", "level": "WARNING", "component": "data_monitor", "message": "Data gap detected for BTCUSDT: 120.0s", "mode": "PAPER"}
{"timestamp": "2026-08-14T16:07:30.626568Z", "level": "WARNING", "component": "data_monitor", "message": "Out of order tick for BTCUSDT", "mode": "PAPER"}
{"timestamp": "2026-08-14T16:07:30.841968Z", "level": "WARNING", "component": "data_monitor", "message": "Data gap detected for BTCUSDT: 120.0s", "mode": "PAPER"}
{"timestamp": "2026-08-14T16:07:30.843872Z", "level": "WARNING", "component": "data_monitor", "message": "Out of order tick for BTCUSDT", "mode": "PAPER"}
{"timestamp": "2026-08-14T16:07:31.057096Z", "level": "WARNING", "component": "data_monitor", "message": "Data gap detected for BTCUSDT: 120.0s", "mode": "PAPER"}
{"timestamp": "2026-08-14T16:07:31.059754Z", "level": "WARNING", "component": "data_monitor", "message": "Out of order tick for BTCUSDT", "mode": "PAPER"}
{"timestamp": "2026-08-14T16:07:31.268683Z", "level": "WARNING", "component": "data_monitor", "message": "Data gap detected for BTCUSDT: 120.0s", "mode": "PAPER"}
{"timestamp": "2026-08-14T16:07:31.270618Z", "level": "WARNING", "component": "data_monitor", "message": "Out of order tick for BTCUSDT", "mode": "PAPER"}
{"timestamp": "2026-08-14T16:07:31.478145Z", "level": "WARNING", "component": "data_monitor", "message": "Data gap detected for BTCUSDT: 120.0s", "mode": "PAPER"}
{"timestamp": "2026-08-14T16:07:31.480255Z", "level": "WARNING", "component": "data_monitor", "message": "Out of order tick for BTCUSDT", "mode": "PAPER"}
{"timestamp": "2026-08-14T16:07:31.694280Z", "level": "WARNING", "component": "data_monitor", "message": "Data gap detected for BTCUSDT: 120.0s", "mode": "PAPER"}
{"timestamp": "2026-08-14T16:07:31.696441Z", "level": "WARNING", "component": "data_monitor", "message": "Out of order tick for BTCUSDT", "mode": "PAPER"}
{"timestamp": "2026-08-14T16:07:31.910118Z", "level": "WARNING", "component": "data_monitor", "message": "Data gap detected for BTCUSDT: 120.0s", "mode": "PAPER"}
{"timestamp": "2026-08-14T16:07:31.912208Z", "level": "WARNING", "component": "data_monitor", "message": "Out of order tick for BTCUSDT", "mode": "PAPER"}
{"timestamp": "2026-08-14T16:07:32.120989Z", "level": "WARNING", "component": "data_monitor", "message": "Data gap detected for BTCUSDT: 120.0s", "mode": "PAPER"}
{"timestamp": "2026-08-14T16:07:32.122822Z", "level": "WARNING", "component": "data_monitor", "message": "Out of order tick for BTCUSDT", "mode": "PAPER"}
{"timestamp": "2026-08-14T16:07:32.323111Z", "level": "WARNING", "component": "data_monitor", "message": "Data gap detected for BTCUSDT: 120.0s", "mode": "PAPER"}
{"timestamp": "2026-08-14T16:07:32.325836Z", "level": "WARNING", "component": "data_monitor", "message": "Out of order tick for BTCUSDT", "mode": "PAPER"}
{"timestamp": "2026-08-14T16:07:32.541016Z", "level": "WARNING", "component": "data_monitor", "message": "Data gap detected for BTCUSDT: 120.0s", "mode": "PAPER"}
{"timestamp": "2026-08-14T16:07:32.543614Z", "level": "WARNING", "component": "data_monitor", "message": "Out of order tick for BTCUSDT", "mode": "PAPER"}
{"timestamp": "2026-08-14T16:07:32.749058Z", "level": "WARNING", "component": "data_monitor", "message": "Data gap detected for BTCUSDT: 120.0s", "mode": "PAPER"}
{"timestamp": "2026-08-14T16:07:32.751112Z", "level": "WARNING", "component": "data_monitor", "message": "Out of order tick for BTCUSDT", "mode": "PAPER"}
{"timestamp": "2026-08-14T16:07:32.957538Z", "level": "WARNING", "component": "data_monitor", "message": "Data gap detected for BTCUSDT: 120.0s", "mode": "PAPER"}
{"timestamp": "2026-08-14T16:07:32.959191Z", "level": "WARNING", "component": "data_monitor", "message": "Out of order tick for BTCUSDT", "mode": "PAPER"}
{"timestamp": "2026-08-14T16:07:33.181256Z", "level": "WARNING", "component": "data_monitor", "message": "Data gap detected for BTCUSDT: 120.0s", "mode": "PAPER"}
{"timestamp": "2026-08-14T16:07:33.183099Z", "level": "WARNING", "component": "data_monitor", "message": "Out of order tick for BTCUSDT", "mode": "PAPER"}
{"timestamp": "2026-08-14T16:07:33.383059Z", "level": "WARNING", "component": "data_monitor", "message": "Data gap detected for BTCUSDT: 120.0s", "mode": "PAPER"}
{"timestamp": "2026-08-14T16:07:33.385205Z", "level": "WARNING", "component": "data_monitor", "message": "Out of order tick for BTCUSDT", "mode": "PAPER"}
{"timestamp": "2026-08-14T16:07:33.587051Z", "level": "WARNING", "component": "data_monitor", "message": "Data gap detected for BTCUSDT: 120.0s", "mode": "PAPER"}
{"timestamp": "2026-08-14T16:07:33.590168Z", "level": "WARNING", "component": "data_monitor", "message": "Out of order tick for BTCUSDT", "mode": "PAPER"}
{"timestamp": "2026-08-14T16:07:33.797124Z", "level": "WARNING", "component": "data_monitor", "message": "Data gap detected for BTCUSDT: 120.0s", "mode": "PAPER"}
{"timestamp": "2026-08-14T16:07:33.800058Z", "level": "WARNING", "component": "data_monitor", "message": "Out of order tick for BTCUSDT", "mode": "PAPER"}
{"timestamp": "2026-08-14T16:07:34.007274Z", "level": "WARNING", "component": "data_monitor", "message": "Data gap detected for BTCUSDT: 120.0s", "mode": "PAPER"}
{"timestamp": "2026-08-14T16:07:34.009991Z", "level": "WARNING", "component": "data_monitor", "message": "Out of order tick for BTCUSDT", "mode": "PAPER"}
{"timestamp": "2026-08-14T16:07:34.221937Z", "level": "WARNING", "component": "data_monitor", "message": "Data gap detected for BTCUSDT: 120.0s", "mode": "PAPER"}
{"timestamp": "2026-08-14T16:07:34.223754Z", "level": "WARNING", "component": "data_monitor", "message": "Out of order tick for BTCUSDT", "mode": "PAPER"}
{"timestamp": "2026-08-14T16:07:34.440784Z", "level": "WARNING", "component": "data_monitor", "message": "Data gap detected for BTCUSDT: 120.0s", "mode": "PAPER"}
{"timestamp": "2026-08-14T16:07:34.448967Z", "level": "WARNING", "component": "data_monitor", "message": "Out of order tick for BTCUSDT", "mode": "PAPER"}
{"timestamp": "2026-08-14T16:07:34.646829Z", "level": "WARNING", "component": "data_monitor", "message": "Data gap detected for BTCUSDT: 120.0s", "mode": "PAPER"}
{"timestamp": "2026-08-14T16:07:34.648351Z", "level": "WARNING", "component": "data_monitor", "message": "Out of order tick for BTCUSDT", "mode": "PAPER"}
{"timestamp": "2026-08-14T16:07:34.845316Z", "level": "WARNING", "component": "data_monitor", "message": "Data gap detected for BTCUSDT: 120.0s", "mode": "PAPER"}
{"timestamp": "2026-08-14T16:07:34.847663Z", "level": "WARNING", "component": "data_monitor", "message": "Out of order tick for BTCUSDT", "mode": "PAPER"}
{"timestamp": "2026-08-14T16:07:35.057877Z", "level": "WARNING", "component": "data_monitor", "message": "Data gap detected for BTCUSDT: 120.0s", "mode": "PAPER"}
{"timestamp": "2026-08-14T16:07:35.059325Z", "level": "WARNING", "component": "data_monitor", "message": "Out of order tick for BTCUSDT", "mode": "PAPER"}
{"timestamp": "2026-08-14T16:07:35.262013Z", "level": "WARNING", "component": "data_monitor", "message": "Data gap detected for BTCUSDT: 120.0s", "mode": "PAPER"}
{"timestamp": "2026-08-14T16:07:35.264375Z", "level": "WARNING", "component": "data_monitor", "message": "Out of order tick for BTCUSDT", "mode": "PAPER"}
{"timestamp": "2026-08-14T16:07:35.465913Z", "level": "WARNING", "component": "data_monitor", "message": "Data gap detected for BTCUSDT: 120.0s", "mode": "PAPER"}
{"timestamp": "2026-08-14T16:07:35.468190Z", "level": "WARNING", "component": "data_monitor", "message": "Out of order tick for BTCUSDT", "mode": "PAPER"}
{"timestamp": "2026-08-14T16:07:35.678769Z", "level": "WARNING", "component": "data_monitor", "message": "Data gap detected for BTCUSDT: 120.0s", "mode": "PAPER"}
{"timestamp": "2026-08-14T16:07:35.681823Z", "level": "WARNING", "component": "data_monitor", "message": "Out of order tick for BTCUSDT", "mode": "PAPER"}
{"timestamp": "2026-08-14T16:07:35.903121Z", "level": "WARNING", "component": "data_monitor", "message": "Data gap detected for BTCUSDT: 120.0s", "mode": "PAPER"}
{"timestamp": "2026-08-14T16:07:35.904850Z", "level": "WARNING", "component": "data_monitor", "message": "Out of order tick for BTCUSDT", "mode": "PAPER"}
{"timestamp": "2026-08-14T16:07:36.117089Z", "level": "WARNING", "component": "data_monitor", "message": "Data gap detected for BTCUSDT: 120.0s", "mode": "PAPER"}
{"timestamp": "2026-08-14T16:07:36.118760Z", "level": "WARNING", "component": "data_monitor", "message": "Out of order tick for BTCUSDT", "mode": "PAPER"}
{"timestamp": "2026-08-14T16:07:36.326089Z", "level": "WARNING", "component": "data_monitor", "message": "Data gap detected for BTCUSDT: 120.0s", "mode": "PAPER"}
{"timestamp": "2026-08-14T16:07:36.328203Z", "level": "WARNING", "component": "data_monitor", "message": "Out of order tick for BTCUSDT", "mode": "PAPER"}
{"timestamp": "2026-08-14T16:07:36.535171Z", "level": "WARNING", "component": "data_monitor", "message": "Data gap detected for BTCUSDT: 120.0s", "mode": "PAPER"}
{"timestamp": "2026-08-14T16:07:36.537234Z", "level": "WARNING", "component": "data_monitor", "message": "Out of order tick for BTCUSDT", "mode": "PAPER"}
{"timestamp": "2026-08-14T16:07:36.738460Z", "level": "WARNING", "component": "data_monitor", "message": "Data gap detected for BTCUSDT: 120.0s", "mode": "PAPER"}
{"timestamp": "2026-08-14T16:07:36.740087Z", "level": "WARNING", "component": "data_monitor", "message": "Out of order tick for BTCUSDT", "mode": "PAPER"}
{"timestamp": "2026-08-14T16:07:36.955989Z", "level": "WARNING", "component": "data_monitor", "message": "Data gap detected for BTCUSDT: 120.0s", "mode": "PAPER"}
{"timestamp": "2026-08-14T16:07:36.957764Z", "level": "WARNING", "component": "data_monitor", "message": "Out of order tick for BTCUSDT", "mode": "PAPER"}
{"timestamp": "2026-08-14T16:07:37.175183Z", "level": "WARNING", "component": "data_monitor", "message": "Data gap detected for BTCUSDT: 120.0s", "mode": "PAPER"}
{"timestamp": "2026-08-14T16:07:37.177346Z", "level": "WARNING", "component": "data_monitor", "message": "Out of order tick for BTCUSDT", "mode": "PAPER"}
{"timestamp": "2026-08-14T16:07:37.403547Z", "level": "WARNING", "component": "data_monitor", "message": "Data gap detected for BTCUSDT: 120.0s", "mode": "PAPER"}
{"timestamp": "2026-08-14T16:07:37.405791Z", "level": "WARNING", "component": "data_monitor", "message": "Out of order tick for BTCUSDT", "mode": "PAPER"}
{"timestamp": "2026-08-14T16:07:37.627987Z", "level": "WARNING", "component": "data_monitor", "message": "Data gap detected for BTCUSDT: 120.0s", "mode": "PAPER"}
{"timestamp": "2026-08-14T16:07:37.630867Z", "level": "WARNING", "component": "data_monitor", "message": "Out of order tick for BTCUSDT", "mode": "PAPER"}
{"timestamp": "2026-08-14T16:07:37.848230Z", "level": "WARNING", "component": "data_monitor", "message": "Data gap detected for BTCUSDT: 120.0s", "mode": "PAPER"}
{"timestamp": "2026-08-14T16:07:37.850979Z", "level": "WARNING", "component": "data_monitor", "message": "Out of order tick for BTCUSDT", "mode": "PAPER"}
{"timestamp": "2026-08-14T16:07:38.055891Z", "level": "WARNING", "component": "data_monitor", "message": "Data gap detected for BTCUSDT: 120.0s", "mode": "PAPER"}
{"timestamp": "2026-08-14T16:07:38.058172Z", "level": "WARNING", "component": "data_monitor", "message": "Out of order tick for BTCUSDT", "mode": "PAPER"}
{"timestamp": "2026-08-14T16:07:38.266910Z", "level": "WARNING", "component": "data_monitor", "message": "Data gap detected for BTCUSDT: 120.0s", "mode": "PAPER"}
{"timestamp": "2026-08-14T16:07:38.269324Z", "level": "WARNING", "component": "data_monitor", "message": "Out of order tick for BTCUSDT", "mode": "PAPER"}
{"timestamp": "2026-08-14T16:07:38.454811Z", "level": "WARNING", "component": "data_monitor", "message": "Data gap detected for BTCUSDT: 120.0s", "mode": "PAPER"}
{"timestamp": "2026-08-14T16:07:38.456699Z", "level": "WARNING", "component": "data_monitor", "message": "Out of order tick for BTCUSDT", "mode": "PAPER"}
{"timestamp": "2026-08-14T16:07:38.627816Z", "level": "WARNING", "component": "data_monitor", "message": "Data gap detected for BTCUSDT: 120.0s", "mode": "PAPER"}
{"timestamp": "2026-08-14T16:07:38.635391Z", "level": "WARNING", "component": "data_monitor", "message": "Out of order tick for BTCUSDT", "mode": "PAPER"}
{"timestamp": "2026-08-14T16:07:38.826654Z", "level": "WARNING", "component": "data_monitor", "message": "Data gap detected for BTCUSDT: 120.0s", "mode": "PAPER"}
{"timestamp": "2026-08-14T16:07:38.829585Z", "level": "WARNING", "component": "data_monitor", "message": "Out of order tick for BTCUSDT", "mode": "PAPER"}
{"timestamp": "2026-08-14T16:07:39.032352Z", "level": "WARNING", "component": "data_monitor", "message": "Data gap detected for BTCUSDT: 120.0s", "mode": "PAPER"}
{"timestamp": "2026-08-14T16:07:39.034762Z", "level": "WARNING", "component": "data_monitor", "message": "Out of order tick for BTCUSDT", "mode": "PAPER"}
{"timestamp": "2026-08-14T16:07:39.196367Z", "level": "WARNING", "component": "data_monitor", "message": "Data gap detected for BTCUSDT: 120.0s", "mode": "PAPER"}
{"timestamp": "2026-08-14T16:07:39.198120Z", "level": "WARNING", "component": "data_monitor", "message": "Out of order tick for BTCUSDT", "mode": "PAPER"}
{"timestamp": "2026-08-14T16:07:39.354393Z", "level": "WARNING", "component": "data_monitor", "message": "Data gap detected for BTCUSDT: 120.0s", "mode": "PAPER"}
{"timestamp": "2026-08-14T16:07:39.355983Z", "level": "WARNING", "component": "data_monitor", "message": "Out of order tick for BTCUSDT", "mode": "PAPER"}
{"timestamp": "2026-08-14T16:07:39.509902Z", "level": "WARNING", "component": "data_monitor", "message": "Data gap detected for BTCUSDT: 120.0s", "mode": "PAPER"}
{"timestamp": "2026-08-14T16:07:39.512073Z", "level": "WARNING", "component": "data_monitor", "message": "Out of order tick for BTCUSDT", "mode": "PAPER"}
{"timestamp": "2026-08-14T16:07:39.655925Z", "level": "WARNING", "component": "data_monitor", "message": "Data gap detected for BTCUSDT: 120.0s", "mode": "PAPER"}
{"timestamp": "2026-08-14T16:07:39.657804Z", "level": "WARNING", "component": "data_monitor", "message": "Out of order tick for BTCUSDT", "mode": "PAPER"}
{"timestamp": "2026-08-14T16:07:39.807735Z", "level": "WARNING", "component": "data_monitor", "message": "Data gap detected for BTCUSDT: 120.0s", "mode": "PAPER"}
{"timestamp": "2026-08-14T16:07:39.809735Z", "level": "WARNING", "component": "data_monitor", "message": "Out of order tick for BTCUSDT", "mode": "PAPER"}
{"timestamp": "2026-08-14T16:07:39.971807Z", "level": "WARNING", "component": "data_monitor", "message": "Data gap detected for BTCUSDT: 120.0s", "mode": "PAPER"}
{"timestamp": "2026-08-14T16:07:39.973435Z", "level": "WARNING", "component": "data_monitor", "message": "Out of order tick for BTCUSDT", "mode": "PAPER"}
{"timestamp": "2026-08-14T16:07:40.119041Z", "level": "WARNING", "component": "data_monitor", "message": "Data gap detected for BTCUSDT: 120.0s", "mode": "PAPER"}
{"timestamp": "2026-08-14T16:07:40.120870Z", "level": "WARNING", "component": "data_monitor", "message": "Out of order tick for BTCUSDT", "mode": "PAPER"}
{"timestamp": "2026-08-14T16:07:40.271828Z", "level": "WARNING", "component": "data_monitor", "message": "Data gap detected for BTCUSDT: 120.0s", "mode": "PAPER"}
{"timestamp": "2026-08-14T16:07:40.273737Z", "level": "WARNING", "component": "data_monitor", "message": "Out of order tick for BTCUSDT", "mode": "PAPER"}
{"timestamp": "2026-08-14T16:07:40.422405Z", "level": "WARNING", "component": "data_monitor", "message": "Data gap detected for BTCUSDT: 120.0s", "mode": "PAPER"}
{"timestamp": "2026-08-14T16:07:40.423098Z", "level": "WARNING", "component": "data_monitor", "message": "Out of order tick for BTCUSDT", "mode": "PAPER"}
{"timestamp": "2026-08-14T16:07:40.571994Z", "level": "WARNING", "component": "data_monitor", "message": "Data gap detected for BTCUSDT: 120.0s", "mode": "PAPER"}
{"timestamp": "2026-08-14T16:07:40.574052Z", "level": "WARNING", "component": "data_monitor", "message": "Out of order tick for BTCUSDT", "mode": "PAPER"}
{"timestamp": "2026-08-14T16:07:40.772776Z", "level": "WARNING", "component": "data_monitor", "message": "Data gap detected for BTCUSDT: 120.0s", "mode": "PAPER"}
{"timestamp": "2026-08-14T16:07:40.774983Z", "level": "WARNING", "component": "data_monitor", "message": "Out of order tick for BTCUSDT", "mode": "PAPER"}
{"timestamp": "2026-08-14T16:07:40.994455Z", "level": "WARNING", "component": "data_monitor", "message": "Data gap detected for BTCUSDT: 120.0s", "mode": "PAPER"}
{"timestamp": "2026-08-14T16:07:40.996890Z", "level": "WARNING", "component": "data_monitor", "message": "Out of order tick for BTCUSDT", "mode": "PAPER"}
{"timestamp": "2026-08-14T16:07:41.200311Z", "level": "WARNING", "component": "data_monitor", "message": "Data gap detected for BTCUSDT: 120.0s", "mode": "PAPER"}
{"timestamp": "2026-08-14T16:07:41.202648Z", "level": "WARNING", "component": "data_monitor", "message": "Out of order tick for BTCUSDT", "mode": "PAPER"}
{"timestamp": "2026-08-14T16:07:41.413958Z", "level": "WARNING", "component": "data_monitor", "message": "Data gap detected for BTCUSDT: 120.0s", "mode": "PAPER"}
{"timestamp": "2026-08-14T16:07:41.416634Z", "level": "WARNING", "component": "data_monitor", "message": "Out of order tick for BTCUSDT", "mode": "PAPER"}
{"timestamp": "2026-08-14T16:07:41.618421Z", "level": "WARNING", "component": "data_monitor", "message": "Data gap detected for BTCUSDT: 120.0s", "mode": "PAPER"}
{"timestamp": "2026-08-14T16:07:41.621008Z", "level": "WARNING", "component": "data_monitor", "message": "Out of order tick for BTCUSDT", "mode": "PAPER"}
{"timestamp": "2026-08-14T16:07:41.823851Z", "level": "WARNING", "component": "data_monitor", "message": "Data gap detected for BTCUSDT: 120.0s", "mode": "PAPER"}
{"timestamp": "2026-08-14T16:07:41.825764Z", "level": "WARNING", "component": "data_monitor", "message": "Out of order tick for BTCUSDT", "mode": "PAPER"}
{"timestamp": "2026-08-14T16:07:42.026442Z", "level": "WARNING", "component": "data_monitor", "message": "Data gap detected for BTCUSDT: 120.0s", "mode": "PAPER"}
{"timestamp": "2026-08-14T16:07:42.028234Z", "level": "WARNING", "component": "data_monitor", "message": "Out of order tick for BTCUSDT", "mode": "PAPER"}
{"timestamp": "2026-08-14T16:07:42.243241Z", "level": "WARNING", "component": "data_monitor", "message": "Data gap detected for BTCUSDT: 120.0s", "mode": "PAPER"}
{"timestamp": "2026-08-14T16:07:42.252061Z", "level": "WARNING", "component": "data_monitor", "message": "Out of order tick for BTCUSDT", "mode": "PAPER"}
{"timestamp": "2026-08-14T16:07:42.459445Z", "level": "WARNING", "component": "data_monitor", "message": "Data gap detected for BTCUSDT: 120.0s", "mode": "PAPER"}
{"timestamp": "2026-08-14T16:07:42.462036Z", "level": "WARNING", "component": "data_monitor", "message": "Out of order tick for BTCUSDT", "mode": "PAPER"}
{"timestamp": "2026-08-14T16:07:42.678858Z", "level": "WARNING", "component": "data_monitor", "message": "Data gap detected for BTCUSDT: 120.0s", "mode": "PAPER"}
{"timestamp": "2026-08-14T16:07:42.680607Z", "level": "WARNING", "component": "data_monitor", "message": "Out of order tick for BTCUSDT", "mode": "PAPER"}
{"timestamp": "2026-08-14T16:07:42.883625Z", "level": "WARNING", "component": "data_monitor", "message": "Data gap detected for BTCUSDT: 120.0s", "mode": "PAPER"}
{"timestamp": "2026-08-14T16:07:42.886481Z", "level": "WARNING", "component": "data_monitor", "message": "Out of order tick for BTCUSDT", "mode": "PAPER"}
{"timestamp": "2026-08-14T16:07:43.098272Z", "level": "WARNING", "component": "data_monitor", "message": "Data gap detected for BTCUSDT: 120.0s", "mode": "PAPER"}
{"timestamp": "2026-08-14T16:07:43.100528Z", "level": "WARNING", "component": "data_monitor", "message": "Out of order tick for BTCUSDT", "mode": "PAPER"}
{"timestamp": "2026-08-14T16:07:43.306853Z", "level": "WARNING", "component": "data_monitor", "message": "Data gap detected for BTCUSDT: 120.0s", "mode": "PAPER"}
{"timestamp": "2026-08-14T16:07:43.309089Z", "level": "WARNING", "component": "data_monitor", "message": "Out of order tick for BTCUSDT", "mode": "PAPER"}
{"timestamp": "2026-08-14T16:07:43.515072Z", "level": "WARNING", "component": "data_monitor", "message": "Data gap detected for BTCUSDT: 120.0s", "mode": "PAPER"}
{"timestamp": "2026-08-14T16:07:43.517257Z", "level": "WARNING", "component": "data_monitor", "message": "Out of order tick for BTCUSDT", "mode": "PAPER"}
{"timestamp": "2026-08-14T16:07:43.720769Z", "level": "WARNING", "component": "data_monitor", "message": "Data gap detected for BTCUSDT: 120.0s", "mode": "PAPER"}
{"timestamp": "2026-08-14T16:07:43.722845Z", "level": "WARNING", "component": "data_monitor", "message": "Out of order tick for BTCUSDT", "mode": "PAPER"}
{"timestamp": "2026-08-14T16:07:43.928887Z", "level": "WARNING", "component": "data_monitor", "message": "Data gap detected for BTCUSDT: 120.0s", "mode": "PAPER"}
{"timestamp": "2026-08-14T16:07:43.930959Z", "level": "WARNING", "component": "data_monitor", "message": "Out of order tick for BTCUSDT", "mode": "PAPER"}
{"timestamp": "2026-08-14T16:07:44.137887Z", "level": "WARNING", "component": "data_monitor", "message": "Data gap detected for BTCUSDT: 120.0s", "mode": "PAPER"}
{"timestamp": "2026-08-14T16:07:44.140344Z", "level": "WARNING", "component": "data_monitor", "message": "Out of order tick for BTCUSDT", "mode": "PAPER"}
{"timestamp": "2026-08-14T16:07:44.347822Z", "level": "WARNING", "component": "data_monitor", "message": "Data gap detected for BTCUSDT: 120.0s", "mode": "PAPER"}
{"timestamp": "2026-08-14T16:07:44.350647Z", "level": "WARNING", "component": "data_monitor", "message": "Out of order tick for BTCUSDT", "mode": "PAPER"}
{"timestamp": "2026-08-14T16:07:44.549767Z", "level": "WARNING", "component": "data_monitor", "message": "Data gap detected for BTCUSDT: 120.0s", "mode": "PAPER"}
{"timestamp": "2026-08-14T16:07:44.551871Z", "level": "WARNING", "component": "data_monitor", "message": "Out of order tick for BTCUSDT", "mode": "PAPER"}
{"timestamp": "2026-08-14T16:07:44.755450Z", "level": "WARNING", "component": "data_monitor", "message": "Data gap detected for BTCUSDT: 120.0s", "mode": "PAPER"}
{"timestamp": "2026-08-14T16:07:44.757594Z", "level": "WARNING", "component": "data_monitor", "message": "Out of order tick for BTCUSDT", "mode": "PAPER"}
{"timestamp": "2026-08-14T16:07:44.966941Z", "level": "WARNING", "component": "data_monitor", "message": "Data gap detected for BTCUSDT: 120.0s", "mode": "PAPER"}
{"timestamp": "2026-08-14T16:07:44.969093Z", "level": "WARNING", "component": "data_monitor", "message": "Out of order tick for BTCUSDT", "mode": "PAPER"}
{"timestamp": "2026-08-14T16:07:45.192188Z", "level": "WARNING", "component": "data_monitor", "message": "Data gap detected for BTCUSDT: 120.0s", "mode": "PAPER"}
{"timestamp": "2026-08-14T16:07:45.193959Z", "level": "WARNING", "component": "data_monitor", "message": "Out of order tick for BTCUSDT", "mode": "PAPER"}
{"timestamp": "2026-08-14T16:07:45.417992Z", "level": "WARNING", "component": "data_monitor", "message": "Data gap detected for BTCUSDT: 120.0s", "mode": "PAPER"}
{"timestamp": "2026-08-14T16:07:45.419377Z", "level": "WARNING", "component": "data_monitor", "message": "Out of order tick for BTCUSDT", "mode": "PAPER"}
{"timestamp": "2026-08-14T16:07:45.584166Z", "level": "WARNING", "component": "data_monitor", "message": "Data gap detected for BTCUSDT: 120.0s", "mode": "PAPER"}
{"timestamp": "2026-08-14T16:07:45.585605Z", "level": "WARNING", "component": "data_monitor", "message": "Out of order tick for BTCUSDT", "mode": "PAPER"}
{"timestamp": "2026-08-14T16:07:45.745918Z", "level": "WARNING", "component": "data_monitor", "message": "Data gap detected for BTCUSDT: 120.0s", "mode": "PAPER"}
{"timestamp": "2026-08-14T16:07:45.748108Z", "level": "WARNING", "component": "data_monitor", "message": "Out of order tick for BTCUSDT", "mode": "PAPER"}
{"timestamp": "2026-08-14T16:07:45.922508Z", "level": "WARNING", "component": "data_monitor", "message": "Data gap detected for BTCUSDT: 120.0s", "mode": "PAPER"}
{"timestamp": "2026-08-14T16:07:45.924755Z", "level": "WARNING", "component": "data_monitor", "message": "Out of order tick for BTCUSDT", "mode": "PAPER"}
{"timestamp": "2026-08-14T16:07:46.095612Z", "level": "WARNING", "component": "data_monitor", "message": "Data gap detected for BTCUSDT: 120.0s", "mode": "PAPER"}
{"timestamp": "2026-08-14T16:07:46.097743Z", "level": "WARNING", "component": "data_monitor", "message": "Out of order tick for BTCUSDT", "mode": "PAPER"}
{"timestamp": "2026-08-14T16:07:46.271539Z", "level": "WARNING", "component": "data_monitor", "message": "Data gap detected for BTCUSDT: 120.0s", "mode": "PAPER"}
{"timestamp": "2026-08-14T16:07:46.278691Z", "level": "WARNING", "component": "data_monitor", "message": "Out of order tick for BTCUSDT", "mode": "PAPER"}
{"timestamp": "2026-08-14T16:07:46.447276Z", "level": "WARNING", "component": "data_monitor", "message": "Data gap detected for BTCUSDT: 120.0s", "mode": "PAPER"}
{"timestamp": "2026-08-14T16:07:46.449221Z", "level": "WARNING", "component": "data_monitor", "message": "Out of order tick for BTCUSDT", "mode": "PAPER"}
{"timestamp": "2026-08-14T16:07:46.618093Z", "level": "WARNING", "component": "data_monitor", "message": "Data gap detected for BTCUSDT: 120.0s", "mode": "PAPER"}
{"timestamp": "2026-08-14T16:07:46.619667Z", "level": "WARNING", "component": "data_monitor", "message": "Out of order tick for BTCUSDT", "mode": "PAPER"}
{"timestamp": "2026-08-14T16:07:46.786969Z", "level": "WARNING", "component": "data_monitor", "message": "Data gap detected for BTCUSDT: 120.0s", "mode": "PAPER"}
{"timestamp": "2026-08-14T16:07:46.789449Z", "level": "WARNING", "component": "data_monitor", "message": "Out of order tick for BTCUSDT", "mode": "PAPER"}
{"timestamp": "2026-08-14T16:07:46.945972Z", "level": "WARNING", "component": "data_monitor", "message": "Data gap detected for BTCUSDT: 120.0s", "mode": "PAPER"}
{"timestamp": "2026-08-14T16:07:46.947548Z", "level": "WARNING", "component": "data_monitor", "message": "Out of order tick for BTCUSDT", "mode": "PAPER"}
{"timestamp": "2026-08-14T16:07:47.095844Z", "level": "WARNING", "component": "data_monitor", "message": "Data gap detected for BTCUSDT: 120.0s", "mode": "PAPER"}
{"timestamp": "2026-08-14T16:07:47.096895Z", "level": "WARNING", "component": "data_monitor", "message": "Out of order tick for BTCUSDT", "mode": "PAPER"}
{"timestamp": "2026-08-14T16:07:47.248354Z", "level": "WARNING", "component": "data_monitor", "message": "Data gap detected for BTCUSDT: 120.0s", "mode": "PAPER"}
{"timestamp": "2026-08-14T16:07:47.250709Z", "level": "WARNING", "component": "data_monitor", "message": "Out of order tick for BTCUSDT", "mode": "PAPER"}
{"timestamp": "2026-08-14T16:07:47.406940Z", "level": "WARNING", "component": "data_monitor", "message": "Data gap detected for BTCUSDT: 120.0s", "mode": "PAPER"}
{"timestamp": "2026-08-14T16:07:47.408677Z", "level": "WARNING", "component": "data_monitor", "message": "Out of order tick for BTCUSDT", "mode": "PAPER"}
{"timestamp": "2026-08-14T16:07:47.558131Z", "level": "WARNING", "component": "data_monitor", "message": "Data gap detected for BTCUSDT: 120.0s", "mode": "PAPER"}
{"timestamp": "2026-08-14T16:07:47.559500Z", "level": "WARNING", "component": "data_monitor", "message": "Out of order tick for BTCUSDT", "mode": "PAPER"}
{"timestamp": "2026-08-14T16:07:47.713530Z", "level": "WARNING", "component": "data_monitor", "message": "Data gap detected for BTCUSDT: 120.0s", "mode": "PAPER"}
{"timestamp": "2026-08-14T16:07:47.714940Z", "level": "WARNING", "component": "data_monitor", "message": "Out of order tick for BTCUSDT", "mode": "PAPER"}
{"timestamp": "2026-08-14T16:07:47.875557Z", "level": "WARNING", "component": "data_monitor", "message": "Data gap detected for BTCUSDT: 120.0s", "mode": "PAPER"}
{"timestamp": "2026-08-14T16:07:47.877678Z", "level": "WARNING", "component": "data_monitor", "message": "Out of order tick for BTCUSDT", "mode": "PAPER"}
{"timestamp": "2026-08-14T16:07:48.044793Z", "level": "WARNING", "component": "data_monitor", "message": "Data gap detected for BTCUSDT: 120.0s", "mode": "PAPER"}
{"timestamp": "2026-08-14T16:07:48.047989Z", "level": "WARNING", "component": "data_monitor", "message": "Out of order tick for BTCUSDT", "mode": "PAPER"}
{"timestamp": "2026-08-14T16:07:48.202837Z", "level": "WARNING", "component": "data_monitor", "message": "Data gap detected for BTCUSDT: 120.0s", "mode": "PAPER"}
{"timestamp": "2026-08-14T16:07:48.204956Z", "level": "WARNING", "component": "data_monitor", "message": "Out of order tick for BTCUSDT", "mode": "PAPER"}
{"timestamp": "2026-08-14T16:07:48.357335Z", "level": "WARNING", "component": "data_monitor", "message": "Data gap detected for BTCUSDT: 120.0s", "mode": "PAPER"}
{"timestamp": "2026-08-14T16:07:48.360011Z", "level": "WARNING", "component": "data_monitor", "message": "Out of order tick for BTCUSDT", "mode": "PAPER"}
{"timestamp": "2026-08-14T16:07:48.525552Z", "level": "WARNING", "component": "data_monitor", "message": "Data gap detected for BTCUSDT: 120.0s", "mode": "PAPER"}
{"timestamp": "2026-08-14T16:07:48.527553Z", "level": "WARNING", "component": "data_monitor", "message": "Out of order tick for BTCUSDT", "mode": "PAPER"}
{"timestamp": "2026-08-14T16:07:48.689237Z", "level": "WARNING", "component": "data_monitor", "message": "Data gap detected for BTCUSDT: 120.0s", "mode": "PAPER"}
{"timestamp": "2026-08-14T16:07:48.690891Z", "level": "WARNING", "component": "data_monitor", "message": "Out of order tick for BTCUSDT", "mode": "PAPER"}
{"timestamp": "2026-08-14T16:07:48.851695Z", "level": "WARNING", "component": "data_monitor", "message": "Data gap detected for BTCUSDT: 120.0s", "mode": "PAPER"}
{"timestamp": "2026-08-14T16:07:48.853002Z", "level": "WARNING", "component": "data_monitor", "message": "Out of order tick for BTCUSDT", "mode": "PAPER"}
{"timestamp": "2026-08-14T16:07:49.006568Z", "level": "WARNING", "component": "data_monitor", "message": "Data gap detected for BTCUSDT: 120.0s", "mode": "PAPER"}
{"timestamp": "2026-08-14T16:07:49.008711Z", "level": "WARNING", "component": "data_monitor", "message": "Out of order tick for BTCUSDT", "mode": "PAPER"}
{"timestamp": "2026-08-14T16:07:49.158845Z", "level": "WARNING", "component": "data_monitor", "message": "Data gap detected for BTCUSDT: 120.0s", "mode": "PAPER"}
{"timestamp": "2026-08-14T16:07:49.160970Z", "level": "WARNING", "component": "data_monitor", "message": "Out of order tick for BTCUSDT", "mode": "PAPER"}
{"timestamp": "2026-08-14T16:07:49.322967Z", "level": "WARNING", "component": "data_monitor", "message": "Data gap detected for BTCUSDT: 120.0s", "mode": "PAPER"}
{"timestamp": "2026-08-14T16:07:49.324249Z", "level": "WARNING", "component": "data_monitor", "message": "Out of order tick for BTCUSDT", "mode": "PAPER"}
{"timestamp": "2026-08-14T16:07:49.503335Z", "level": "WARNING", "component": "data_monitor", "message": "Data gap detected for BTCUSDT: 120.0s", "mode": "PAPER"}
{"timestamp": "2026-08-14T16:07:49.509866Z", "level": "WARNING", "component": "data_monitor", "message": "Out of order tick for BTCUSDT", "mode": "PAPER"}
{"timestamp": "2026-08-14T16:07:49.678156Z", "level": "WARNING", "component": "data_monitor", "message": "Data gap detected for BTCUSDT: 120.0s", "mode": "PAPER"}
{"timestamp": "2026-08-14T16:07:49.680185Z", "level": "WARNING", "component": "data_monitor", "message": "Out of order tick for BTCUSDT", "mode": "PAPER"}
{"timestamp": "2026-08-14T16:07:49.853874Z", "level": "WARNING", "component": "data_monitor", "message": "Data gap detected for BTCUSDT: 120.0s", "mode": "PAPER"}
{"timestamp": "2026-08-14T16:07:49.855563Z", "level": "WARNING", "component": "data_monitor", "message": "Out of order tick for BTCUSDT", "mode": "PAPER"}
{"timestamp": "2026-08-14T16:07:50.056548Z", "level": "WARNING", "component": "data_monitor", "message": "Data gap detected for BTCUSDT: 120.0s", "mode": "PAPER"}
{"timestamp": "2026-08-14T16:07:50.058818Z", "level": "WARNING", "component": "data_monitor", "message": "Out of order tick for BTCUSDT", "mode": "PAPER"}
{"timestamp": "2026-08-14T16:07:50.263912Z", "level": "WARNING", "component": "data_monitor", "message": "Data gap detected for BTCUSDT: 120.0s", "mode": "PAPER"}
{"timestamp": "2026-08-14T16:07:50.265398Z", "level": "WARNING", "component": "data_monitor", "message": "Out of order tick for BTCUSDT", "mode": "PAPER"}
{"timestamp": "2026-08-14T16:07:50.425444Z", "level": "WARNING", "component": "data_monitor", "message": "Data gap detected for BTCUSDT: 120.0s", "mode": "PAPER"}
{"timestamp": "2026-08-14T16:07:50.426957Z", "level": "WARNING", "component": "data_monitor", "message": "Out of order tick for BTCUSDT", "mode": "PAPER"}
{"timestamp": "2026-08-14T16:07:50.605673Z", "level": "WARNING", "component": "data_monitor", "message": "Data gap detected for BTCUSDT: 120.0s", "mode": "PAPER"}
{"timestamp": "2026-08-14T16:07:50.607016Z", "level": "WARNING", "component": "data_monitor", "message": "Out of order tick for BTCUSDT", "mode": "PAPER"}
{"timestamp": "2026-08-14T16:07:50.775563Z", "level": "WARNING", "component": "data_monitor", "message": "Data gap detected for BTCUSDT: 120.0s", "mode": "PAPER"}
{"timestamp": "2026-08-14T16:07:50.777124Z", "level": "WARNING", "component": "data_monitor", "message": "Out of order tick for BTCUSDT", "mode": "PAPER"}
{"timestamp": "2026-08-14T16:07:50.950538Z", "level": "WARNING", "component": "data_monitor", "message": "Data gap detected for BTCUSDT: 120.0s", "mode": "PAPER"}
{"timestamp": "2026-08-14T16:07:50.952980Z", "level": "WARNING", "component": "data_monitor", "message": "Out of order tick for BTCUSDT", "mode": "PAPER"}
{"timestamp": "2026-08-14T16:07:51.116293Z", "level": "WARNING", "component": "data_monitor", "message": "Data gap detected for BTCUSDT: 120.0s", "mode": "PAPER"}
{"timestamp": "2026-08-14T16:07:51.118260Z", "level": "WARNING", "component": "data_monitor", "message": "Out of order tick for BTCUSDT", "mode": "PAPER"}
{"timestamp": "2026-08-14T16:07:51.268910Z", "level": "WARNING", "component": "data_monitor", "message": "Data gap detected for BTCUSDT: 120.0s", "mode": "PAPER"}
{"timestamp": "2026-08-14T16:07:51.270679Z", "level": "WARNING", "component": "data_monitor", "message": "Out of order tick for BTCUSDT", "mode": "PAPER"}
{"timestamp": "2026-08-14T16:07:51.433864Z", "level": "WARNING", "component": "data_monitor", "message": "Data gap detected for BTCUSDT: 120.0s", "mode": "PAPER"}
{"timestamp": "2026-08-14T16:07:51.435248Z", "level": "WARNING", "component": "data_monitor", "message": "Out of order tick for BTCUSDT", "mode": "PAPER"}
{"timestamp": "2026-08-14T16:07:51.581555Z", "level": "WARNING", "component": "data_monitor", "message": "Data gap detected for BTCUSDT: 120.0s", "mode": "PAPER"}
{"timestamp": "2026-08-14T16:07:51.584405Z", "level": "WARNING", "component": "data_monitor", "message": "Out of order tick for BTCUSDT", "mode": "PAPER"}
{"timestamp": "2026-08-14T16:07:51.740601Z", "level": "WARNING", "component": "data_monitor", "message": "Data gap detected for BTCUSDT: 120.0s", "mode": "PAPER"}
{"timestamp": "2026-08-14T16:07:51.742422Z", "level": "WARNING", "component": "data_monitor", "message": "Out of order tick for BTCUSDT", "mode": "PAPER"}
{"timestamp": "2026-08-14T16:07:51.900449Z", "level": "WARNING", "component": "data_monitor", "message": "Data gap detected for BTCUSDT: 120.0s", "mode": "PAPER"}
{"timestamp": "2026-08-14T16:07:51.902897Z", "level": "WARNING", "component": "data_monitor", "message": "Out of order tick for BTCUSDT", "mode": "PAPER"}
{"timestamp": "2026-08-14T16:07:52.049575Z", "level": "WARNING", "component": "data_monitor", "message": "Data gap detected for BTCUSDT: 120.0s", "mode": "PAPER"}
{"timestamp": "2026-08-14T16:07:52.051678Z", "level": "WARNING", "component": "data_monitor", "message": "Out of order tick for BTCUSDT", "mode": "PAPER"}
{"timestamp": "2026-08-14T16:07:52.221742Z", "level": "WARNING", "component": "data_monitor", "message": "Data gap detected for BTCUSDT: 120.0s", "mode": "PAPER"}
{"timestamp": "2026-08-14T16:07:52.223704Z", "level": "WARNING", "component": "data_monitor", "message": "Out of order tick for BTCUSDT", "mode": "PAPER"}
{"timestamp": "2026-08-14T16:07:52.380348Z", "level": "WARNING", "component": "data_monitor", "message": "Data gap detected for BTCUSDT: 120.0s", "mode": "PAPER"}
{"timestamp": "2026-08-14T16:07:52.381964Z", "level": "WARNING", "component": "data_monitor", "message": "Out of order tick for BTCUSDT", "mode": "PAPER"}
{"timestamp": "2026-08-14T16:07:52.534029Z", "level": "WARNING", "component": "data_monitor", "message": "Data gap detected for BTCUSDT: 120.0s", "mode": "PAPER"}
{"timestamp": "2026-08-14T16:07:52.536639Z", "level": "WARNING", "component": "data_monitor", "message": "Out of order tick for BTCUSDT", "mode": "PAPER"}
{"timestamp": "2026-08-14T16:07:52.695488Z", "level": "WARNING", "component": "data_monitor", "message": "Data gap detected for BTCUSDT: 120.0s", "mode": "PAPER"}
{"timestamp": "2026-08-14T16:07:52.697118Z", "level": "WARNING", "component": "data_monitor", "message": "Out of order tick for BTCUSDT", "mode": "PAPER"}
{"timestamp": "2026-08-14T16:07:52.852252Z", "level": "WARNING", "component": "data_monitor", "message": "Data gap detected for BTCUSDT: 120.0s", "mode": "PAPER"}
{"timestamp": "2026-08-14T16:07:52.858188Z", "level": "WARNING", "component": "data_monitor", "message": "Out of order tick for BTCUSDT", "mode": "PAPER"}
{"timestamp": "2026-08-14T16:07:53.004996Z", "level": "WARNING", "component": "data_monitor", "message": "Data gap detected for BTCUSDT: 120.0s", "mode": "PAPER"}
{"timestamp": "2026-08-14T16:07:53.006673Z", "level": "WARNING", "component": "data_monitor", "message": "Out of order tick for BTCUSDT", "mode": "PAPER"}
{"timestamp": "2026-08-14T16:07:53.161737Z", "level": "WARNING", "component": "data_monitor", "message": "Data gap detected for BTCUSDT: 120.0s", "mode": "PAPER"}
{"timestamp": "2026-08-14T16:07:53.163908Z", "level": "WARNING", "component": "data_monitor", "message": "Out of order tick for BTCUSDT", "mode": "PAPER"}
{"timestamp": "2026-08-14T16:07:53.322015Z", "level": "WARNING", "component": "data_monitor", "message": "Data gap detected for BTCUSDT: 120.0s", "mode": "PAPER"}
{"timestamp": "2026-08-14T16:07:53.324321Z", "level": "WARNING", "component": "data_monitor", "message": "Out of order tick for BTCUSDT", "mode": "PAPER"}
{"timestamp": "2026-08-14T16:07:53.477368Z", "level": "WARNING", "component": "data_monitor", "message": "Data gap detected for BTCUSDT: 120.0s", "mode": "PAPER"}
{"timestamp": "2026-08-14T16:07:53.478752Z", "level": "WARNING", "component": "data_monitor", "message": "Out of order tick for BTCUSDT", "mode": "PAPER"}
{"timestamp": "2026-08-14T16:07:53.631812Z", "level": "WARNING", "component": "data_monitor", "message": "Data gap detected for BTCUSDT: 120.0s", "mode": "PAPER"}
{"timestamp": "2026-08-14T16:07:53.633178Z", "level": "WARNING", "component": "data_monitor", "message": "Out of order tick for BTCUSDT", "mode": "PAPER"}
{"timestamp": "2026-08-14T16:07:53.784935Z", "level": "WARNING", "component": "data_monitor", "message": "Data gap detected for BTCUSDT: 120.0s", "mode": "PAPER"}
{"timestamp": "2026-08-14T16:07:53.786850Z", "level": "WARNING", "component": "data_monitor", "message": "Out of order tick for BTCUSDT", "mode": "PAPER"}
{"timestamp": "2026-08-14T16:07:53.946838Z", "level": "WARNING", "component": "data_monitor", "message": "Data gap detected for BTCUSDT: 120.0s", "mode": "PAPER"}
{"timestamp": "2026-08-14T16:07:53.948247Z", "level": "WARNING", "component": "data_monitor", "message": "Out of order tick for BTCUSDT", "mode": "PAPER"}
{"timestamp": "2026-08-14T16:07:54.105404Z", "level": "WARNING", "component": "data_monitor", "message": "Data gap detected for BTCUSDT: 120.0s", "mode": "PAPER"}
{"timestamp": "2026-08-14T16:07:54.107444Z", "level": "WARNING", "component": "data_monitor", "message": "Out of order tick for BTCUSDT", "mode": "PAPER"}
{"timestamp": "2026-08-14T16:07:54.264304Z", "level": "WARNING", "component": "data_monitor", "message": "Data gap detected for BTCUSDT: 120.0s", "mode": "PAPER"}
{"timestamp": "2026-08-14T16:07:54.266287Z", "level": "WARNING", "component": "data_monitor", "message": "Out of order tick for BTCUSDT", "mode": "PAPER"}
{"timestamp": "2026-08-14T16:07:54.426098Z", "level": "WARNING", "component": "data_monitor", "message": "Data gap detected for BTCUSDT: 120.0s", "mode": "PAPER"}
{"timestamp": "2026-08-14T16:07:54.427779Z", "level": "WARNING", "component": "data_monitor", "message": "Out of order tick for BTCUSDT", "mode": "PAPER"}
{"timestamp": "2026-08-14T16:07:54.586134Z", "level": "WARNING", "component": "data_monitor", "message": "Data gap detected for BTCUSDT: 120.0s", "mode": "PAPER"}
{"timestamp": "2026-08-14T16:07:54.587461Z", "level": "WARNING", "component": "data_monitor", "message": "Out of order tick for BTCUSDT", "mode": "PAPER"}
{"timestamp": "2026-08-14T16:07:54.739388Z", "level": "WARNING", "component": "data_monitor", "message": "Data gap detected for BTCUSDT: 120.0s", "mode": "PAPER"}
{"timestamp": "2026-08-14T16:07:54.740944Z", "level": "WARNING", "component": "data_monitor", "message": "Out of order tick for BTCUSDT", "mode": "PAPER"}
{"timestamp": "2026-08-14T16:07:54.900723Z", "level": "WARNING", "component": "data_monitor", "message": "Data gap detected for BTCUSDT: 120.0s", "mode": "PAPER"}
{"timestamp": "2026-08-14T16:07:54.903230Z", "level": "WARNING", "component": "data_monitor", "message": "Out of order tick for BTCUSDT", "mode": "PAPER"}
{"timestamp": "2026-08-14T16:07:55.072484Z", "level": "WARNING", "component": "data_monitor", "message": "Data gap detected for BTCUSDT: 120.0s", "mode": "PAPER"}
{"timestamp": "2026-08-14T16:07:55.075372Z", "level": "WARNING", "component": "data_monitor", "message": "Out of order tick for BTCUSDT", "mode": "PAPER"}
{"timestamp": "2026-08-14T16:07:55.231864Z", "level": "WARNING", "component": "data_monitor", "message": "Data gap detected for BTCUSDT: 120.0s", "mode": "PAPER"}
{"timestamp": "2026-08-14T16:07:55.233903Z", "level": "WARNING", "component": "data_monitor", "message": "Out of order tick for BTCUSDT", "mode": "PAPER"}
{"timestamp": "2026-08-14T16:07:55.383694Z", "level": "WARNING", "component": "data_monitor", "message": "Data gap detected for BTCUSDT: 120.0s", "mode": "PAPER"}
{"timestamp": "2026-08-14T16:07:55.385652Z", "level": "WARNING", "component": "data_monitor", "message": "Out of order tick for BTCUSDT", "mode": "PAPER"}
{"timestamp": "2026-08-14T16:07:55.543746Z", "level": "WARNING", "component": "data_monitor", "message": "Data gap detected for BTCUSDT: 120.0s", "mode": "PAPER"}
{"timestamp": "2026-08-14T16:07:55.545355Z", "level": "WARNING", "component": "data_monitor", "message": "Out of order tick for BTCUSDT", "mode": "PAPER"}
{"timestamp": "2026-08-14T16:07:55.700672Z", "level": "WARNING", "component": "data_monitor", "message": "Data gap detected for BTCUSDT: 120.0s", "mode": "PAPER"}
{"timestamp": "2026-08-14T16:07:55.702036Z", "level": "WARNING", "component": "data_monitor", "message": "Out of order tick for BTCUSDT", "mode": "PAPER"}
{"timestamp": "2026-08-14T16:07:55.855982Z", "level": "WARNING", "component": "data_monitor", "message": "Data gap detected for BTCUSDT: 120.0s", "mode": "PAPER"}
{"timestamp": "2026-08-14T16:07:55.857716Z", "level": "WARNING", "component": "data_monitor", "message": "Out of order tick for BTCUSDT", "mode": "PAPER"}
{"timestamp": "2026-08-14T16:07:56.011875Z", "level": "WARNING", "component": "data_monitor", "message": "Data gap detected for BTCUSDT: 120.0s", "mode": "PAPER"}
{"timestamp": "2026-08-14T16:07:56.019019Z", "level": "WARNING", "component": "data_monitor", "message": "Out of order tick for BTCUSDT", "mode": "PAPER"}
{"timestamp": "2026-08-14T16:07:56.166129Z", "level": "WARNING", "component": "data_monitor", "message": "Data gap detected for BTCUSDT: 120.0s", "mode": "PAPER"}
{"timestamp": "2026-08-14T16:07:56.167947Z", "level": "WARNING", "component": "data_monitor", "message": "Out of order tick for BTCUSDT", "mode": "PAPER"}
{"timestamp": "2026-08-14T16:07:56.330859Z", "level": "WARNING", "component": "data_monitor", "message": "Data gap detected for BTCUSDT: 120.0s", "mode": "PAPER"}
{"timestamp": "2026-08-14T16:07:56.332557Z", "level": "WARNING", "component": "data_monitor", "message": "Out of order tick for BTCUSDT", "mode": "PAPER"}
{"timestamp": "2026-08-14T16:07:56.483369Z", "level": "WARNING", "component": "data_monitor", "message": "Data gap detected for BTCUSDT: 120.0s", "mode": "PAPER"}
{"timestamp": "2026-08-14T16:07:56.485761Z", "level": "WARNING", "component": "data_monitor", "message": "Out of order tick for BTCUSDT", "mode": "PAPER"}
{"timestamp": "2026-08-14T16:07:56.643297Z", "level": "WARNING", "component": "data_monitor", "message": "Data gap detected for BTCUSDT: 120.0s", "mode": "PAPER"}
{"timestamp": "2026-08-14T16:07:56.644738Z", "level": "WARNING", "component": "data_monitor", "message": "Out of order tick for BTCUSDT", "mode": "PAPER"}
{"timestamp": "2026-08-14T16:07:56.796890Z", "level": "WARNING", "component": "data_monitor", "message": "Data gap detected for BTCUSDT: 120.0s", "mode": "PAPER"}
{"timestamp": "2026-08-14T16:07:56.798857Z", "level": "WARNING", "component": "data_monitor", "message": "Out of order tick for BTCUSDT", "mode": "PAPER"}
{"timestamp": "2026-08-14T16:07:56.992420Z", "level": "WARNING", "component": "data_monitor", "message": "Data gap detected for BTCUSDT: 120.0s", "mode": "PAPER"}
{"timestamp": "2026-08-14T16:07:56.994743Z", "level": "WARNING", "component": "data_monitor", "message": "Out of order tick for BTCUSDT", "mode": "PAPER"}
{"timestamp": "2026-08-14T16:07:57.215452Z", "level": "WARNING", "component": "data_monitor", "message": "Data gap detected for BTCUSDT: 120.0s", "mode": "PAPER"}
{"timestamp": "2026-08-14T16:07:57.218184Z", "level": "WARNING", "component": "data_monitor", "message": "Out of order tick for BTCUSDT", "mode": "PAPER"}
{"timestamp": "2026-08-14T16:07:57.435075Z", "level": "WARNING", "component": "data_monitor", "message": "Data gap detected for BTCUSDT: 120.0s", "mode": "PAPER"}
{"timestamp": "2026-08-14T16:07:57.436493Z", "level": "WARNING", "component": "data_monitor", "message": "Out of order tick for BTCUSDT", "mode": "PAPER"}
{"timestamp": "2026-08-14T16:07:57.663952Z", "level": "WARNING", "component": "data_monitor", "message": "Data gap detected for BTCUSDT: 120.0s", "mode": "PAPER"}
{"timestamp": "2026-08-14T16:07:57.666842Z", "level": "WARNING", "component": "data_monitor", "message": "Out of order tick for BTCUSDT", "mode": "PAPER"}
{"timestamp": "2026-08-14T16:07:57.876425Z", "level": "WARNING", "component": "data_monitor", "message": "Data gap detected for BTCUSDT: 120.0s", "mode": "PAPER"}
{"timestamp": "2026-08-14T16:07:57.877731Z", "level": "WARNING", "component": "data_monitor", "message": "Out of order tick for BTCUSDT", "mode": "PAPER"}
{"timestamp": "2026-08-14T16:07:58.095379Z", "level": "WARNING", "component": "data_monitor", "message": "Data gap detected for BTCUSDT: 120.0s", "mode": "PAPER"}
{"timestamp": "2026-08-14T16:07:58.097872Z", "level": "WARNING", "component": "data_monitor", "message": "Out of order tick for BTCUSDT", "mode": "PAPER"}
{"timestamp": "2026-08-14T16:07:58.312397Z", "level": "WARNING", "component": "data_monitor", "message": "Data gap detected for BTCUSDT: 120.0s", "mode": "PAPER"}
{"timestamp": "2026-08-14T16:07:58.314269Z", "level": "WARNING", "component": "data_monitor", "message": "Out of order tick for BTCUSDT", "mode": "PAPER"}
{"timestamp": "2026-08-14T16:07:58.517962Z", "level": "WARNING", "component": "data_monitor", "message": "Data gap detected for BTCUSDT: 120.0s", "mode": "PAPER"}
{"timestamp": "2026-08-14T16:07:58.520179Z", "level": "WARNING", "component": "data_monitor", "message": "Out of order tick for BTCUSDT", "mode": "PAPER"}
{"timestamp": "2026-08-14T16:07:58.733468Z", "level": "WARNING", "component": "data_monitor", "message": "Data gap detected for BTCUSDT: 120.0s", "mode": "PAPER"}
{"timestamp": "2026-08-14T16:07:58.734798Z", "level": "WARNING", "component": "data_monitor", "message": "Out of order tick for BTCUSDT", "mode": "PAPER"}
{"timestamp": "2026-08-14T16:07:58.937952Z", "level": "WARNING", "component": "data_monitor", "message": "Data gap detected for BTCUSDT: 120.0s", "mode": "PAPER"}
{"timestamp": "2026-08-14T16:07:58.939203Z", "level": "WARNING", "component": "data_monitor", "message": "Out of order tick for BTCUSDT", "mode": "PAPER"}
{"timestamp": "2026-08-14T16:07:59.153366Z", "level": "WARNING", "component": "data_monitor", "message": "Data gap detected for BTCUSDT: 120.0s", "mode": "PAPER"}
{"timestamp": "2026-08-14T16:07:59.155582Z", "level": "WARNING", "component": "data_monitor", "message": "Out of order tick for BTCUSDT", "mode": "PAPER"}
{"timestamp": "2026-08-14T16:07:59.358388Z", "level": "WARNING", "component": "data_monitor", "message": "Data gap detected for BTCUSDT: 120.0s", "mode": "PAPER"}
{"timestamp": "2026-08-14T16:07:59.360425Z", "level": "WARNING", "component": "data_monitor", "message": "Out of order tick for BTCUSDT", "mode": "PAPER"}
{"timestamp": "2026-08-14T16:07:59.560610Z", "level": "WARNING", "component": "data_monitor", "message": "Data gap detected for BTCUSDT: 120.0s", "mode": "PAPER"}
{"timestamp": "2026-08-14T16:07:59.562394Z", "level": "WARNING", "component": "data_monitor", "message": "Out of order tick for BTCUSDT", "mode": "PAPER"}
{"timestamp": "2026-08-14T16:07:59.778963Z", "level": "WARNING", "component": "data_monitor", "message": "Data gap detected for BTCUSDT: 120.0s", "mode": "PAPER"}
{"timestamp": "2026-08-14T16:07:59.781579Z", "level": "WARNING", "component": "data_monitor", "message": "Out of order tick for BTCUSDT", "mode": "PAPER"}
{"timestamp": "2026-08-14T16:07:59.990077Z", "level": "WARNING", "component": "data_monitor", "message": "Data gap detected for BTCUSDT: 120.0s", "mode": "PAPER"}
{"timestamp": "2026-08-14T16:07:59.997647Z", "level": "WARNING", "component": "data_monitor", "message": "Out of order tick for BTCUSDT", "mode": "PAPER"}
{"timestamp": "2026-08-14T16:08:00.205416Z", "level": "WARNING", "component": "data_monitor", "message": "Data gap detected for BTCUSDT: 120.0s", "mode": "PAPER"}
{"timestamp": "2026-08-14T16:08:00.207650Z", "level": "WARNING", "component": "data_monitor", "message": "Out of order tick for BTCUSDT", "mode": "PAPER"}
{"timestamp": "2026-08-14T16:08:00.419661Z", "level": "WARNING", "component": "data_monitor", "message": "Data gap detected for BTCUSDT: 120.0s", "mode": "PAPER"}
{"timestamp": "2026-08-14T16:08:00.421753Z", "level": "WARNING", "component": "data_monitor", "message": "Out of order tick for BTCUSDT", "mode": "PAPER"}
{"timestamp": "2026-08-14T16:08:00.624010Z", "level": "WARNING", "component": "data_monitor", "message": "Data gap detected for BTCUSDT: 120.0s", "mode": "PAPER"}
{"timestamp": "2026-08-14T16:08:00.626122Z", "level": "WARNING", "component": "data_monitor", "message": "Out of order tick for BTCUSDT", "mode": "PAPER"}
{"timestamp": "2026-08-14T16:08:00.832627Z", "level": "WARNING", "component": "data_monitor", "message": "Data gap detected for BTCUSDT: 120.0s", "mode": "PAPER"}
{"timestamp": "2026-08-14T16:08:00.834516Z", "level": "WARNING", "component": "data_monitor", "message": "Out of order tick for BTCUSDT", "mode": "PAPER"}
{"timestamp": "2026-08-14T16:08:01.043506Z", "level": "WARNING", "component": "data_monitor", "message": "Data gap detected for BTCUSDT: 120.0s", "mode": "PAPER"}
{"timestamp": "2026-08-14T16:08:01.046027Z", "level": "WARNING", "component": "data_monitor", "message": "Out of order tick for BTCUSDT", "mode": "PAPER"}
{"timestamp": "2026-08-14T16:08:01.256360Z", "level": "WARNING", "component": "data_monitor", "message": "Data gap detected for BTCUSDT: 120.0s", "mode": "PAPER"}
{"timestamp": "2026-08-14T16:08:01.258824Z", "level": "WARNING", "component": "data_monitor", "message": "Out of order tick for BTCUSDT", "mode": "PAPER"}
{"timestamp": "2026-08-14T16:08:01.473499Z", "level": "WARNING", "component": "data_monitor", "message": "Data gap detected for BTCUSDT: 120.0s", "mode": "PAPER"}
{"timestamp": "2026-08-14T16:08:01.475433Z", "level": "WARNING", "component": "data_monitor", "message": "Out of order tick for BTCUSDT", "mode": "PAPER"}
{"timestamp": "2026-08-14T16:08:01.685587Z", "level": "WARNING", "component": "data_monitor", "message": "Data gap detected for BTCUSDT: 120.0s", "mode": "PAPER"}
{"timestamp": "2026-08-14T16:08:01.687557Z", "level": "WARNING", "component": "data_monitor", "message": "Out of order tick for BTCUSDT", "mode": "PAPER"}
{"timestamp": "2026-08-14T16:08:01.952940Z", "level": "WARNING", "component": "data_monitor", "message": "Data gap detected for BTCUSDT: 120.0s", "mode": "PAPER"}
{"timestamp": "2026-08-14T16:08:01.976002Z", "level": "WARNING", "component": "data_monitor", "message": "Out of order tick for BTCUSDT", "mode": "PAPER"}
{"timestamp": "2026-08-14T16:08:02.188252Z", "level": "WARNING", "component": "data_monitor", "message": "Data gap detected for BTCUSDT: 120.0s", "mode": "PAPER"}
{"timestamp": "2026-08-14T16:08:02.189669Z", "level": "WARNING", "component": "data_monitor", "message": "Out of order tick for BTCUSDT", "mode": "PAPER"}
{"timestamp": "2026-08-14T16:08:02.356105Z", "level": "WARNING", "component": "data_monitor", "message": "Data gap detected for BTCUSDT: 120.0s", "mode": "PAPER"}
{"timestamp": "2026-08-14T16:08:02.357757Z", "level": "WARNING", "component": "data_monitor", "message": "Out of order tick for BTCUSDT", "mode": "PAPER"}
{"timestamp": "2026-08-14T16:08:02.526862Z", "level": "WARNING", "component": "data_monitor", "message": "Data gap detected for BTCUSDT: 120.0s", "mode": "PAPER"}
{"timestamp": "2026-08-14T16:08:02.528433Z", "level": "WARNING", "component": "data_monitor", "message": "Out of order tick for BTCUSDT", "mode": "PAPER"}
{"timestamp": "2026-08-14T16:08:02.699939Z", "level": "WARNING", "component": "data_monitor", "message": "Data gap detected for BTCUSDT: 120.0s", "mode": "PAPER"}
{"timestamp": "2026-08-14T16:08:02.701529Z", "level": "WARNING", "component": "data_monitor", "message": "Out of order tick for BTCUSDT", "mode": "PAPER"}
{"timestamp": "2026-08-14T16:08:02.873278Z", "level": "WARNING", "component": "data_monitor", "message": "Data gap detected for BTCUSDT: 120.0s", "mode": "PAPER"}
{"timestamp": "2026-08-14T16:08:02.875521Z", "level": "WARNING", "component": "data_monitor", "message": "Out of order tick for BTCUSDT", "mode": "PAPER"}
{"timestamp": "2026-08-14T16:08:03.031458Z", "level": "WARNING", "component": "data_monitor", "message": "Data gap detected for BTCUSDT: 120.0s", "mode": "PAPER"}
{"timestamp": "2026-08-14T16:08:03.033914Z", "level": "WARNING", "component": "data_monitor", "message": "Out of order tick for BTCUSDT", "mode": "PAPER"}
{"timestamp": "2026-08-14T16:08:03.191828Z", "level": "WARNING", "component": "data_monitor", "message": "Data gap detected for BTCUSDT: 120.0s", "mode": "PAPER"}
{"timestamp": "2026-08-14T16:08:03.193024Z", "level": "WARNING", "component": "data_monitor", "message": "Out of order tick for BTCUSDT", "mode": "PAPER"}
{"timestamp": "2026-08-14T16:08:03.341705Z", "level": "WARNING", "component": "data_monitor", "message": "Data gap detected for BTCUSDT: 120.0s", "mode": "PAPER"}
{"timestamp": "2026-08-14T16:08:03.344643Z", "level": "WARNING", "component": "data_monitor", "message": "Out of order tick for BTCUSDT", "mode": "PAPER"}
{"timestamp": "2026-08-14T16:08:03.517961Z", "level": "WARNING", "component": "data_monitor", "message": "Data gap detected for BTCUSDT: 120.0s", "mode": "PAPER"}
{"timestamp": "2026-08-14T16:08:03.520722Z", "level": "WARNING", "component": "data_monitor", "message": "Out of order tick for BTCUSDT", "mode": "PAPER"}
{"timestamp": "2026-08-14T16:08:03.678206Z", "level": "WARNING", "component": "data_monitor", "message": "Data gap detected for BTCUSDT: 120.0s", "mode": "PAPER"}
{"timestamp": "2026-08-14T16:08:03.679456Z", "level": "WARNING", "component": "data_monitor", "message": "Out of order tick for BTCUSDT", "mode": "PAPER"}
{"timestamp": "2026-08-14T16:08:03.841427Z", "level": "WARNING", "component": "data_monitor", "message": "Data gap detected for BTCUSDT: 120.0s", "mode": "PAPER"}
{"timestamp": "2026-08-14T16:08:03.848327Z", "level": "WARNING", "component": "data_monitor", "message": "Out of order tick for BTCUSDT", "mode": "PAPER"}
{"timestamp": "2026-08-14T16:08:04.019826Z", "level": "WARNING", "component": "data_monitor", "message": "Data gap detected for BTCUSDT: 120.0s", "mode": "PAPER"}
{"timestamp": "2026-08-14T16:08:04.021495Z", "level": "WARNING", "component": "data_monitor", "message": "Out of order tick for BTCUSDT", "mode": "PAPER"}
{"timestamp": "2026-08-14T16:08:04.190588Z", "level": "WARNING", "component": "data_monitor", "message": "Data gap detected for BTCUSDT: 120.0s", "mode": "PAPER"}
{"timestamp": "2026-08-14T16:08:04.192337Z", "level": "WARNING", "component": "data_monitor", "message": "Out of order tick for BTCUSDT", "mode": "PAPER"}
{"timestamp": "2026-08-14T16:08:04.358955Z", "level": "WARNING", "component": "data_monitor", "message": "Data gap detected for BTCUSDT: 120.0s", "mode": "PAPER"}
{"timestamp": "2026-08-14T16:08:04.360604Z", "level": "WARNING", "component": "data_monitor", "message": "Out of order tick for BTCUSDT", "mode": "PAPER"}
{"timestamp": "2026-08-14T16:08:04.533955Z", "level": "WARNING", "component": "data_monitor", "message": "Data gap detected for BTCUSDT: 120.0s", "mode": "PAPER"}
{"timestamp": "2026-08-14T16:08:04.535075Z", "level": "WARNING", "component": "data_monitor", "message": "Out of order tick for BTCUSDT", "mode": "PAPER"}
{"timestamp": "2026-08-14T16:08:04.697066Z", "level": "WARNING", "component": "data_monitor", "message": "Data gap detected for BTCUSDT: 120.0s", "mode": "PAPER"}
{"timestamp": "2026-08-14T16:08:04.698737Z", "level": "WARNING", "component": "data_monitor", "message": "Out of order tick for BTCUSDT", "mode": "PAPER"}
{"timestamp": "2026-08-14T16:08:04.857198Z", "level": "WARNING", "component": "data_monitor", "message": "Data gap detected for BTCUSDT: 120.0s", "mode": "PAPER"}
{"timestamp": "2026-08-14T16:08:04.858906Z", "level": "WARNING", "component": "data_monitor", "message": "Out of order tick for BTCUSDT", "mode": "PAPER"}
{"timestamp": "2026-08-14T16:08:05.025788Z", "level": "WARNING", "component": "data_monitor", "message": "Data gap detected for BTCUSDT: 120.0s", "mode": "PAPER"}
{"timestamp": "2026-08-14T16:08:05.026930Z", "level": "WARNING", "component": "data_monitor", "message": "Out of order tick for BTCUSDT", "mode": "PAPER"}
{"timestamp": "2026-08-14T16:08:05.175386Z", "level": "WARNING", "component": "data_monitor", "message": "Data gap detected for BTCUSDT: 120.0s", "mode": "PAPER"}
{"timestamp": "2026-08-14T16:08:05.177623Z", "level": "WARNING", "component": "data_monitor", "message": "Out of order tick for BTCUSDT", "mode": "PAPER"}
{"timestamp": "2026-08-14T16:08:05.339277Z", "level": "WARNING", "component": "data_monitor", "message": "Data gap detected for BTCUSDT: 120.0s", "mode": "PAPER"}
{"timestamp": "2026-08-14T16:08:05.340936Z", "level": "WARNING", "component": "data_monitor", "message": "Out of order tick for BTCUSDT", "mode": "PAPER"}
{"timestamp": "2026-08-14T16:08:05.498484Z", "level": "WARNING", "component": "data_monitor", "message": "Data gap detected for BTCUSDT: 120.0s", "mode": "PAPER"}
{"timestamp": "2026-08-14T16:08:05.500779Z", "level": "WARNING", "component": "data_monitor", "message": "Out of order tick for BTCUSDT", "mode": "PAPER"}
{"timestamp": "2026-08-14T16:08:05.664741Z", "level": "WARNING", "component": "data_monitor", "message": "Data gap detected for BTCUSDT: 120.0s", "mode": "PAPER"}
{"timestamp": "2026-08-14T16:08:05.666839Z", "level": "WARNING", "component": "data_monitor", "message": "Out of order tick for BTCUSDT", "mode": "PAPER"}
{"timestamp": "2026-08-14T16:08:05.833015Z", "level": "WARNING", "component": "data_monitor", "message": "Data gap detected for BTCUSDT: 120.0s", "mode": "PAPER"}
{"timestamp": "2026-08-14T16:08:05.835391Z", "level": "WARNING", "component": "data_monitor", "message": "Out of order tick for BTCUSDT", "mode": "PAPER"}
{"timestamp": "2026-08-14T16:08:05.992322Z", "level": "WARNING", "component": "data_monitor", "message": "Data gap detected for BTCUSDT: 120.0s", "mode": "PAPER"}
{"timestamp": "2026-08-14T16:08:05.994667Z", "level": "WARNING", "component": "data_monitor", "message": "Out of order tick for BTCUSDT", "mode": "PAPER"}
{"timestamp": "2026-08-14T16:08:06.216419Z", "level": "WARNING", "component": "data_monitor", "message": "Data gap detected for BTCUSDT: 120.0s", "mode": "PAPER"}
{"timestamp": "2026-08-14T16:08:06.218687Z", "level": "WARNING", "component": "data_monitor", "message": "Out of order tick for BTCUSDT", "mode": "PAPER"}
{"timestamp": "2026-08-14T16:08:06.397676Z", "level": "WARNING", "component": "data_monitor", "message": "Data gap detected for BTCUSDT: 120.0s", "mode": "PAPER"}
{"timestamp": "2026-08-14T16:08:06.399182Z", "level": "WARNING", "component": "data_monitor", "message": "Out of order tick for BTCUSDT", "mode": "PAPER"}
{"timestamp": "2026-08-14T16:08:06.568731Z", "level": "WARNING", "component": "data_monitor", "message": "Data gap detected for BTCUSDT: 120.0s", "mode": "PAPER"}
{"timestamp": "2026-08-14T16:08:06.569916Z", "level": "WARNING", "component": "data_monitor", "message": "Out of order tick for BTCUSDT", "mode": "PAPER"}
{"timestamp": "2026-08-14T16:08:06.723826Z", "level": "WARNING", "component": "data_monitor", "message": "Data gap detected for BTCUSDT: 120.0s", "mode": "PAPER"}
{"timestamp": "2026-08-14T16:08:06.725685Z", "level": "WARNING", "component": "data_monitor", "message": "Out of order tick for BTCUSDT", "mode": "PAPER"}
{"timestamp": "2026-08-14T16:08:06.880240Z", "level": "WARNING", "component": "data_monitor", "message": "Data gap detected for BTCUSDT: 120.0s", "mode": "PAPER"}
{"timestamp": "2026-08-14T16:08:06.881617Z", "level": "WARNING", "component": "data_monitor", "message": "Out of order tick for BTCUSDT", "mode": "PAPER"}
{"timestamp": "2026-08-14T16:08:07.030290Z", "level": "WARNING", "component": "data_monitor", "message": "Data gap detected for BTCUSDT: 120.0s", "mode": "PAPER"}
{"timestamp": "2026-08-14T16:08:07.032998Z", "level": "WARNING", "component": "data_monitor", "message": "Out of order tick for BTCUSDT", "mode": "PAPER"}
{"timestamp": "2026-08-14T16:08:07.195635Z", "level": "WARNING", "component": "data_monitor", "message": "Data gap detected for BTCUSDT: 120.0s", "mode": "PAPER"}
{"timestamp": "2026-08-14T16:08:07.202141Z", "level": "WARNING", "component": "data_monitor", "message": "Out of order tick for BTCUSDT", "mode": "PAPER"}
{"timestamp": "2026-08-14T16:08:07.358839Z", "level": "WARNING", "component": "data_monitor", "message": "Data gap detected for BTCUSDT: 120.0s", "mode": "PAPER"}
{"timestamp": "2026-08-14T16:08:07.360702Z", "level": "WARNING", "component": "data_monitor", "message": "Out of order tick for BTCUSDT", "mode": "PAPER"}
{"timestamp": "2026-08-14T16:08:07.520326Z", "level": "WARNING", "component": "data_monitor", "message": "Data gap detected for BTCUSDT: 120.0s", "mode": "PAPER"}
{"timestamp": "2026-08-14T16:08:07.522927Z", "level": "WARNING", "component": "data_monitor", "message": "Out of order tick for BTCUSDT", "mode": "PAPER"}
{"timestamp": "2026-08-14T16:08:07.676405Z", "level": "WARNING", "component": "data_monitor", "message": "Data gap detected for BTCUSDT: 120.0s", "mode": "PAPER"}
{"timestamp": "2026-08-14T16:08:07.678852Z", "level": "WARNING", "component": "data_monitor", "message": "Out of order tick for BTCUSDT", "mode": "PAPER"}
{"timestamp": "2026-08-14T16:08:07.831743Z", "level": "WARNING", "component": "data_monitor", "message": "Data gap detected for BTCUSDT: 120.0s", "mode": "PAPER"}
{"timestamp": "2026-08-14T16:08:07.833380Z", "level": "WARNING", "component": "data_monitor", "message": "Out of order tick for BTCUSDT", "mode": "PAPER"}
{"timestamp": "2026-08-14T16:08:07.989168Z", "level": "WARNING", "component": "data_monitor", "message": "Data gap detected for BTCUSDT: 120.0s", "mode": "PAPER"}
{"timestamp": "2026-08-14T16:08:07.990735Z", "level": "WARNING", "component": "data_monitor", "message": "Out of order tick for BTCUSDT", "mode": "PAPER"}
{"timestamp": "2026-08-14T16:08:08.147146Z", "level": "WARNING", "component": "data_monitor", "message": "Data gap detected for BTCUSDT: 120.0s", "mode": "PAPER"}
{"timestamp": "2026-08-14T16:08:08.149314Z", "level": "WARNING", "component": "data_monitor", "message": "Out of order tick for BTCUSDT", "mode": "PAPER"}
