timestamp,open,high,low,close,volume,close_time,quote_volume,trades,taker_buy_base,taker_buy_quote,ignore
1723752000000,57046.34,57885.0,56078.54,57541.06,7039.7416,1723766399999,402284659.61955710,411181,3258.28508000,186181271.54430150,0
1723766400000,57541.05,58517.47,57098.62,57890.0,4146.62428,1723780799999,239602767.19696260,280784,2210.75005000,127776913.42572890,0
1723780800000,57890.0,58666.77,57800.47,58456.99,3244.35689,1723795199999,189133005.02325320,215874,1772.59916000,103317777.53528100,0
1723795200000,58456.99,58683.47,58218.71,58400.0,2450.75569,1723809599999,143251079.18167060,194121,1162.90954000,67984726.10037110,0
1723809600000,58400.0,58915.18,57526.31,58071.06,8248.43744,1723823999999,479610184.31186440,639602,3827.16804000,222543817.07485410,0
1723824000000,58071.07,59817.76,58000.0,59683.39,6963.94372,1723838399999,411797168.73421490,472931,3855.04454000,227981258.45814100,0
1723838400000,59683.39,59715.69,58703.99,58874.6,2556.72542,1723852799999,151260695.88530590,196227,1135.04691000,67136140.95107010,0
1723852800000,58874.59,59389.18,58785.05,59158.37,1769.95814,1723867199999,104639396.15494740,156796,1007.92475000,59588575.32055830,0
1723867200000,59158.36,59263.47,59051.98,59248.0,1106.84453,1723881599999,65506026.47966060,93411,593.00057000,35093391.83458610,0
1723881600000,59248.0,59477.16,59060.0,59137.12,1327.01136,1723895999999,78605286.13578550,142051,615.56921000,36465149.08505950,0
1723896000000,59137.12,59654.9,59100.28,59388.11,1490.86412,1723910399999,88520629.80809690,170202,756.41621000,44914551.78649990,0
1723910400000,59388.11,59700.0,59294.31,59473.19,1157.01055,1723924799999,68845467.22174660,146664,503.48447000,29958682.48593050,0
1723924800000,59473.19,59500.0,59113.68,59491.99,870.04061,1723939199999,51620899.97204690,98035,395.25789000,23457123.29720480,0
1723939200000,59491.99,60259.01,59300.0,59337.42,2850.6571,1723953599999,170369378.01876520,219693,1501.88313000,89776801.74529290,0
1723953600000,59337.41,59698.0,59256.56,59573.39,1521.38536,1723967999999,90538657.58740500,128935,777.19623000,46254807.75651170,0
1723968000000,59573.39,60200.0,59436.0,60024.01,2556.86768,1723982399999,153159196.44814310,207360,1337.10438000,80106228.28190020,0
1723982400000,60024.0,60284.99,59669.85,59863.99,2229.08779,1723996799999,133678393.90916260,181633,1086.57475000,65172703.23500570,0
1723996800000,59863.99,59945.83,59377.14,59708.38,1411.05054,1724011199999,84139748.97301710,144639,642.33932000,38309194.19742650,0
1724011200000,59708.38,59869.77,58408.92,58427.35,3065.8087,1724025599999,181281205.78999210,217470,1315.48473000,77839745.65584530,0
1724025600000,58427.35,58763.83,58210.03,58736.85,4986.95947,1724039999999,291636344.19891680,286797,2273.48433000,132993883.20369900,0
1724040000000,58736.85,58746.0,58359.5,58502.19,2077.63203,1724054399999,121644289.14819450,171760,967.68564000,56659410.64267260,0
1724054400000,58502.19,58671.38,57787.3,58396.95,4744.05742,1724068799999,276099668.87784890,279232,2424.75073000,141118170.32264470,0
1724068800000,58396.94,58970.0,58029.77,58539.24,4628.31977,1724083199999,270676247.72741410,376830,2478.70404000,144968739.19826070,0
1724083200000,58539.25,59290.0,58380.0,58967.53,3169.47813,1724097599999,186621121.23829130,312432,1504.94606000,88636669.07235010,0
1724097600000,58967.54,59617.63,58914.0,59438.5,3202.86569,1724111999999,189610229.00696840,209244,1700.73696000,100689340.31990840,0
1724112000000,59438.5,60910.55,59363.31,60619.18,6392.34637,1724126399999,385919354.62335670,391677,3599.00840000,217253959.88083830,0
1724126400000,60619.19,61400.0,60576.06,60924.33,5275.93633,1724140799999,321640999.27322450,313315,2907.82780000,177272708.22143900,0
1724140800000,60924.33,60975.0,60401.9,60518.82,3208.7774,1724155199999,194853079.44454170,185166,1687.24019000,102461533.65044920,0
1724155200000,60518.83,60955.99,58680.01,58825.53,10444.8448,1724169599999,624127832.70585280,543466,4845.30857000,289614371.09833110,0
1724169600000,58825.53,59597.28,58548.23,59511.99,3678.04238,1724183999999,217193188.50223270,278323,1910.42465000,112850006.60040890,0
1724184000000,59512.0,59722.72,58802.35,59013.8,2477.4982,1724198399999,146885695.24181180,192572,1091.41058000,64727936.70147340,0
1724198400000,59013.8,59519.99,58783.47,59320.0,2364.50372,1724212799999,139972537.92327080,179051,1115.32735000,66044182.57021100,0
1724212800000,59320.0,59739.52,59183.13,59712.0,2017.26415,1724227199999,120099988.61925450,145677,1005.87384000,59899135.76965510,0
1724227200000,59711.99,59924.13,59085.88,59361.14,2931.20089,1724241599999,174097948.93949770,212810,1338.10704000,79507163.06943770,0
1724241600000,59361.14,60201.98,58850.0,59511.8,8008.24548,1724255999999,476935067.63268660,569138,3983.33662000,237259203.47383610,0
1724256000000,59511.79,61625.2,59375.0,61570.0,7137.29601,1724270399999,432554791.30804840,543988,3903.27417000,236685344.20451470,0
1724270400000,61570.0,61820.93,60902.13,61156.03,5525.13195,1724284799999,338869220.67329660,330861,2810.99082000,172434692.31180020,0
1724284800000,61156.03,61229.0,59724.87,60548.9,4109.54112,1724299199999,248719537.38535350,300119,1882.36317000,113946537.92983880,0
1724299200000,60548.9,61114.23,60459.98,60984.31,2676.87579,1724313599999,162643910.84114050,247473,1298.39619000,78905199.23232490,0
1724313600000,60984.31,61400.0,60802.38,61336.09,3099.60131,1724327999999,189382142.94147390,227792,1566.08515000,95711083.57825090,0
1724328000000,61336.09,61398.18,60100.0,60407.4,6849.31563,1724342399999,415590054.70393370,526537,3221.92618000,195479446.68498750,0
1724342400000,60407.39,60600.2,60131.0,60308.0,2663.66757,1724356799999,160799100.94393240,276554,1305.34428000,78807442.18474570,0
1724356800000,60307.99,60707.88,60288.0,60375.84,1842.20446,1724371199999,111409501.14018350,139805,995.21879000,60192331.46802570,0
1724371200000,60375.83,60968.24,60342.14,60593.31,2184.3747,1724385599999,132599668.58014390,157162,1106.65575000,67172242.30772340,0
1724385600000,60593.31,61367.74,60582.68,61069.27,2937.25078,1724399999999,179055721.65113240,208814,1483.01845000,90395426.45584130,0
1724400000000,61069.26,61337.57,60691.11,60741.68,2313.52775,1724414399999,141257185.19353020,188078,1022.88153000,62457621.24735040,0
1724414400000,60741.68,62320.36,60741.68,61533.05,11626.90263,1724428799999,714776338.38900240,785308,6419.28438000,394753581.09999420,0
1724428800000,61533.04,63819.16,61349.99,63628.84,11503.37,1724443199999,723581889.88186090,732538,6413.03476000,403435106.16642770,0
1724443200000,63628.84,64955.0,63484.18,64037.24,7552.64503,1724457599999,484646129.09787890,483782,3928.00849000,252104512.74843840,0
1724457600000,64037.24,64206.7,63626.58,63832.01,3091.41323,1724471999999,197506056.28726860,259097,1349.56196000,86230143.43752600,0
1724472000000,63832.0,64332.0,63822.0,64315.0,2843.18939,1724486399999,182137840.08798960,248411,1482.15858000,94953472.17397310,0
1724486400000,64315.0,64494.5,63868.0,63905.01,2357.89821,1724500799999,151413130.89611100,195690,1118.38706000,71834954.12573240,0
1724500800000,63905.0,64244.0,63872.0,63976.0,2293.96419,1724515199999,147034026.31948170,236572,1065.70311000,68317178.30230270,0
1724515200000,63976.0,64444.0,63903.58,64210.6,2874.78934,1724529599999,184556207.64726900,320000,1511.25267000,97019290.95383830,0
1724529600000,64210.6,64328.0,63531.0,64157.01,2395.9018,1724543999999,153126993.93595650,292086,1115.96348000,71318197.66642770,0
1724544000000,64157.02,64507.04,64000.0,64101.01,2623.24737,1724558399999,168476979.06933550,291015,1377.22116000,88469453.72814160,0
1724558400000,64101.01,64196.0,63785.76,63868.26,1645.44133,1724572799999,105330714.41253590,168351,737.08162000,47185148.75342720,0
1724572800000,63868.27,64010.0,63773.27,63873.91,1728.68012,1724587199999,110447030.95453470,146864,829.85966000,53023271.43324400,0
1724587200000,63873.92,64288.0,63805.0,64132.16,1834.2167,1724601599999,117534167.99874100,191919,995.21471000,63776785.42620590,0
1724601600000,64132.17,64248.66,64000.0,64187.41,1118.62168,1724615999999,71727916.30012790,133521,567.33873000,36380887.46790910,0
1724616000000,64187.42,65000.0,64122.49,64220.0,3355.27257,1724630399999,216418314.25774920,331395,1809.00645000,116720034.05151600,0
1724630400000,64219.99,64481.0,63790.0,64114.99,2477.44562,1724644799999,158757949.39440460,273103,1144.45156000,73344195.52512740,0
1724644800000,64115.0,64205.31,63420.0,63627.01,2772.63585,1724659199999,176987014.33983050,250940,1162.76064000,74230028.47478160,0
1724659200000,63627.01,64039.2,63220.95,63859.0,2882.34645,1724673599999,183779848.78924490,312059,1346.73071000,85873113.31811500,0
1724673600000,63859.0,63958.95,63061.0,63532.53,4958.27097,1724687999999,314811157.05503890,600374,2356.09203000,149601778.18823340,0
1724688000000,63532.54,63878.78,63192.04,63342.99,3487.08919,1724702399999,221511790.11775350,428166,1736.36299000,110299790.91008760,0
1724702400000,63342.99,63557.58,62800.0,62834.0,2892.26468,1724716799999,182494058.73574420,288199,1249.27816000,78839311.21322250,0
1724716800000,62834.0,63212.0,62657.0,62970.0,3568.52133,1724731199999,224588044.17728120,293254,1747.09536000,109966871.65875780,0
1724731200000,62970.0,63200.0,62701.06,62902.31,3113.00318,1724745599999,195972219.13803220,233873,1344.86288000,84662877.87192260,0
1724745600000,62902.32,63000.0,62230.0,62417.0,4189.56881,1724759999999,262127606.10081410,352773,1866.91835000,116818901.65501880,0
1724760000000,62416.99,62495.0,61473.03,61709.13,8258.16317,1724774399999,512149621.96148770,718072,3782.03753000,234647122.93431180,0
1724774400000,61709.13,62196.75,61518.74,62102.01,3043.78733,1724788799999,188286424.15897870,339715,1531.59737000,94749128.09246160,0
1724788800000,62102.0,62102.01,58034.01,59415.0,12962.89796,1724803199999,775020727.45639880,1057594,5600.64211000,334516412.66518650,0
1724803200000,59415.0,59650.0,58917.12,59629.01,5551.9553,1724817599999,329104355.63868670,457275,2723.91985000,161483311.19666860,0
1724817600000,59629.01,59661.0,58516.0,58600.98,4614.54952,1724831999999,273106302.77824680,387671,1993.23916000,117932134.69998000,0
1724832000000,58600.98,60234.98,58534.35,59935.0,6405.76959,1724846399999,381560687.73954970,580627,3236.97215000,192737281.19102150,0
1724846400000,59934.99,60160.0,58443.07,59000.0,8281.56232,1724860799999,491549381.26645520,832411,3502.66891000,207914193.09829370,0
1724860800000,59000.0,59849.99,57860.0,58898.85,8303.26552,1724875199999,488192415.49439070,944804,3887.26570000,228840167.81091260,0
1724875200000,58898.85,59602.0,58623.01,59034.9,3711.4405,1724889599999,219541270.05675790,461346,1791.84585000,105997645.07163650,0
1724889600000,59034.9,59320.0,58878.46,59141.1,2188.72128,1724903999999,129322278.99313410,231653,1027.81346000,60742977.89570330,0
1724904000000,59141.11,59764.0,59049.79,59583.88,2877.04011,1724918399999,171040003.72210460,274951,1407.11501000,83653296.14110970,0
1724918400000,59583.88,60477.0,59374.0,60067.06,4113.75713,1724932799999,246203397.16614600,367412,2244.21714000,134372556.58536630,0
1724932800000,60067.06,61166.99,59990.0,60779.99,7624.50121,1724947199999,461776581.06426580,809580,3726.44881000,225758974.43957980,0
1724947200000,60779.99,60960.0,58915.01,59258.0,7172.50668,1724961599999,429173422.74850930,754858,3308.23319000,197878999.94781340,0
1724961600000,59257.99,59638.37,58713.09,59359.01,3044.38102,1724975999999,180416000.56441620,305446,1438.55829000,85275605.34231440,0
1724976000000,59359.0,59487.64,58899.7,59032.01,2743.70295,1724990399999,162268897.77490620,266645,1293.32705000,76485462.60658200,0
1724990400000,59032.0,59582.86,58685.0,59271.1,4144.3024,1725004799999,244849837.96901620,296025,2079.34217000,122914411.52851520,0
1725004800000,59271.11,59674.42,59271.0,59396.0,3176.58551,1725019199999,188955804.81586450,275784,1602.47667000,95330738.92453550,0
1725019200000,59396.0,59944.07,57946.01,58094.99,10365.98684,1725033599999,610157865.95733620,1020834,4758.84969000,280378153.80320440,0
1725033600000,58095.0,59371.0,57701.1,58700.02,6417.58601,1725047999999,376002479.89740660,744537,3206.83105000,187908215.35488690,0
1725048000000,58700.02,59298.89,58700.0,59123.99,1671.15824,1725062399999,98684086.05132000,241871,842.52086000,49752107.06725720,0
1725062400000,59123.99,59462.38,59070.4,59232.01,1647.80492,1725076799999,97652846.09652660,186762,902.46170000,53484425.43131070,0
1725076800000,59232.01,59350.0,59043.12,59095.0,1230.67061,1725091199999,72870085.19664980,116286,568.17078000,33646226.26228990,0
1725091200000,59095.01,59188.9,58831.88,59120.99,1404.08788,1725105599999,82857118.50245560,130869,648.41224000,38269062.57147190,0
1725105600000,59120.99,59244.04,58892.15,59006.54,1774.98601,1725119999999,104874539.12478560,156757,782.54084000,46240773.98899040,0
1725120000000,59006.54,59140.01,58744.0,58856.0,1637.2679,1725134399999,96516208.31518160,193573,736.00669000,43389167.28657260,0
1725134400000,58856.0,59141.72,58763.29,58973.99,1103.59168,1725148799999,65078387.63344540,111697,558.33854000,32925838.81852370,0
1725148800000,58974.0,59076.59,58276.01,58524.21,2314.00203,1725163199999,135711910.82088030,218759,1100.54011000,64540276.94981260,0
1725163200000,58524.21,58599.98,57777.0,58478.64,3366.16193,1725177599999,195696846.64749300,308352,1553.16297000,90316179.54350180,0
1725177600000,58478.64,58504.81,57840.0,58240.52,2520.59733,1725191999999,146489513.82672410,234773,1149.12287000,66796196.36373450,0
1725192000000,58240.51,58360.38,57201.0,58217.0,5911.39633,1725206399999,342325344.02278600,543773,2784.19121000,161275254.67658280,0
1725206400000,58217.0,58788.93,57864.3,58514.0,2668.74429,1725220799999,155690903.89522780,366318,1257.83227000,73404143.24352060,0
1725220800000,58514.01,58656.77,57205.0,57301.86,3924.2555,1725235199999,226262328.17794730,481205,1806.65588000,104120337.12139510,0
1725235200000,57301.77,57767.14,57128.0,57742.01,4604.88008,1725249599999,264703463.75833650,416595,2386.95583000,137216532.54527740,0
1725249600000,57742.0,57987.99,57362.06,57547.99,2616.60584,1725263999999,150831472.29104840,231884,1302.80731000,75111935.58561480,0
1725264000000,57548.0,58680.76,57520.12,58422.01,5072.33101,1725278399999,295424529.61516100,426436,2699.14009000,157208994.27792190,0
1725278400000,58422.01,58808.0,58104.0,58537.99,4023.88935,1725292799999,235342296.61591140,342196,1963.98789000,114833563.25581400,0
1725292800000,58537.99,58666.64,58293.12,58439.99,2856.4724,1725307199999,166995242.40929490,234691,1085.11649000,63435211.40562830,0
1725307200000,58440.03,59425.69,58384.61,59132.13,3720.83593,1725321599999,219795364.75681640,314317,1857.24691000,109690340.56022390,0
1725321600000,59132.12,59809.65,59021.62,59110.99,3188.73817,1725335999999,189359367.07342420,257758,1619.38789000,96194590.79655750,0
1725336000000,59111.0,59259.0,58872.0,59112.0,2786.55038,1725350399999,164599101.80820250,186118,1297.66917000,76656083.00705370,0
1725350400000,59112.01,59195.63,58717.0,59072.0,2434.05695,1725364799999,143525581.86545520,228241,1073.40354000,63296666.41578540,0
1725364800000,59072.01,59350.0,57568.0,57725.0,8190.06416,1725379199999,477022623.82271920,791429,3986.69768000,232259545.15733400,0
1725379200000,57725.01,58251.09,57589.01,58046.0,3746.4115,1725393599999,216790553.59084090,481314,1894.93761000,109657669.79123730,0
1725393600000,58045.99,58247.0,57415.0,57487.73,2482.36331,1725407999999,143779587.69928280,263898,1107.69615000,64188117.94524340,0
1725408000000,57487.74,57943.53,55606.0,56653.98,10008.5459,1725422399999,566389698.65600300,711476,4354.71541000,246441325.75022540,0
1725422400000,56653.99,56881.0,56201.0,56746.0,5570.10401,1725436799999,314476323.86315750,377366,2596.77672000,146637233.38234170,0
1725436800000,56746.0,56909.94,56453.0,56573.0,3012.85274,1725451199999,170681503.15471650,292943,1464.04172000,82957478.03596100,0
1725451200000,56573.0,58181.43,56187.61,58134.0,9903.94203,1725465599999,565459709.73431370,946637,4978.00970000,284308279.75824290,0
1725465600000,58134.0,58519.0,57646.0,58058.01,5284.73247,1725479999999,307218553.42163730,601867,2658.09943000,154528882.74458600,0
1725480000000,58058.0,58390.0,57792.46,57970.9,1780.64431,1725494399999,103405081.34984740,247260,810.11185000,47049998.10689600,0
1725494400000,57970.9,58327.07,56891.07,57135.42,4718.02876,1725508799999,271648783.96969660,465768,1892.20153000,108954355.48059740,0
1725508800000,57135.42,57291.1,56541.68,57155.1,3337.56535,1725523199999,190348776.54785640,380285,1588.65576000,90610623.99474520,0
1725523200000,57155.1,57232.0,56623.0,56698.01,2824.97809,1725537599999,160611187.24761650,347099,1354.96558000,77030795.90029750,0
1725537600000,56698.01,57350.0,55817.51,55976.01,10200.08948,1725551999999,577278585.92036370,1188562,4780.78879000,270777975.35246700,0
1725552000000,55976.01,56710.0,55800.0,56060.01,4306.58366,1725566399999,242251983.61155040,635115,2184.74878000,122895137.43676930,0
1725566400000,56060.0,56259.97,55643.65,56180.0,2419.66879,1725580799999,135631535.80371390,351229,1154.52926000,64728031.19421900,0
1725580800000,56180.0,56858.88,55989.0,56588.0,3089.15324,1725595199999,174595070.13660260,403693,1456.51360000,82315103.13360300,0
1725595200000,56588.01,56747.91,55280.0,55804.29,5943.85272,1725609599999,332456189.90995930,576232,2651.80064000,148292731.14585420,0
1725609600000,55804.28,56262.11,55639.0,55999.09,4116.26102,1725623999999,230193223.32177540,416853,2124.63295000,118825088.97760550,0
1725624000000,55999.09,57008.0,53808.0,54045.01,21136.96377,1725638399999,1171323588.62391130,1915341,9565.82861000,530367065.52915520,0
1725638400000,54045.0,54435.0,53267.54,53534.28,11314.50356,1725652799999,609189984.63532860,1145266,5474.68833000,294862518.09223300,0
1725652800000,53534.27,53969.99,52550.0,53962.97,8847.03395,1725667199999,471156862.29675700,829896,4051.72436000,215883724.00264220,0
1725667200000,53962.97,54095.65,53745.54,53818.91,2283.19066,1725681599999,123073298.71565500,309656,1043.65776000,56262536.63609250,0
1725681600000,53818.92,54405.37,53814.0,54286.0,4210.82665,1725695999999,228301803.30485210,348496,2143.85558000,116219607.92745350,0
1725696000000,54286.0,54492.98,54168.23,54326.0,2289.86562,1725710399999,124393255.86130260,254662,1033.44600000,56148537.71154030,0
1725710400000,54326.01,54829.0,54326.0,54780.0,2510.87487,1725724799999,137103878.03374220,378330,1393.36911000,76082955.71407580,0
1725724800000,54780.0,54850.0,54000.0,54404.01,3137.77696,1725739199999,170565448.40430590,375444,1379.85155000,75005787.57344440,0
1725739200000,54404.01,54437.97,53814.01,54160.86,2261.51298,1725753599999,122255658.26997440,254335,1029.72683000,55662013.44698910,0
1725753600000,54160.86,54509.0,53964.0,54402.99,1979.50014,1725767999999,107447883.53408640,179704,1031.80363000,56014847.26711340,0
1725768000000,54402.98,54575.0,54261.1,54436.25,1722.23364,1725782399999,93721693.48731520,196341,838.56981000,45631876.29321990,0
1725782400000,54436.25,54722.85,54356.0,54556.08,1765.73164,1725796799999,96332212.56209870,201258,843.74149000,46032065.34747870,0
1725796800000,54556.08,54567.0,53640.0,53687.0,3500.41607,1725811199999,189487430.41481320,384000,1497.73062000,81080452.75172190,0
1725811200000,53686.99,54531.1,53629.01,54337.01,2289.20807,1725825599999,123998209.13991810,301078,1263.71051000,68452739.10668840,0
1725825600000,54337.02,55318.0,54184.0,54869.95,5017.05823,1725839999999,274755743.78024430,533711,2556.20478000,140009916.34419290,0
1725840000000,54869.95,55370.23,54688.69,55115.0,4899.59127,1725854399999,269745629.71028420,568954,2400.96621000,132178110.77816970,0
1725854400000,55115.0,55150.0,54591.96,54974.01,3091.16196,1725868799999,169651739.49057600,308927,1430.75601000,78512880.90563660,0
1725868800000,54974.01,55555.0,54960.0,55264.87,3429.17626,1725883199999,189538610.38503090,339989,1782.91216000,98545436.01357300,0
1725883200000,55264.87,55799.0,54804.0,55386.0,6542.48233,1725897599999,361681954.15401240,787466,3295.38801000,182256643.32161120,0
1725897600000,55385.99,57177.0,55348.54,57089.54,9053.91852,1725911999999,510905186.55155710,860625,4667.89697000,263328196.12166920,0
1725912000000,57089.53,58088.0,56810.0,57042.0,5368.18703,1725926399999,308192269.75786880,489951,2834.91212000,162848245.08136960,0
1725926400000,57042.01,57065.34,56522.86,56524.74,3589.26607,1725940799999,203848818.01544390,319210,1644.89831000,93434541.76970840,0
1725940800000,56524.74,57290.0,56386.4,57218.57,2969.98514,1725955199999,168902150.31334940,271936,1617.81248000,92005686.55053950,0
1725955200000,57218.56,57378.0,56878.65,57228.0,3523.74246,1725969599999,201313281.17964160,338077,1615.35297000,92288102.68874730,0
1725969600000,57228.01,57468.98,56502.31,56596.0,6137.02725,1725983999999,349362258.64685430,891611,2970.91480000,169177474.71554610,0
1725984000000,56596.01,58044.36,56566.0,57952.01,5036.50689,1725998399999,289242724.30634450,717249,2729.67516000,156749433.15774680,0
1725998400000,57952.01,57975.99,57453.0,57635.99,2370.25345,1726012799999,136696227.62842340,305065,1111.72134000,64119483.81710300,0
1726012800000,57635.99,57750.0,56681.32,56819.55,4635.08566,1726027199999,264397780.97746930,583478,2063.66897000,117724589.89720140,0
1726027200000,56819.56,56819.56,56100.0,56712.0,4361.14028,1726041599999,246169443.02029110,506540,2058.38477000,116196330.19926790,0
1726041600000,56712.01,56895.82,56325.7,56797.99,4294.63231,1726055999999,242994262.14309100,389204,2109.96867000,119407579.56377860,0
1726056000000,56798.0,57166.66,55545.19,56701.23,10825.4419,1726070399999,610054699.16115820,1393219,5387.55432000,303713850.90795620,0
1726070400000,56701.22,57981.71,56646.0,57585.5,7312.7816,1726084799999,420385790.27827600,989322,3608.43960000,207447529.29540050,0
1726084800000,57585.5,57676.83,57211.1,57338.0,1597.48582,1726099199999,91736721.79812970,183340,751.29153000,43144378.70138450,0
1726099200000,57338.0,58470.01,57324.0,58232.72,4925.10026,1726113599999,285534620.92498480,575098,2731.00706000,158357287.74365670,0
1726113600000,58232.73,58430.56,57836.28,58138.16,3805.17892,1726127999999,220941512.87845140,368281,1678.53050000,97466411.71723530,0
1726128000000,58138.15,58350.0,57894.0,58057.99,3403.41297,1726142399999,197763694.37235880,296451,1531.86360000,89019047.59824200,0
1726142400000,58058.0,58588.0,57345.23,57512.03,9147.61704,1726156799999,528891583.07021700,1276310,4532.42281000,262106428.15760480,0
1726156800000,57512.03,58450.99,57494.01,58388.0,5931.38887,1726171199999,345209926.57438680,770746,2665.14774000,155064092.68755970,0
1726171200000,58388.0,58388.0,57781.1,58132.32,3861.70825,1726185599999,224507300.25530290,419878,1644.03247000,95559188.60578840,0
1726185600000,58132.31,58290.4,57798.49,57845.97,2349.18013,1726199999999,136295703.78171920,294108,1118.81521000,64915073.80516240,0
1726200000000,57845.97,58137.68,57742.0,58109.31,2043.6269,1726214399999,118344021.17537090,244728,960.21328000,55613887.17800530,0
1726214400000,58109.31,58350.0,57815.0,57871.1,2642.80891,1726228799999,153555802.05042860,324775,1176.26086000,68342682.98464290,0
1726228800000,57871.1,59723.97,57632.62,59667.38,10230.19313,1726243199999,599157893.88065890,1113641,5779.51025000,338770122.75750000,0
1726243200000,59666.01,59999.0,59312.01,59743.99,6438.89464,1726257599999,384330344.18922860,800975,3259.50623000,194584990.81725300,0
1726257600000,59743.99,60625.0,59633.4,60498.0,6120.52962,1726271999999,368987968.47189340,599785,3100.83148000,186914976.43220180,0
1726272000000,60497.99,60610.45,60285.55,60329.37,2276.07277,1726286399999,137611547.29943890,241125,948.07226000,57329339.58998500,0
1726286400000,60329.38,60348.24,59900.0,60138.14,2520.20691,1726300799999,151493638.31418960,178334,1070.21330000,64352036.17100680,0
1726300800000,60138.14,60156.0,59605.98,59706.39,2203.8962,1726315199999,132040512.45557020,217213,1006.70338000,60321337.54743690,0
1726315200000,59706.4,60010.0,59626.01,59876.0,1704.29511,1726329599999,101961989.06237910,212334,891.36942000,53328644.34508570,0
1726329600000,59875.99,59983.39,59400.0,59810.0,2133.99814,1726343999999,127445550.09975410,248342,988.30214000,59034028.22631870,0
1726344000000,59810.01,60134.13,59774.0,59993.03,1299.43988,1726358399999,77973787.11036440,191436,665.56048000,39937713.86338050,0
1726358400000,59993.02,60280.06,59986.01,60155.93,1236.11942,1726372799999,74371041.17625790,134899,580.87964000,34946469.23676470,0
1726372800000,60155.93,60216.0,60032.9,60196.0,1021.60267,1726387199999,61454735.65509330,95809,447.72474000,26936357.08786160,0
1726387200000,60195.99,60204.0,59880.0,60000.51,1163.54597,1726401599999,69838938.68124150,154011,545.88972000,32763350.70462680,0
1726401600000,60000.51,60395.8,59871.0,60335.41,2112.8118,1726415999999,127130445.27534980,306359,1196.65308000,72010229.70358830,0
1726416000000,60335.41,60352.65,59707.08,59878.22,3245.74935,1726430399999,194654342.14866900,367017,1394.01734000,83567675.28639810,0
1726430400000,59878.23,59939.1,58691.05,59132.0,4978.0944,1726444799999,294961369.45408410,494855,2266.08245000,134236642.55115720,0
1726444800000,59132.0,59210.7,58112.0,58575.09,5370.8386,1726459199999,314561655.47145260,646084,2439.50736000,142917598.32228480,0
1726459200000,58575.09,58970.0,58312.54,58911.1,3433.45011,1726473599999,201270450.20259850,283613,1775.53253000,104087846.97144700,0
1726473600000,58911.1,59179.35,58506.0,58663.99,3270.35511,1726487999999,192284493.74789460,345603,1592.54885000,93637309.74289800,0
1726488000000,58664.0,58789.93,57553.38,57881.69,6950.28148,1726502399999,403732673.90603500,867915,3256.86895000,189196338.10524940,0
1726502400000,57881.7,58263.84,57493.3,57943.99,4927.89314,1726516799999,285105196.87152930,633549,2537.32985000,146801766.47634710,0
1726516800000,57943.99,58410.0,57608.0,58213.99,2524.74576,1726531199999,146318728.50323520,368388,1257.97086000,72922361.18782450,0
1726531200000,58213.99,58343.99,57610.01,58060.0,2399.69133,1726545599999,139136817.29496190,367719,1112.12425000,64464162.11974370,0
1726545600000,58060.0,58779.08,58028.0,58695.39,2401.70353,1726559999999,140415116.44754100,274440,1190.67260000,69602117.03426950,0
1726560000000,58695.39,59300.0,58636.36,59080.99,3403.05073,1726574399999,200767218.52680150,477201,1669.45871000,98478489.05446790,0
1726574400000,59080.99,61320.0,58872.02,61135.5,14518.51056,1726588799999,874214020.45575440,1351661,7694.16804000,463554032.89500200,0
1726588800000,61135.49,61261.0,59618.26,59967.99,7151.64931,1726603199999,433884369.79761330,985595,3098.12511000,187960560.97448520,0
1726603200000,59967.98,60424.25,59715.42,60313.99,3241.65332,1726617599999,194960882.25303170,461593,1626.11122000,97801181.19561320,0
1726617600000,60313.99,60769.0,59854.6,60509.99,3991.84107,1726631999999,240886783.75962950,498794,1757.55599000,106004244.74785740,0
1726632000000,60510.0,60689.62,60199.68,60428.01,1833.32107,1726646399999,110764290.78269300,315635,810.06208000,48940357.91666760,0
1726646400000,60428.01,60428.01,59348.88,59846.0,4528.13103,1726660799999,270847928.26625590,494281,2346.41509000,140259291.27893260,0
1726660800000,59846.0,60160.0,59308.61,59429.18,5117.9094,1726675199999,305293003.35328970,852070,2594.79280000,154815898.31142860,0
1726675200000,59429.19,61318.6,59174.8,60057.99,14645.02961,1726689599999,884675423.64266030,2258460,7685.18704000,464427408.31719560,0
1726689600000,60057.99,61786.24,59473.68,61759.99,5970.79251,1726703999999,361533067.01624770,748431,3235.58412000,196175578.17900340,0
1726704000000,61759.98,62589.52,61555.0,62117.99,8344.2925,1726718399999,518051054.66118380,984335,4413.57216000,274068489.20603910,0
1726718400000,62117.98,62179.99,61814.0,62093.99,3360.24822,1726732799999,208450877.75483330,380503,1689.68387000,104827500.34564380,0
1726732800000,62094.0,62727.52,61888.18,62645.44,3685.66229,1726747199999,229728116.52984850,472511,1881.57135000,117289564.97195480,0
1726747200000,62645.44,63500.84,62582.14,63154.04,10166.54165,1726761599999,641127427.00274720,1217856,5361.59318000,338160132.79132300,0
1726761600000,63154.03,63850.0,62940.0,63251.99,6054.8445,1726775999999,384480631.67124570,1026181,3038.17682000,192943110.95468470,0
1726776000000,63251.99,63254.14,62650.0,62947.99,2720.93692,1726790399999,171337823.55401320,356898,1225.03220000,77138626.25505150,0
1726790400000,62948.0,63750.0,62606.0,63742.16,3621.8169,1726804799999,228361856.21870960,560306,1819.43549000,114759690.58183920,0
1726804800000,63742.15,64133.32,63390.32,63524.8,6638.35306,1726819199999,423449199.19945040,801383,3377.58978000,215473997.90406830,0
1726819200000,63524.81,63700.0,63090.43,63440.0,3743.75146,1726833599999,237440978.43247610,411102,1698.57092000,107769969.55141140,0
1726833600000,63440.01,63544.37,62553.9,63153.99,6589.92794,1726847999999,415465814.87584400,1196364,3149.85170000,198603850.34409990,0
1726848000000,63153.99,63282.0,62350.0,62809.13,3393.59501,1726862399999,213161324.10476470,733785,1613.96380000,101390950.03404880,0
1726862400000,62809.13,63300.0,62709.3,63201.05,1478.93357,1726876799999,93316791.15955960,266356,751.91058000,47442100.39710520,0
1726876800000,63201.05,63310.37,62816.47,62889.57,1640.98964,1726891199999,103436058.58011130,344154,751.77470000,47394710.05636830,0
1726891200000,62889.58,63134.0,62758.0,63091.02,1209.98344,1726905599999,76170001.99385650,182301,553.07654000,34818127.70452970,0
1726905600000,63091.02,63136.0,62966.01,63089.77,1035.11805,1726919999999,65278552.68845270,133042,412.07763000,25988331.45462370,0
1726920000000,63089.76,63306.0,63036.92,63167.98,1603.27919,1726934399999,101258996.71574540,214405,760.76245000,48048669.57627100,0
1726934400000,63167.98,63400.0,63086.0,63203.59,1787.68953,1726948799999,113014970.63208920,205670,811.94271000,51332285.58147040,0
1726948800000,63203.59,63559.9,63058.0,63348.96,1098.28623,1726963199999,69499271.70804730,204039,588.10340000,37220491.41129620,0
1726963200000,63348.97,63450.0,62830.01,63106.0,1863.74001,1726977599999,117612258.63390020,309627,829.61652000,52356299.25976450,0
1726977600000,63106.0,63200.0,62838.0,62936.0,967.92007,1726991999999,60956215.75627840,167534,440.90609000,27769992.17911860,0
1726992000000,62936.0,63034.99,62544.94,62784.0,1840.93484,1727006399999,115568137.85234410,239591,834.03686000,52359196.32049390,0
1727006400000,62784.0,62930.0,62429.16,62652.12,2271.34613,1727020799999,142356759.76204320,294004,965.98104000,60545414.58197450,0
1727020800000,62652.12,63229.5,62468.01,63160.0,2262.34879,1727035199999,142251795.97080510,317160,1265.00788000,79548430.85841660,0
1727035200000,63160.0,64000.0,62357.93,63578.76,5035.90908,1727049599999,318732170.39814170,817820,2587.62530000,163876898.75402000,0
1727049600000,63578.76,64745.88,62538.75,64354.0,7140.31946,1727063999999,455833179.63289460,1181177,3950.92665000,252415989.46402940,0
1727064000000,64354.0,64455.13,63400.0,63548.82,3443.68917,1727078399999,219668856.37109750,538476,1524.75570000,97255949.42708330,0
1727078400000,63548.83,63710.0,63300.0,63435.04,2927.2427,1727092799999,185906509.98779650,367290,1468.08194000,93249491.39747810,0
1727092800000,63435.03,63806.0,63059.93,63618.0,5683.13836,1727107199999,360215922.34255990,1057518,2963.90424000,187887495.22376420,0
1727107200000,63617.99,63825.96,63098.97,63298.56,3051.89312,1727121599999,193407040.86946940,634847,1499.04851000,95008631.20945080,0
1727121600000,63300.01,63489.0,63088.69,63339.99,1831.77006,1727135999999,115983529.16420880,219879,924.35939000,58532883.99275950,0
1727136000000,63339.99,63401.21,62700.0,63124.0,4362.37127,1727150399999,274951986.35289220,491185,2140.12196000,134896170.36531210,0
1727150400000,63124.01,63569.99,62900.0,63559.92,2295.13582,1727164799999,145157850.89346340,273964,1119.91710000,70847501.38678370,0
1727164800000,63559.93,63948.0,63380.0,63478.34,2935.03801,1727179199999,186790290.96385660,449130,1420.16703000,90391942.17765830,0
1727179200000,63478.35,63768.0,62731.1,63159.99,5750.10021,1727193599999,363719567.95596660,1165116,2804.90575000,177400172.38957170,0
1727193600000,63159.99,64375.0,63088.02,64292.34,4151.18148,1727207999999,264682751.87262400,824800,2165.87433000,138153014.10657320,0
1727208000000,64292.35,64688.0,63966.66,64262.7,3691.2208,1727222399999,237417890.81748880,665962,1871.90746000,120429861.99120640,0
1727222400000,64262.7,64817.99,63990.41,64460.0,3313.63849,1727236799999,213285346.49961690,548405,1721.76786000,110860694.41514700,0
1727236800000,64460.01,64460.23,63645.49,63843.33,2493.73409,1727251199999,159615734.31030500,370921,1128.91369000,72259998.02526740,0
1727251200000,63843.34,63915.07,63407.7,63838.01,2671.75745,1727265599999,170125530.20562330,309415,1222.99490000,77876651.10535450,0
1727265600000,63838.01,63999.0,63283.37,63495.66,3683.29568,1727279999999,234590680.64921050,905904,1725.68672000,109936188.40091900,0
1727280000000,63495.66,63670.0,63000.0,63181.5,3421.13755,1727294399999,216602665.92942130,771615,1586.12072000,100420523.25659780,0
1727294400000,63181.51,63551.81,62947.08,63152.01,2229.54842,1727308799999,141030870.67903790,449271,999.19594000,63236374.00726360,0
1727308800000,63152.01,63544.0,62670.0,63514.34,3182.8406,1727323199999,200764523.39830110,564897,1615.44341000,101923960.67154420,0
1727323200000,63514.35,63874.41,63340.0,63852.07,1978.65426,1727337599999,125948246.59882090,311889,1023.84580000,65177679.98959950,0
1727337600000,63852.07,64500.0,63595.67,64393.99,4265.52614,1727351999999,273592940.67829810,486475,2199.71417000,141106431.21760630,0
1727352000000,64393.98,65550.0,64150.0,65229.03,10972.58828,1727366399999,711148943.37753940,1454662,6312.75451000,409336476.25400620,0
1727366400000,65229.03,65839.0,64693.26,64711.06,5421.22806,1727380799999,354018123.64356490,1067407,2608.21042000,170387489.05256470,0
1727380800000,64711.07,65244.0,64633.52,65173.99,2552.46859,1727395199999,165731818.24837240,476003,1282.02029000,83244124.20175970,0
1727395200000,65173.99,65425.0,64819.9,65366.01,2512.15165,1727409599999,163608560.55809420,381752,1203.75809000,78402864.30328550,0
1727409600000,65366.01,65550.0,65099.99,65460.02,3455.03541,1727423999999,225912401.37895300,552750,1616.44526000,105702687.69844990,0
1727424000000,65460.02,65986.0,65342.78,65437.35,3894.1937,1727438399999,255653307.27827440,562319,1988.28496000,130564080.10064080,0
1727438400000,65437.36,66498.0,65314.31,66006.01,7244.94249,1727452799999,478044731.14581340,1185032,3853.13293000,254302877.65664080,0
1727452800000,66006.01,66360.0,65524.0,65657.99,3581.38796,1727467199999,236080674.81928030,623010,1755.03520000,115690726.60576970,0
1727467200000,65657.99,65962.0,65625.0,65769.95,1361.09366,1727481599999,89552535.17980590,193666,676.20072000,44492825.00313650,0
1727481600000,65769.95,66260.0,65720.0,66063.76,1667.03312,1727495999999,109993422.39432620,233343,989.15734000,65277395.98911840,0
1727496000000,66063.76,66087.0,65738.0,65824.01,1261.99889,1727510399999,83170557.03693520,180292,455.42701000,30011656.22163070,0
1727510400000,65824.01,65824.01,65453.0,65798.01,1658.51739,1727524799999,108858310.83805580,250329,764.99912000,50225937.46426970,0
1727524800000,65798.01,65816.0,65422.23,65619.13,1613.79987,1727539199999,105886602.11670120,268638,737.76600000,48410343.33739930,0
1727539200000,65619.14,65823.08,65492.59,65724.0,1744.50199,1727553599999,114588965.61031950,205874,989.31297000,64997428.70453300,0
1727553600000,65724.0,65982.16,65432.0,65858.0,1181.3819,1727567999999,77620625.12591420,203227,564.56290000,37103908.11675550,0
1727568000000,65858.0,65984.0,65647.28,65815.92,1175.81973,1727582399999,77392769.47208110,208157,561.45777000,36956949.96959170,0
1727582400000,65815.93,65815.93,65432.0,65477.01,1284.12437,1727596799999,84223811.62714380,197745,605.90411000,39731590.32060830,0
1727596800000,65477.01,65720.0,65433.0,65691.92,1041.46532,1727611199999,68293229.90067160,145514,611.44657000,40094737.27555700,0
1727611200000,65691.92,65850.0,65576.21,65751.34,1924.67822,1727625599999,126488792.41788230,281845,879.41915000,57793780.47427840,0
1727625600000,65751.34,65972.17,65654.01,65958.82,1134.64262,1727639999999,74691161.90135860,196734,625.50410000,41176587.07009180,0
1727640000000,65958.81,66076.12,65528.0,65602.01,1777.01085,1727654399999,116890248.39609290,383454,849.20610000,55868650.24340190,0
1727654400000,65602.01,65618.8,64190.0,64553.68,6048.78935,1727668799999,391799657.66235370,822189,2720.59754000,176194922.77716530,0
1727668800000,64553.68,64750.01,64310.0,64562.01,3209.21927,1727683199999,207071835.05518440,342970,1429.21159000,92223155.84777040,0
1727683200000,64562.01,64576.01,63249.68,63819.44,7287.18568,1727697599999,464982564.35754210,854529,3390.95641000,216322875.84798120,0
1727697600000,63819.45,64161.08,63508.0,63561.41,4845.53912,1727711999999,309392254.54943900,856148,2388.81080000,152527803.74793470,0
1727712000000,63561.42,63738.25,63056.0,63488.0,5487.90402,1727726399999,348260008.08593860,716143,3091.36197000,196216389.85008040,0
1727726400000,63488.0,63860.0,62856.3,63327.59,3132.45008,1727740799999,198743942.03375830,386605,1430.99213000,90838868.66491280,0
1727740800000,63327.6,63744.0,63006.7,63723.48,3879.35185,1727755199999,246092944.36025800,612739,1906.41291000,120960027.93773050,0
1727755200000,63723.47,64130.63,63652.06,64045.92,3515.39368,1727769599999,224650848.82232390,374180,2219.02829000,141821592.83599790,0
1727769600000,64045.92,64118.0,63707.89,63734.0,3230.34622,1727783999999,206570537.73618100,291604,1863.81958000,119211081.76489600,0
1727784000000,63734.01,63809.97,61814.01,62628.85,12629.85952,1727798399999,790990172.50035680,1794629,5768.49603000,361270495.02521030,0
1727798400000,62628.85,62778.73,61092.0,61755.99,12278.90165,1727812799999,760391623.12028970,1713245,5537.61339000,343045398.04023860,0
1727812800000,61755.99,61760.74,60164.0,60805.78,8137.62816,1727827199999,494975955.29321610,820672,3656.37466000,222294598.72696680,0
1727827200000,60804.92,61883.0,60733.81,61750.47,4288.88242,1727841599999,263395662.21381410,651709,2532.87136000,155588791.50990360,0
1727841600000,61750.46,61940.0,61350.0,61727.4,2824.36251,1727855999999,174026849.63829230,518311,1352.36660000,83341173.53277390,0
1727856000000,61727.39,61914.34,60888.88,61164.01,3827.59582,1727870399999,234894338.39814960,737060,1560.52328000,95766828.70692380,0
1727870400000,61164.01,61926.9,60524.21,61874.01,7565.27679,1727884799999,463141794.95268050,1546410,3936.69813000,241073173.34066340,0
1727884800000,61874.01,62390.31,60000.0,60190.01,7929.51771,1727899199999,483783277.59629420,1337132,3527.94227000,215407578.46325420,0
1727899200000,60190.01,60999.24,60128.0,60649.28,5099.06593,1727913599999,309135715.03755320,522588,2808.92355000,170290774.96195380,0
1727913600000,60649.27,61464.0,60536.0,61463.99,3657.31206,1727927999999,223186012.05038330,729592,2091.53739000,127629702.68211560,0
1727928000000,61464.0,61477.19,60814.12,60926.0,3351.19716,1727942399999,205177232.00604110,383836,1397.45911000,85564591.32381810,0
1727942400000,60926.0,61070.47,60126.56,60764.74,4407.11899,1727956799999,266991790.51091110,862563,2112.11266000,127968717.83105840,0
1727956800000,60764.73,60900.0,59828.11,60641.5,8572.02693,1727971199999,517561241.79333890,2041037,4292.36725000,259257953.03393710,0
1727971200000,60641.5,61058.0,59917.02,61036.0,4408.85414,1727985599999,266861732.64081930,936912,2222.14957000,134544731.84495250,0
1727985600000,61036.0,61100.0,60596.4,60752.71,1824.92544,1727999999999,110995857.80594970,290064,790.88866000,48108005.01723560,0
1728000000000,60752.72,61272.73,60459.9,60951.99,2373.59688,1728014399999,144598176.44176840,651187,1232.56878000,75106216.10898490,0
1728014400000,60951.99,61544.98,60936.66,61443.64,2454.00481,1728028799999,150292945.76034050,343067,1434.95310000,87918488.47493780,0
1728028800000,61443.64,61646.27,61266.42,61449.84,2343.66551,1728043199999,143957841.76994930,365465,1007.85441000,61918972.42990670,0
1728043200000,61449.84,62004.48,60753.97,61873.04,8500.985,1728057599999,522754233.07934410,1519679,4254.96735000,261701283.39994170,0
1728057600000,61873.05,62468.0,61644.01,62368.0,4031.14494,1728071999999,250492392.27397750,684898,2041.88319000,126865770.01589220,0
1728072000000,62368.0,62484.85,61965.14,62086.0,1591.2628,1728086399999,99050041.17667000,234335,717.11805000,44640383.50551950,0
1728086400000,62086.0,62214.0,61689.26,61861.99,1490.81546,1728100799999,92443961.17810440,215971,736.64382000,45694877.52577090,0
1728100800000,61861.99,62268.28,61824.01,62076.19,1052.59709,1728115199999,65357346.31607110,172193,610.05451000,37882784.91662240,0
1728115200000,62076.2,62326.48,62076.19,62180.0,1522.84096,1728129599999,94719830.86405220,138093,767.07342000,47717030.90870220,0
1728129600000,62179.99,62370.56,62100.0,62167.66,1317.65584,1728143999999,81968211.54290470,194209,551.77523000,34326068.50555510,0
1728144000000,62167.65,62180.0,61790.0,61848.48,1408.81584,1728158399999,87305904.15440150,242758,581.30697000,36022013.25918320,0
1728158400000,61848.48,62100.0,61700.0,62058.0,1014.73622,1728172799999,62793214.28637840,219951,443.70141000,27464999.63843620,0
1728172800000,62058.01,62150.0,61876.0,61878.66,882.65112,1728187199999,54713565.95946900,167242,421.26313000,26118659.30841690,0
1728187200000,61878.66,62010.0,61798.97,61949.01,907.06061,1728201599999,56164132.64155890,135536,463.24288000,28686672.28469340,0
1728201600000,61949.01,62176.75,61922.0,62101.92,936.78235,1728215999999,58127653.99642280,128670,484.31321000,30055220.12843320,0
1728216000000,62101.92,62777.0,62065.31,62720.01,3063.00545,1728230399999,191220386.10245740,387335,1803.02744000,112576525.98660670,0
1728230400000,62720.01,62975.0,62550.0,62631.38,1681.72471,1728244799999,105537300.30275100,360587,914.51117000,57396398.78143960,0
1728244800000,62631.38,62912.33,62302.0,62819.91,1435.63753,1728259199999,89906595.47469230,377183,711.94141000,44593086.34075500,0
1728259200000,62819.91,63970.19,62657.44,63530.51,4456.00399,1728273599999,283168340.37556490,719479,2346.44805000,149050071.63813670,0
1728273600000,63530.51,63753.91,63300.48,63531.99,2115.0378,1728287999999,134390907.52824040,286064,928.66690000,59020253.55038950,0
1728288000000,63532.0,63706.0,62649.95,63135.44,4457.19558,1728302399999,281247664.41966800,620266,2312.44040000,145858587.33545400,0
1728302400000,63135.45,64478.19,62825.37,63651.6,7602.50861,1728316799999,484577713.60439800,1387758,3850.78356000,245454803.57748930,0
1728316800000,63651.59,63906.57,62735.9,63382.0,4094.49583,1728331199999,259543084.63883450,1116163,1866.49965000,118359296.94328380,0
1728331200000,63381.99,63410.0,62128.0,62224.0,3240.94339,1728345599999,203387796.01248880,679612,1455.89559000,91365810.46785930,0
1728345600000,62224.01,62820.0,62156.02,62629.8,2759.18935,1728359999999,172531571.48304360,559160,1437.43306000,89868893.85942600,0
1728360000000,62629.8,62778.04,62005.0,62319.99,2588.87096,1728374399999,161613997.15166980,463015,1101.95741000,68799568.44511410,0
1728374400000,62319.99,62670.16,62193.63,62624.01,2240.95507,1728388799999,139933853.75361580,382166,1177.26575000,73532854.94970490,0
1728388800000,62624.02,63200.0,61864.89,62288.01,6977.22252,1728403199999,436305832.83487460,1196306,3351.64348000,209667687.57597370,0
1728403200000,62288.01,62598.0,61860.31,62245.53,3585.78327,1728417599999,223119040.85412130,872389,1754.92408000,109199399.04449190,0
1728417600000,62245.99,62565.95,62026.13,62160.49,1550.20254,1728431999999,96571957.74133190,325402,791.14569000,49289189.91266730,0
1728432000000,62160.5,62494.0,62002.5,62394.07,2218.57179,1728446399999,138172691.63749740,476599,1051.61189000,65513264.15673990,0
1728446400000,62394.07,62543.75,62200.0,62276.78,2041.93089,1728460799999,127412090.24989470,256814,1177.30143000,73470020.49099900,0
1728460800000,62276.79,62287.07,62046.69,62200.0,1718.42818,1728475199999,106811957.51963020,276675,803.49569000,49946049.51025220,0
1728475200000,62199.99,62412.09,61634.61,62316.0,5229.60107,1728489599999,324085369.48729170,960798,2554.42661000,158316767.45948260,0
1728489600000,62316.0,62350.0,60835.0,61031.98,5071.40002,1728503999999,311795902.95748430,1003401,2147.39383000,132002090.70091650,0
1728504000000,61031.99,61122.53,60301.0,60636.02,3731.22489,1728518399999,226500795.74144340,694076,1720.47226000,104477353.71259830,0
1728518400000,60636.01,60956.0,60355.0,60865.29,2727.57646,1728532799999,165527601.83924600,468560,1342.80151000,81488083.33827470,0
1728532800000,60865.29,61149.58,60814.9,60900.0,1627.37524,1728547199999,99243374.23919540,280280,689.49805000,42046886.75276700,0
1728547200000,60900.01,61321.68,60630.71,61262.0,2559.67177,1728561599999,156113383.97851180,455724,1317.02581000,80320640.88158640,0
1728561600000,61262.01,61320.0,60444.99,60789.36,5227.91174,1728575999999,318004046.37642200,967908,2194.16770000,133548844.64139800,0
1728576000000,60789.36,61030.31,58946.0,59727.28,8517.95777,1728590399999,508384002.25964040,1287924,3546.43984000,211549090.51680340,0
1728590400000,59727.27,60329.27,59586.29,60326.39,3307.43183,1728604799999,198331973.24336360,412181,1737.83981000,104228823.81193760,0
1728604800000,60326.4,60768.64,60087.64,60614.0,2415.18063,1728619199999,145880014.17603070,398756,1225.33240000,74022774.44670900,0
1728619200000,60614.01,60925.16,60578.0,60674.69,2034.06082,1728633599999,123550568.13118150,277045,987.09732000,59960622.30055590,0
1728633600000,60674.68,61263.4,60650.44,61174.87,2754.98816,1728647999999,168081980.88519820,274594,1444.74298000,88138242.02441520,0
1728648000000,61174.88,62450.0,61129.72,62259.05,6907.87356,1728662399999,426801094.38810800,1110110,3533.32279000,218288243.15897750,0
1728662400000,62259.04,63417.56,62123.0,63086.01,6450.8743,1728676799999,404616729.14804830,786549,3431.01060000,215214398.98818490,0
1728676800000,63086.0,63160.0,62357.7,62540.0,3078.37462,1728691199999,193289190.12129820,375126,1478.06146000,92806836.99772810,0
1728691200000,62539.99,63073.78,62487.23,62568.0,2510.94662,1728705599999,157462790.40952240,316684,1148.82427000,72058777.22817110,0
1728705600000,62568.0,62800.0,62565.51,62767.57,1198.66803,1728719999999,75124671.85646830,147250,532.25234000,33357629.59409900,0
1728720000000,62767.57,63260.53,62672.34,62936.91,1999.15341,1728734399999,125884528.23407890,249476,1020.30484000,64241882.91720160,0
1728734400000,62936.91,63480.0,62824.03,63157.49,2690.48359,1728748799999,169887390.18931320,460884,1310.59351000,82754732.50130240,0
1728748800000,63157.5,63400.0,62911.0,63000.01,1537.73891,1728763199999,97036397.12337440,349318,634.32817000,40041354.51622630,0
1728763200000,63000.01,63388.0,63000.0,63206.22,974.3106,1728777599999,61582731.17599710,247225,550.61382000,34808770.71903970,0
1728777600000,63206.23,63285.72,62654.91,62712.31,1978.86462,1728791999999,124577384.96510470,263207,903.40676000,56885413.84426610,0
1728792000000,62712.31,62990.0,62707.21,62843.48,976.93771,1728806399999,61390708.98150880,147554,511.89577000,32169581.18775520,0
1728806400000,62843.48,62962.0,62520.18,62561.33,2072.26507,1728820799999,130045613.02146180,295242,920.10963000,57755049.44528590,0
1728820800000,62561.34,62818.0,62050.0,62229.31,2882.28535,1728835199999,179866144.93865940,473675,1443.25921000,90053667.65560720,0
1728835200000,62229.32,62887.78,62177.67,62734.32,2186.22682,1728849599999,136779086.82204620,537087,1128.59642000,70617664.13094700,0
1728849600000,62734.31,63125.0,62610.67,62870.02,1812.64038,1728863999999,113905435.47945780,525764,947.77838000,59564962.65555950,0
1728864000000,62870.02,64392.49,62457.81,64299.99,5202.69582,1728878399999,330412985.83903240,836170,3080.62332000,195788792.96705180,0
1728878400000,64300.0,64686.0,63778.62,64620.87,6540.2077,1728892799999,420017800.69251010,724588,3300.59654000,212067403.75129930,0
1728892800000,64620.87,65188.57,64340.98,64920.06,5338.83523,1728907199999,345891475.55514840,843475,2754.67393000,178521438.23344810,0
1728907200000,64920.05,66299.93,64660.56,65870.0,11165.96157,1728921599999,732459001.92031290,1322727,5877.57433000,385620250.25009420,0
1728921600000,65870.0,66072.3,65459.0,65939.4,5541.11281,1728935999999,364580776.02694700,820828,2695.76995000,177359687.61211840,0
1728936000000,65939.41,66500.0,65730.0,66083.99,3881.13909,1728950399999,256732432.77959420,429789,2231.88099000,147704786.43347460,0
1728950400000,66084.0,66330.0,65324.4,65400.0,3574.82599,1728964799999,235256621.50235510,562660,1590.74315000,104689472.00661100,0
1728964800000,65399.99,65846.0,65201.0,65638.74,3319.36953,1728979199999,217560109.72452530,412815,1440.63626000,94416755.25178520,0
1728979200000,65638.74,65850.0,65280.0,65399.69,3798.65244,1728993599999,249269064.64163530,549835,1903.21015000,124909738.98282180,0
1728993600000,65399.68,67950.0,64800.01,66022.0,20567.31949,1729007999999,1362472865.29308910,2458488,10827.45747000,717841079.26463730,0
1729008000000,66022.01,67390.89,65982.55,66970.18,8440.07018,1729022399999,563900132.63760120,1689851,4221.13772000,282006394.70674150,0
1729022400000,66970.18,67156.47,66130.64,67074.14,3983.7166,1729036799999,265563068.52031200,571970,1837.49725000,122514690.35338830,0
1729036800000,67074.14,67561.04,66750.49,67095.98,3508.4024,1729051199999,235695513.42974460,743951,1649.22689000,110812017.60972240,0
1729051200000,67095.99,67361.41,66775.67,66972.53,3070.41603,1729065599999,205914709.80775800,602475,1351.64760000,90658101.19405980,0
1729065600000,66972.53,68424.0,66917.52,67894.72,8671.10496,1729079999999,587525018.29848100,933301,4976.76815000,337334074.83335710,0
1729080000000,67894.73,68308.91,67117.18,67749.99,9342.2106,1729094399999,633059873.47502010,1745619,4680.97829000,317272025.17619960,0
1729094400000,67750.0,68100.0,67482.0,67728.0,3575.32974,1729108799999,242452795.80723810,819485,1732.02663000,117459407.01459690,0
1729108800000,67728.01,67954.03,67500.0,67620.01,1770.79171,1729123199999,119912499.28802560,264854,822.22646000,55675041.64789260,0
1729123200000,67620.0,67939.4,67406.99,67601.4,2503.78211,1729137599999,169343646.44906800,459958,1159.72607000,78442970.19569770,0
1729137600000,67601.4,67601.4,67087.35,67303.18,3552.90409,1729151999999,239150232.12792150,451337,1500.29970000,100980301.14722380,0
1729152000000,67303.18,67530.01,66741.09,66872.43,4840.70419,1729166399999,324867946.98752630,696080,1907.07404000,128005026.60572160,0
1729166400000,66872.44,67680.0,66666.0,67590.66,6644.01683,1729180799999,445619225.78877980,1363225,3478.60818000,233336725.04407060,0
1729180800000,67590.67,67590.67,66720.0,66840.0,5364.13174,1729195199999,360275516.97878910,720889,2690.04593000,180749455.90803300,0
1729195200000,66840.0,67480.0,66827.68,67421.78,2422.68965,1729209599999,162907871.23337480,290471,1418.19320000,95372928.50349120,0
1729209600000,67421.78,68260.92,67192.36,67555.4,4815.67963,1729223999999,326509565.05507060,769247,2439.89950000,165485141.16750120,0
1729224000000,67555.41,68378.95,67544.0,67969.7,4436.03787,1729238399999,301567071.85611590,436719,1841.80869000,125221522.44165440,0
1729238400000,67969.69,68050.0,67674.98,67702.0,3604.45968,1729252799999,244664439.61939290,404643,1451.32120000,98523381.54819590,0
1729252800000,67702.0,68870.68,67642.71,68735.35,8981.93414,1729267199999,614016142.60277700,1292600,5236.98773000,358113638.23128250,0
1729267200000,68735.34,69000.0,68360.0,68608.01,5094.2734,1729281599999,350274011.10839330,814099,2461.85427000,169299450.11207220,0
1729281600000,68608.01,68690.0,68204.1,68428.0,1793.25028,1729295999999,122704669.63521470,293661,786.30711000,53797830.76610550,0
1729296000000,68427.99,68693.26,68303.03,68450.01,1376.73627,1729310399999,94232160.89707850,227497,709.14460000,48541972.99036660,0
1729310400000,68450.0,68560.0,68302.31,68346.54,1113.67315,1729324799999,76157615.22062620,182320,465.61590000,31839593.02578930,0
1729324800000,68346.54,68475.7,68090.3,68090.3,1655.36285,1729339199999,113045563.72843130,180137,712.02084000,48642014.10349640,0
1729339200000,68090.3,68350.0,68088.0,68226.93,1346.90882,1729353599999,91878286.18404460,203676,656.93000000,44811259.69154750,0
1729353600000,68226.94,68242.43,68010.0,68181.98,1019.59496,1729367999999,69478916.20755050,170432,472.57968000,32203548.29340820,0
1729368000000,68181.98,68413.96,68168.45,68378.0,1681.39132,1729382399999,114836086.72357940,188366,1054.90525000,72046677.41308450,0
1729382400000,68377.99,68446.0,68100.0,68188.0,1054.72024,1729396799999,71993792.47971610,173345,521.21147000,35588175.71655450,0
1729396800000,68188.01,68433.5,68176.26,68378.0,1441.04305,1729411199999,98440813.90285040,128795,956.49272000,65346241.91684710,0
1729411200000,68378.01,68500.0,68355.0,68420.01,1130.42068,1729425599999,77335885.37222380,118555,565.18947000,38667187.04702700,0
1729425600000,68420.01,68772.7,68198.22,68625.99,3025.00337,1729439999999,207285143.18550690,351071,1465.05971000,100396537.41753110,0
1729440000000,68625.99,68660.0,68422.0,68508.29,1137.38491,1729454399999,77975598.32743870,167723,560.65476000,38437642.55938780,0
1729454400000,68508.3,69400.0,68461.93,69031.99,4653.90153,1729468799999,321051196.54285020,624306,2704.31761000,186565771.27363550,0
1729468800000,69032.0,69519.52,68588.51,68939.99,4025.34961,1729483199999,278215743.60307200,562353,2366.18445000,163558716.35761290,0
1729483200000,68940.0,69185.18,68488.33,68514.0,2657.04256,1729497599999,183004494.85814200,381866,1152.73582000,79394439.59735870,0
1729497600000,68513.99,68661.0,68119.01,68238.01,4244.21652,1729511999999,290193576.71030200,494103,1717.85387000,117464277.03826340,0
1729512000000,68238.0,68328.68,66840.67,67341.02,12814.65836,1729526399999,864359246.38399770,1179282,4796.55067000,323231125.55174340,0
1729526400000,67341.02,67941.17,66894.0,67763.0,5541.16575,1729540799999,373475772.56723220,733763,2786.40436000,187827116.71153140,0
1729540800000,67763.99,67933.79,67366.66,67377.5,2091.98904,1729555199999,141584759.42395180,335410,773.87911000,52385083.16437460,0
1729555200000,67377.5,67694.92,66571.42,67390.02,4530.23136,1729569599999,304442452.00044820,656363,2089.21410000,140426162.55261350,0
1729569600000,67390.01,67800.0,67278.02,67402.0,2582.69229,1729583999999,174580327.95897020,276362,1380.51819000,93331152.57080350,0
1729584000000,67402.0,67526.67,66740.0,67299.15,5952.92995,1729598399999,399293745.12565880,685004,2823.99678000,189417401.99312140,0
1729598400000,67299.15,67693.34,66644.18,67282.27,6233.58519,1729612799999,418870493.05343150,1213555,3079.12737000,206976701.04607500,0
1729612800000,67282.27,67635.72,66920.0,67482.98,3629.34667,1729627199999,244244731.39706590,587745,2143.11859000,144248140.67112160,0
1729627200000,67482.99,67836.01,67292.0,67426.0,1670.17722,1729641599999,112854042.12498110,250262,884.54354000,59761330.40613870,0
1729641600000,67426.01,67472.83,66890.0,67082.1,2192.04981,1729655999999,147241315.75158140,407801,935.71624000,62855307.23605450,0
1729656000000,67082.1,67302.83,66800.0,66852.34,2205.04466,1729670399999,147871865.49265550,350778,1055.59929000,70804348.30945270,0
1729670400000,66852.33,67048.0,66200.0,66414.0,4678.16343,1729684799999,311267135.54378090,608338,1974.32673000,131394250.05832420,0
1729684800000,66414.0,66910.15,65923.01,66223.44,6555.45611,1729699199999,435197228.07775710,989139,3089.79562000,205207878.44049410,0
1729699200000,66223.45,66573.58,65260.0,66472.0,7747.67519,1729713599999,510332704.01635890,1142139,3819.51217000,251676829.90562570,0
1729713600000,66472.0,66807.37,66338.99,66668.65,2151.8515,1729727999999,143191182.03661280,309170,1013.38990000,67446021.16073480,0
1729728000000,66668.65,67612.12,66510.0,67213.16,4069.13262,1729742399999,273601787.81649880,653453,2098.81811000,141101418.65522610,0
1729742400000,67213.16,67479.55,67068.75,67123.08,2168.24652,1729756799999,145950770.47959820,324762,962.66042000,64802581.22169080,0
1729756800000,67123.09,67322.26,66700.0,67285.99,3627.57529,1729771199999,243059541.65412440,515741,1336.54637000,89583962.84132070,0
1729771200000,67286.0,67998.0,67262.0,67701.22,5556.69154,1729785599999,376146821.06270620,1131741,3017.54384000,204266713.39783170,0
1729785600000,67701.21,68323.0,67350.01,68309.79,4018.19794,1729799999999,272689822.31128620,644751,2434.10898000,165207886.78795000,0
1729800000000,68309.79,68850.0,67978.04,68198.28,3149.99486,1729814399999,215287577.58872420,527014,1652.90742000,112973833.62072670,0
1729814400000,68198.27,68286.56,67836.0,68008.0,2103.46788,1729828799999,143093792.52415760,393523,874.16614000,59468194.73569050,0
1729828800000,68007.99,68045.36,67250.0,67531.97,3239.24812,1729843199999,219132073.42312310,386018,1388.54153000,93923104.83270920,0
1729843200000,67531.96,68183.78,67286.28,68105.79,3432.59534,1729857599999,232579511.32180860,487632,1885.90880000,127827394.12581690,0
1729857600000,68105.79,68771.49,67429.87,67690.01,6063.80083,1729871999999,413691352.89973550,1191808,2859.00279000,195101120.86794070,0
1729872000000,67690.01,67890.52,66006.6,66850.0,12819.56162,1729886399999,859303279.65679850,1786435,5855.61270000,392645363.49192060,0
1729886400000,66849.99,67392.52,65596.29,66698.33,6821.03746,1729900799999,452867425.46763060,1087177,3167.80004000,210382281.10088570,0
1729900800000,66698.32,67050.2,66439.9,66914.0,3685.00548,1729915199999,245994004.88223410,779923,1895.83205000,126569401.58562890,0
1729915200000,66914.0,67240.02,66784.26,67007.99,1628.86516,1729929599999,109238619.68819900,310756,744.63348000,49945295.56667130,0
1729929600000,67007.99,67264.34,66953.02,67138.0,1491.87488,1729943999999,100102113.34338810,279814,766.77633000,51452442.92213540,0
1729944000000,67138.0,67180.0,66744.0,66886.49,2610.78256,1729958399999,174735088.33327160,490382,1317.55916000,88185505.72146460,0
1729958400000,66886.49,67181.82,66788.0,67177.99,1318.30448,1729972799999,88334728.14764920,289170,772.20154000,51742828.19024070,0
1729972800000,67178.0,67454.55,67084.0,67092.76,1108.07514,1729987199999,74482492.75315000,223456,572.18730000,38474306.16715350,0
1729987200000,67092.76,67325.46,66913.73,67289.57,986.04169,1730001599999,66148443.69061620,226895,567.27447000,38068741.35079570,0
1730001600000,67289.57,67317.78,67120.0,67204.01,668.95382,1730015999999,44949571.19031050,131495,318.90315000,21427664.39927790,0
1730016000000,67204.0,67266.49,67036.85,67128.04,1089.42823,1730030399999,73153888.84000170,185315,473.37998000,31788400.78021700,0
1730030400000,67128.03,67858.0,67121.45,67791.99,2061.49126,1730044799999,139348846.76353790,446071,1097.45748000,74166943.84125740,0
1730044800000,67792.0,68000.0,67540.88,67850.0,1636.67932,1730059199999,110906165.07455460,363642,809.01081000,54833623.51580930,0
1730059200000,67850.0,68332.05,67688.09,68021.7,2210.6016,1730073599999,150499232.91146000,418571,1151.71031000,78414293.11108200,0
1730073600000,68021.69,68116.78,67677.77,67727.59,1748.50819,1730087999999,118662694.60418500,430530,812.07565000,55115561.86690300,0
1730088000000,67727.59,68680.0,67618.0,68415.52,3228.44557,1730102399999,220102246.92791510,504343,1411.44400000,96262299.21172230,0
1730102400000,68415.52,68833.57,68238.81,68753.78,2668.85534,1730116799999,182960939.46161360,428476,1332.08123000,91314200.26545030,0
1730116800000,68753.78,69280.0,68426.67,68494.2,7619.52629,1730131199999,524938104.23551130,1320948,3825.84503000,263673239.41915850,0
1730131200000,68494.2,69900.0,68452.54,69629.98,7959.90622,1730145599999,551612136.11215380,1090710,4390.13035000,304277150.33039990,0
1730145600000,69629.99,70270.0,69427.79,69962.21,5821.51298,1730159999999,406829608.47606610,657439,3446.77350000,240963645.33619190,0
1730160000000,69962.21,71587.88,69760.0,70938.14,9260.69533,1730174399999,656514034.49849170,1093283,5512.88826000,390775131.72061600,0
1730174400000,70938.15,71370.0,70837.83,71017.97,5390.71759,1730188799999,383071666.24483830,533829,2703.35738000,192130171.31874060,0
1730188800000,71017.96,71578.95,70974.0,71452.01,4333.82377,1730203199999,308848462.01430100,397750,2237.17405000,159457685.70841450,0
1730203200000,71452.02,72429.99,70929.0,72402.01,11510.0098,1730217599999,825856591.46200340,1334201,6408.69960000,459968843.76993870,0
1730217600000,72402.0,73620.12,72350.7,72536.16,14375.99601,1730231999999,1047469935.33827990,1514551,7574.38202000,551971093.62791580,0
1730232000000,72536.38,72978.9,71864.65,72736.42,5257.36344,1730246399999,380705297.33384310,771816,2461.96385000,178305858.01741170,0
1730246400000,72736.41,72785.72,72000.01,72234.0,3553.7595,1730260799999,257098448.54725090,474516,1664.14089000,120407704.55999910,0
1730260800000,72234.0,72610.0,72100.0,72227.99,3065.87039,1730275199999,221882979.16009710,287796,1320.86929000,95607370.64970580,0
1730275200000,72227.99,72604.97,71926.82,71983.99,3249.22754,1730289599999,235084861.61111630,496451,1669.98257000,120862302.50336240,0
1730289600000,71984.0,72470.0,71436.0,72061.34,7786.81964,1730303999999,560448305.17769430,1451993,4033.86878000,290399616.47359440,0
1730304000000,72061.34,72197.5,71641.77,71822.01,3301.81939,1730318399999,237563793.18909060,663164,1633.50190000,117528180.08902970,0
1730318400000,71822.01,72961.0,71644.19,72344.74,5928.4941,1730332799999,429132149.60303760,666814,3164.85090000,229093009.47103640,0
1730332800000,72344.75,72599.99,72030.08,72353.74,2955.82677,1730347199999,213739294.28244070,439519,1445.54136000,104516937.35573280,0
1730347200000,72353.75,72478.0,72150.0,72417.19,2300.55532,1730361599999,166333128.46905470,270826,1129.48299000,81665259.45276150,0
1730361600000,72417.19,72700.0,72149.79,72226.0,3129.22143,1730375999999,226477276.36608980,414405,1534.20367000,111024641.70513740,0
1730376000000,72226.0,72276.0,70431.77,70620.0,10391.35314,1730390399999,740317329.61289010,1608260,4860.02695000,346226232.55875910,0
1730390400000,70620.01,70949.51,70036.0,70092.07,5987.52232,1730404799999,422148475.58812390,1114454,3051.50967000,215196050.98335720,0
1730404800000,70092.07,70654.76,69685.76,70292.01,4587.62399,1730419199999,322129473.17608550,678078,2184.37415000,153419119.79414580,0
1730419200000,70292.01,70470.0,68830.0,69369.99,6736.08255,1730433599999,468627725.69756320,897243,2932.13818000,204120968.59976570,0
1730433600000,69369.99,69699.14,69080.0,69273.7,3840.13342,1730447999999,266506698.74845590,490410,1739.04809000,120693689.19591470,0
1730448000000,69273.7,70228.0,69237.26,70002.01,4258.62726,1730462399999,297280642.76701290,491200,2367.54405000,165248057.96179790,0
1730462400000,70002.01,71632.95,69044.0,69387.77,12583.25292,1730476799999,887892274.18559290,1387197,5787.92728000,408606313.66581720,0
1730476800000,69387.78,70515.16,68820.14,69268.0,8722.26319,1730491199999,607307707.13076150,1056484,4193.24184000,292027071.37867840,0
1730491200000,69268.0,69627.0,68854.5,69496.01,2161.50821,1730505599999,149742973.47558360,246737,1024.26276000,70967885.95771650,0
1730505600000,69496.0,69914.37,69479.91,69599.99,1888.97948,1730519999999,131593250.68864260,243436,993.17873000,69200813.61226450,0
1730520000000,69599.99,69823.94,69446.0,69813.91,1298.14761,1730534399999,90409396.63002320,205233,637.29919000,44388338.14867290,0
1730534400000,69813.91,69838.62,69417.88,69608.0,1279.6003,1730548799999,89069835.90626540,217628,554.99684000,38632227.42669230,0
1730548800000,69608.0,69711.59,69000.14,69393.17,3365.13104,1730563199999,233439805.99064210,513673,1682.64105000,116759628.90645540,0
1730563200000,69393.18,69616.0,69215.0,69510.0,1553.51785,1730577599999,107889842.21689910,248328,873.16862000,60652603.53960300,0
1730577600000,69510.0,69571.99,69149.0,69374.74,1136.29615,1730591999999,78830296.19868240,175263,486.22270000,33737123.18211300,0
1730592000000,69374.74,69391.0,67864.16,68379.89,5846.4092,1730606399999,400733973.48682840,820156,2380.49281000,163153940.09799130,0
1730606400000,68379.9,68771.58,68303.99,68397.42,1961.6419,1730620799999,134450118.61560950,312564,1007.33991000,69044381.15186050,0
1730620800000,68397.42,68603.58,68200.01,68358.86,2460.80349,1730635199999,168362434.40601360,372068,1358.08171000,92928418.85901080,0
1730635200000,68358.86,68560.0,67478.73,68090.9,6042.77974,1730649599999,410675251.85612170,952566,2775.24415000,188603418.42679990,0
1730649600000,68090.91,68693.81,67667.21,68679.0,4811.23179,1730663999999,328462402.47417460,740406,2621.76883000,179021197.74960380,0
1730664000000,68679.0,69358.0,68492.82,68775.99,3872.83631,1730678399999,266982025.56745450,470269,2134.65436000,147187716.85369140,0
1730678400000,68775.99,69500.0,68240.61,69047.86,3531.81884,1730692799999,243434050.08451600,842654,1829.68576000,126146837.60739040,0
1730692800000,69047.86,69401.55,68618.0,68618.0,2753.25815,1730707199999,189946641.99456840,517564,1473.77422000,101709282.67150200,0
1730707200000,68618.0,69036.0,68470.0,68792.71,3061.68173,1730721599999,210448280.19837650,718746,1460.64344000,100413508.78951280,0
1730721600000,68792.72,69264.52,68202.99,68646.01,6502.898,1730735999999,446289398.35346140,1158809,3330.84708000,228634627.48399820,0
1730736000000,68646.01,68814.32,67251.5,67856.0,7022.60435,1730750399999,476531094.17767180,1148879,3517.41431000,238713629.43029000,0
1730750400000,67856.01,68106.07,66835.0,67850.01,6928.1308,1730764799999,467252842.19418200,990396,3314.87596000,223639661.54199150,0
1730764800000,67850.01,68255.0,67476.63,68243.0,3631.30352,1730779199999,246726660.36462090,695458,1911.85553000,129919747.95142110,0
1730779200000,68243.01,68976.0,68218.51,68893.99,3527.68448,1730793599999,242018888.77240150,541068,1881.34431000,129103595.34030590,0
1730793600000,68894.0,69100.0,68615.11,68810.03,3105.13722,1730807999999,213835688.20814220,513293,1460.08695000,100546701.97753990,0
1730808000000,68810.03,70325.06,68666.0,69639.99,9273.82987,1730822399999,645035446.29421790,1437361,4930.80074000,342998706.13276850,0
1730822400000,69640.0,70577.91,68732.77,68995.99,8251.89006,1730836799999,576668458.63969320,1187641,3982.28619000,278426359.09650910,0
1730836800000,68995.99,69898.02,68786.91,69372.01,5565.22373,1730851199999,386133765.79084630,580823,2893.51291000,200821620.42523880,0
1730851200000,69372.01,75000.0,69298.0,74348.53,29431.196937,1730865599999,2141184100.25931165,2076102,16121.16433700,1173740395.27308365,0
1730865600000,74348.53,75407.1,72727.0,73370.89,26064.898021,1730879999999,1939597797.04461391,1552275,12870.02618100,958337520.03677571,0
1730880000000,73370.89,74475.47,72656.31,74272.01,13990.39249,1730894399999,1028906561.59613430,1460564,7052.85621000,518702339.93063760,0
1730894400000,74272.0,74757.58,73488.0,74298.0,13980.04537,1730908799999,1036562582.66639760,1941247,6699.70434000,496839571.20824110,0
1730908800000,74297.99,75850.0,74150.0,75823.55,11500.391072,1730923199999,861338127.68182290,753813,6063.34425200,454364655.43284600,0
1730923200000,75823.55,76400.0,75507.1,75571.99,9160.070897,1730937599999,694694101.00972850,650183,4436.78910700,336532175.35114910,0
1730937600000,75571.99,76022.79,75003.83,75048.01,7170.25219,1730951999999,540301392.29046040,1074116,3479.01391000,262172969.50181280,0
1730952000000,75048.01,75048.01,74416.0,74757.58,5435.11503,1730966399999,406382783.99869870,597266,2682.18882000,200550464.80560070,0
1730966400000,74757.58,75150.11,74649.54,74746.0,3766.42463,1730980799999,282233130.45531620,594821,1819.07219000,136321254.56767050,0
1730980800000,74745.99,76059.69,74512.19,76059.69,7599.95,1730995199999,570931129.78400800,1017199,3882.21030000,291737287.35697960,0
1730995200000,76059.68,76718.99,75555.17,76530.39,13850.283425,1731009599999,1054822085.93599790,1218144,6624.37385500,504483759.58124880,0
1731009600000,76530.4,76849.99,75494.0,75857.89,7047.39707,1731023999999,537126139.50747400,706176,3318.60122000,253012599.48742080,0
1731024000000,75857.89,76358.0,75555.0,75890.79,4416.57747,1731038399999,335472069.92058650,624453,1989.34061000,151153814.28830530,0
1731038400000,75890.79,76220.0,75686.0,76148.49,5001.36124,1731052799999,380139080.73703830,438469,2516.41998000,191285449.82333070,0
1731052800000,76148.49,76320.0,75760.0,75934.46,3321.2486,1731067199999,252353050.12111610,537121,1490.46677000,113260446.22439420,0
1731067200000,75934.47,76584.6,75630.76,76427.72,9261.36209,1731081599999,704771991.36216500,1323357,4368.40429000,332539877.75533280,0
1731081600000,76427.72,77199.99,75822.07,76912.58,9446.863703,1731095999999,723102644.17242118,1407145,4893.73257300,374859437.19166698,0
1731096000000,76912.58,77097.0,76300.23,76509.78,5073.68648,1731110399999,388610261.21819120,546944,2297.02941000,175920306.91368260,0
1731110400000,76509.78,76639.84,76136.0,76341.47,2498.29713,1731124799999,190809793.75517610,432108,990.86395000,75678301.15013900,0
1731124800000,76341.47,76795.69,76294.0,76529.08,2824.88315,1731139199999,216124636.90837090,409117,1404.58864000,107461075.41654300,0
1731139200000,76529.07,76735.59,76358.91,76487.11,1956.64753,1731153599999,149744288.47201850,264764,926.97120000,70946272.94930700,0
1731153600000,76487.11,76541.53,76272.72,76319.9,2576.33768,1731167999999,196725409.94525780,329282,1239.41843000,94655441.21602760,0
1731168000000,76319.91,76700.0,75714.66,76204.92,3958.68374,1731182399999,301782406.12929770,621569,1736.46396000,132399257.02517930,0
1731182400000,76204.91,76900.0,76179.0,76677.46,3127.22992,1731196799999,239522466.39276890,528424,1734.48709000,132888167.54297470,0
1731196800000,76677.46,77498.0,76492.0,77205.96,6237.464965,1731211199999,480479286.80589301,960127,3472.61604500,267511835.20645971,0
1731211200000,77205.97,79788.96,77138.0,78832.37,15561.725502,1731225599999,1227141467.61727949,1439033,8785.56555800,692364232.83055657,0
1731225600000,78832.36,80040.0,78832.36,79844.01,7359.556072,1731239999999,585466322.40639862,778547,4091.12221800,325618635.62481482,0
1731240000000,79844.0,80080.0,79200.0,79694.03,9016.63483,1731254399999,717480557.41921980,1274985,4270.42555000,339888073.75813940,0
1731254400000,79694.03,81069.99,79324.59,79748.99,11314.767361,1731268799999,908455632.15916137,1190343,5729.08441100,460018566.17879987,0
1731268800000,79748.99,81500.0,78473.13,80370.01,12339.951705,1731283199999,986418207.49278455,1485563,6402.19839500,512008055.63619275,0
1731283200000,80370.01,81846.71,80216.01,81612.23,7866.798202,1731297599999,637842560.26479117,1142899,4170.45641200,338220910.03434527,0
1731297600000,81612.23,81727.47,80432.0,81109.1,6018.85178,1731311999999,487783961.47376140,974135,2853.25040000,231229782.35923360,0
1731312000000,81109.11,82380.94,81023.29,82134.0,8046.625461,1731326399999,657717920.35864070,1126944,4297.97404100,351384265.88756390,0
1731326400000,82133.99,84263.51,81460.19,84059.54,17558.062176,1731340799999,1451685096.42320400,2415264,9328.54248600,771708732.09303640,0
1731340800000,84059.53,86650.0,83831.84,86102.21,19271.655334,1731355199999,1639799036.85358058,2095083,10148.94864100,863596696.72114802,0
1731355200000,86102.21,89530.54,86052.0,88647.99,23561.672823,1731369599999,2069440134.56874349,1594565,12038.12333400,1057755780.27658505,0
1731369600000,88648.0,89470.0,86561.35,88047.46,19452.23586,1731383999999,1714826020.54950680,1918284,9838.62212000,867390694.12435140,0
1731384000000,88047.45,89940.0,87700.0,88983.35,13408.122211,1731398399999,1192216477.95506220,1543287,7122.85499100,633518360.79848610,0
1731398400000,88983.35,89372.0,85229.0,87155.55,21526.29235,1731412799999,1883106820.04926790,2674015,10583.83631000,925922666.80510100,0
1731412800000,87155.55,87860.0,85072.0,86632.0,19109.59223,1731427199999,1651548946.59988710,2685475,9754.72401000,843264444.71201550,0
1731427200000,86632.0,89764.38,85730.35,88704.28,14486.43433,1731441599999,1272298651.04670610,1720693,7575.18822000,665349347.16807260,0
1731441600000,88704.28,89876.94,87379.59,87952.01,9317.21093,1731455999999,826087650.07938850,957304,4714.10780000,418006169.22137740,0
1731456000000,87952.0,88562.94,87004.0,87136.0,10008.6189,1731470399999,879243238.17739130,1930665,4807.18994000,422303983.32055580,0
1731470400000,87136.0,87692.69,86127.99,87356.0,9544.53162,1731484799999,829773895.66520990,2003717,4531.09479000,393966449.40217810,0
1731484800000,87356.01,88083.0,87082.42,87669.39,6000.39557,1731499199999,524896898.72037870,988247,3076.01292000,269089085.97985890,0
1731499200000,87669.4,92690.0,87502.49,92540.01,25126.849483,1731513599999,2269390794.12917176,2624447,13988.83606300,1263257060.47734236,0
1731513600000,92540.0,93265.64,89969.87,90193.51,22766.283954,1731527999999,2093769149.52853702,2763369,11170.75275400,1027984066.77626462,0
1731528000000,90193.5,91184.02,87970.98,90375.2,13317.1746,1731542399999,1193854985.82234950,1651655,6768.44286000,607089171.44524460,0
1731542400000,90375.21,90566.0,89458.13,89937.02,7354.10555,1731556799999,661828797.21774650,1248257,3932.96641000,353950300.52973470,0
1731556800000,89937.03,90850.0,89104.54,90769.42,6197.35157,1731571199999,557086781.44375850,930514,3162.12247000,284387706.76216270,0
1731571200000,90769.42,91657.77,90329.8,91491.86,8132.00542,1731585599999,739789935.55174960,1868100,3956.67484000,359978669.15215360,0
1731585600000,91491.85,91790.0,87829.57,87947.99,15118.0437,1731599999999,1357191173.66172600,2870852,6748.67128000,606147235.33762900,0
1731600000000,87947.99,89775.24,87526.74,89463.99,8531.95926,1731614399999,757772931.18645470,1537895,4443.65733000,394629451.94100020,0
1731614400000,89463.99,89464.0,86668.21,87325.59,11396.04536,1731628799999,1000191196.86722950,1373240,5696.76367000,500119392.05046690,0
1731628800000,87325.59,88473.7,87252.0,88218.21,6032.5219,1731643199999,531105051.64031540,1107116,3259.33745000,286965379.30732340,0
1731643200000,88218.22,88391.99,87073.38,87612.0,6883.97605,1731657599999,604248694.77793590,853344,3249.20084000,285225194.20627170,0
1731657600000,87612.01,89771.99,87368.0,89741.25,6640.4585,1731671999999,590125279.29927270,1203157,3734.38106000,331897161.09740920,0
1731672000000,89741.24,90709.74,87754.45,88445.41,11903.82559,1731686399999,1062448061.14931750,2339082,6045.55171000,539724379.39913940,0
1731686400000,88445.4,90844.9,88386.99,90377.89,8672.84127,1731700799999,777598334.35935530,1457682,4524.67101000,405740762.07196390,0
1731700800000,90377.89,91850.0,90324.85,91032.07,7794.32737,1731715199999,710713549.95523260,1048730,3987.46880000,363601360.42750780,0
1731715200000,91032.08,91709.06,90850.0,91252.03,4249.95392,1731729599999,387827346.41747860,937426,2219.44210000,202534964.60764630,0
1731729600000,91252.04,91779.66,91064.24,91117.53,3028.27512,1731743999999,276476970.94879460,665299,1519.95600000,138790038.24764960,0
1731744000000,91117.52,91598.13,90993.15,91169.69,3972.70297,1731758399999,362730629.45611350,601084,2093.65694000,191187729.61338440,0
1731758400000,91169.69,91320.0,90056.17,90521.2,5422.19653,1731772799999,491951386.34498710,921648,2588.49995000,234932749.11203030,0
1731772800000,90521.2,91396.03,90186.64,91100.24,3466.38119,1731787199999,315016179.83906720,619377,1879.53542000,170795796.00321230,0
1731787200000,91100.23,91181.82,90300.0,90586.92,2578.36716,1731801599999,233955998.89840630,494621,1195.22325000,108445423.41902320,0
1731801600000,90587.98,90888.0,89364.0,90247.86,4950.72397,1731815999999,445791389.93337770,1102438,2197.60121000,197882146.60774180,0
1731816000000,90247.86,90888.0,90158.56,90550.8,2974.11564,1731830399999,269238911.91647200,715279,1477.68895000,133783957.77791200,0
1731830400000,90550.8,91449.99,90478.99,90684.19,3929.09518,1731844799999,357240901.21077250,834566,2206.43748000,200638058.58972060,0
1731844800000,90684.19,91189.88,89925.91,90260.01,4166.81415,1731859199999,377310548.30030700,793826,2123.04948000,192273867.90361770,0
1731859200000,90260.01,90640.18,89664.34,90044.0,3112.39163,1731873599999,280678751.69253490,640632,1590.03698000,143426782.96007450,0
1731873600000,90044.0,90212.13,88722.0,89855.99,4734.41552,1731887999999,423611221.75693070,843978,2257.96817000,202090006.83482720,0
1731888000000,89855.98,90935.44,89617.96,90668.58,3252.23252,1731902399999,294006225.92738710,935040,1679.48223000,151816906.16818290,0
1731902400000,90668.58,92300.0,90438.85,91719.9,6378.66485,1731916799999,583022639.35788340,878418,3282.35066000,300113703.27436660,0
1731916800000,91719.9,92211.99,90051.1,90275.13,6488.59666,1731931199999,592981102.82227270,1093626,3068.95985000,280556925.76552730,0
1731931200000,90275.13,92594.0,89376.9,92309.51,12873.97296,1731945599999,1168819820.09434410,1659544,6782.92104000,616270459.00946890,0
1731945600000,92309.51,92584.95,89667.66,90608.26,9954.79626,1731959999999,907771472.13549870,1583450,4820.10026000,439743050.59552810,0
1731960000000,90608.26,91980.0,90224.02,90464.08,7596.77123,1731974399999,693308690.32450800,1011047,3995.05694000,364657349.50323710,0
1731974400000,90464.07,91529.0,90357.0,91428.0,3575.26612,1731988799999,325367851.72133840,539594,1950.12024000,177478226.09158100,0
1731988800000,91428.0,92000.0,91238.09,91620.01,3893.80469,1732003199999,356980910.40218950,475596,1870.31672000,171479443.68151910,0
1732003200000,91620.0,91950.0,91200.0,91652.02,3730.94665,1732017599999,341719751.81544650,620630,1968.61660000,180325539.28748260,0
1732017600000,91652.01,92788.0,90975.8,92391.99,13823.62822,1732031999999,1271221190.13167380,1656944,7155.99454000,658390890.52887370,0
1732032000000,92391.99,93905.51,92147.12,93227.87,11450.7773,1732046399999,1066438390.60443944,1381211,6034.18089400,561909390.56277624,0
1732046400000,93227.87,93571.08,91320.0,92310.79,7185.62384,1732060799999,663380408.17452630,973814,3148.62373000,290718147.96394010,0
1732060800000,92310.8,92418.68,91500.0,92039.99,4096.22399,1732075199999,376446775.88441700,604782,1847.05237000,169777060.40872510,0
1732075200000,92039.99,92851.09,91850.0,92850.38,3477.17855,1732089599999,321443343.12715230,532041,1875.40987000,173397795.05761050,0
1732089600000,92850.38,93669.98,92720.0,93454.65,6216.74888,1732103999999,579466521.21557670,800242,2964.37054000,276312833.33427480,0
1732104000000,93454.65,94807.62,93314.49,94739.97,12702.544432,1732118399999,1197250046.04094588,2273436,6270.92646200,591066698.46908958,0
1732118400000,94739.98,94831.97,93138.0,94000.0,10761.1069,1732132799999,1010066081.99836100,2263967,4971.26827000,466588725.63522510,0
1732132800000,94000.0,94599.98,93770.07,94286.56,4949.39596,1732147199999,466259546.37961610,891519,2496.28045000,235205591.34233700,0
1732147200000,94286.56,95904.0,94040.0,95798.12,9339.057505,1732161599999,886952479.43862829,963797,5129.74568500,487495220.68277179,0
1732161600000,95798.12,97852.0,95798.11,96912.01,13220.183819,1732175999999,1282425690.82639131,1612292,6383.55980900,619077799.80688581,0
1732176000000,96912.01,98384.86,96723.96,97974.99,10048.90103,1732190399999,981102458.30132912,1225229,6046.80405000,590457691.34036572,0
1732190400000,97975.0,98250.0,95600.0,96672.0,16850.11898,1732204799999,1636253165.62886010,2570655,7399.89627000,718401544.94949310,0
1732204800000,96672.0,98988.0,96276.69,97829.83,13009.781133,1732219199999,1272586720.11877460,1778009,7036.56940300,688600341.43183820,0
1732219200000,97829.84,98723.65,97533.18,98317.12,6760.31801,1732233599999,663487394.01167210,898623,3427.48801000,336434692.10717250,0
1732233600000,98317.12,99299.99,97840.0,98836.5,7532.474903,1732247999999,741925816.67236062,882034,3888.98204300,383172995.14777852,0
1732248000000,98836.49,99419.99,98517.21,99173.7,6632.8656,1732262399999,656690809.99515997,796584,3230.24525000,319835847.99274447,0
1732262400000,99173.7,99267.19,98219.84,98870.38,6290.74803,1732276799999,620862352.91814200,971329,2856.75704000,281900021.81974890,0
1732276800000,98870.39,98949.0,97122.11,98664.0,11263.93551,1732291199999,1103510267.58139470,2231011,5069.95996000,496789000.87861640,0
1732291200000,98663.99,99588.01,98220.0,99079.74,9541.05621,1732305599999,944737012.72279080,1604510,5290.72798000,524016428.35952610,0
1732305600000,99079.74,99449.0,98535.0,98892.0,4928.22899,1732319999999,487810513.47335690,785843,2372.99592000,234921005.44806950,0
1732320000000,98892.0,98908.85,98300.0,98666.67,3918.314,1732334399999,386187855.91875200,536567,1798.85054000,177296580.39797940,0
1732334400000,98666.66,98800.0,98284.61,98560.85,3360.38068,1732348799999,331304729.95595320,536019,1462.48119000,144179509.20357560,0
1732348800000,98560.84,98623.76,98300.0,98429.99,3176.75105,1732363199999,312731615.88461500,471860,1300.28096000,128004007.92602880,0
1732363200000,98430.0,98847.68,98400.0,98400.0,4138.68982,1732377599999,408083428.19881960,737038,1872.14876000,184617233.34554580,0
1732377600000,98400.01,98459.56,97336.06,97504.0,7486.78427,1732391999999,732052648.43784620,1007034,3506.87807000,342859984.68602990,0
1732392000000,97504.0,98015.82,97136.0,97672.4,2676.92385,1732406399999,261249587.93352830,550620,1235.60918000,120581599.38209900,0
1732406400000,97672.4,98564.0,97620.74,98200.1,3989.58138,1732420799999,391739869.20744750,518148,1966.90305000,193140090.71338090,0
1732420800000,98200.1,98431.06,97872.2,98431.05,3583.35015,1732435199999,351922394.53744660,488203,1948.83008000,191419073.13405480,0
1732435200000,98431.05,98472.98,97239.29,97280.03,3606.92172,1732449599999,352771298.06854430,657656,1618.93206000,158316085.28281920,0
1732449600000,97280.04,97606.52,95900.01,95901.51,9382.31921,1732463999999,908258277.00024820,1699854,4048.49485000,392055616.22643520,0
1732464000000,95901.52,96747.98,95734.77,96320.02,5662.8696,1732478399999,544574252.24073120,928779,2784.58388000,267802933.16626130,0
1732478400000,96320.01,98369.46,96195.47,97900.04,4975.93632,1732492799999,484905920.89737060,672080,2756.37784000,268579835.22382110,0
1732492800000,97900.05,98050.0,96888.0,97898.8,3838.26336,1732507199999,374342332.50973420,1030336,1840.24148000,179472768.60096540,0
1732507200000,97898.81,98376.99,97491.66,98047.34,5230.71565,1732521599999,512770031.85187660,758180,2569.44725000,251940572.82921970,0
1732521600000,98047.34,98871.8,97850.0,98188.09,5195.73129,1732535999999,511282917.37483220,991443,2470.20864000,243087323.93343610,0
1732536000000,98188.09,98313.08,94525.0,96000.56,14345.48831,1732550399999,1381536643.02416150,2164483,6049.52693000,582407136.21013790,0
1732550400000,96000.57,96500.0,94400.0,94669.48,10283.14008,1732564799999,980520347.17371790,1781326,4871.03387000,464549118.75168900,0
1732564800000,94669.49,95300.0,92600.19,93010.01,11954.11227,1732579199999,1122992534.38787110,1563923,5686.46888000,534059921.28477050,0
1732579200000,93010.01,94923.69,92727.9,94464.0,6245.66011,1732593599999,587858794.30470120,1000971,3093.34304000,291046120.05706060,0
1732593600000,94464.0,94973.37,93500.08,93785.71,4722.02616,1732607999999,445054985.47995450,991689,2233.84325000,210495066.25868980,0
1732608000000,93785.72,93785.72,91466.52,92356.85,13592.93588,1732622399999,1259559201.87572210,2426250,6808.95450000,631000715.43836440,0
1732622400000,92356.84,93559.0,91739.7,92813.0,13179.13015,1732636799999,1220214645.02494870,2410807,6843.67615000,633556006.31153880,0
1732636800000,92812.99,94685.6,91554.11,91683.89,10628.56926,1732651199999,989099337.23843520,1906080,5219.76526000,485752881.05119860,0
1732651200000,91683.9,92364.0,90791.1,91965.16,9490.40982,1732665599999,869131684.89440520,1490012,4920.68545000,450692786.97225580,0
1732665600000,91965.16,93037.38,91792.14,92588.0,5555.58018,1732679999999,513959872.85536830,996834,2698.84775000,249646090.99007420,0
1732680000000,92588.0,93648.0,92361.66,93597.16,4840.27212,1732694399999,450163847.37897250,690640,2262.97592000,210524605.15443640,0
1732694400000,93597.16,93885.6,93109.12,93367.99,3994.01189,1732708799999,373332159.82666310,747406,2097.01568000,196008021.98051230,0
1732708800000,93367.99,95850.0,92847.84,95556.01,9868.59893,1732723199999,932112582.49592320,1629623,5250.70160000,496204240.33083950,0
1732723200000,95556.0,96631.68,95184.79,96627.99,9525.88556,1732737599999,914440771.87176370,1667622,4227.11491000,405821176.95888880,0
1732737600000,96627.99,97208.21,95731.72,95863.11,7369.07866,1732751999999,710349277.18887430,916565,3779.92659000,364416501.89286750,0
1732752000000,95863.11,96564.0,94822.54,95471.43,6275.70277,1732766399999,601639515.01473640,877830,2943.15659000,282151980.21659770,0
1732766400000,95471.44,95922.39,95063.15,95299.66,5014.99892,1732780799999,479155795.22827260,586937,2598.97680000,248347726.56245380,0
1732780800000,95299.66,95780.0,94640.0,95452.01,4752.0259,1732795199999,452090052.36983340,772750,2262.95211000,215318502.54047960,0
1732795200000,95452.0,96221.8,94900.0,95007.14,5548.28802,1732809599999,529573431.61932670,1414985,2769.92241000,264433424.86275890,0
1732809600000,95007.15,95435.68,94817.0,95119.48,3678.82621,1732823999999,349877831.94168590,772212,2088.87346000,198665095.04510730,0
1732824000000,95119.48,96023.48,94698.0,95643.98,3544.70175,1732838399999,337524965.08575480,563447,2141.81184000,203935111.84779740,0
1732838400000,95643.99,96859.0,95364.99,96590.36,3208.77651,1732852799999,308672781.95368610,673329,1667.39943000,160387073.04572310,0
1732852800000,96590.35,96630.09,95600.03,95625.05,2916.98299,1732867199999,280468944.84485620,450380,1252.99222000,120490619.84994760,0
1732867200000,95625.05,97358.21,95616.0,97237.91,4164.43477,1732881599999,401958782.75349000,685985,2458.81312000,237379132.13988880,0
1732881600000,97237.91,98619.99,96768.0,98019.47,8857.57633,1732895999999,865740832.90117890,1433625,4499.83824000,439879726.30382180,0
1732896000000,98019.46,98440.0,96853.82,97329.73,5993.35722,1732910399999,584404869.19625000,1314180,2641.55302000,257582100.70222730,0
1732910400000,97329.73,97624.62,96981.01,97460.0,2560.65449,1732924799999,249204818.98482620,536571,1319.61569000,128430133.22203400,0
1732924800000,97460.0,97463.95,96309.85,96640.02,3052.5744,1732939199999,295294649.25780960,719292,1336.14334000,129214313.79512940,0
1732939200000,96640.02,97234.02,96532.7,96783.38,3397.39114,1732953599999,329011288.31739190,566135,1684.36196000,163110759.79516100,0
1732953600000,96783.38,96968.78,96092.01,96267.99,2445.61538,1732967999999,236167038.02112370,636497,1173.88252000,113394861.88142580,0
1732968000000,96267.99,96732.15,96242.14,96645.41,2060.42388,1732982399999,198953180.52080240,643153,1101.86324000,106400661.89937530,0
1732982400000,96645.42,97062.5,96531.35,97019.68,1822.59102,1732996799999,176440266.42067960,451782,970.36281000,93928235.46912840,0
1732996800000,97019.69,97040.0,96320.99,96407.99,1725.23724,1733011199999,166806528.16201360,337900,809.30116000,78235972.18322450,0
1733011200000,96407.99,96672.49,95693.88,96336.75,3622.03491,1733025599999,348520486.38804580,759921,1608.04782000,154745768.15899920,0
1733025600000,96336.76,96515.52,96195.99,96472.97,1284.90142,1733039999999,123842748.88067510,333904,619.26068000,59683143.74518510,0
1733040000000,96472.97,97179.04,96424.99,97108.89,2803.36709,1733054399999,271735512.60514690,510751,1393.78445000,135086579.54943030,0
1733054400000,97108.89,97388.78,96660.88,97028.02,3260.08114,1733068799999,316502594.37644060,733257,1498.29969000,145499460.24365280,0
1733068800000,97028.02,97523.41,96958.48,97178.73,2968.12339,1733083199999,288531926.93690530,474575,1591.50247000,154705375.73932830,0
1733083200000,97178.73,97836.0,96800.01,97185.18,3000.09657,1733097599999,292194357.41900690,529792,1404.00058000,136768712.75704210,0
1733097600000,97185.17,98130.0,96350.0,96483.75,5392.949,1733111999999,525751607.15757390,1137615,2693.40316000,262695452.01685480,0
1733112000000,96483.75,96924.0,95749.97,95999.99,5378.4519,1733126399999,517905051.03765190,1038685,2641.01780000,254325258.15201390,0
1733126400000,95999.99,96112.0,94820.41,95128.68,6299.85507,1733140799999,599717246.63666440,1480721,3084.09049000,293564417.23245530,0
1733140800000,95128.67,97214.77,94766.0,97048.0,8297.68046,1733155199999,797734771.45519790,1485314,4187.90571000,402776138.54770290,0
1733155200000,97048.01,97356.69,94395.0,95816.0,8796.99302,1733169599999,842776240.41058770,1664505,4089.01667000,391749455.74489120,0
1733169600000,95816.01,96327.87,95112.01,95840.62,3792.74036,1733183999999,362754705.03991200,753263,2126.49944000,203347834.19666600,0
1733184000000,95840.61,96305.52,95400.0,96079.36,3671.38924,1733198399999,351997126.61333430,574670,1877.27729000,179996049.34184660,0
1733198400000,96079.36,96238.1,95277.35,95550.0,3510.45774,1733212799999,336369523.34218300,601223,1453.28203000,139248325.75037360,0
1733212800000,95550.0,95662.94,94595.38,94988.01,4056.48891,1733227199999,385848164.30827070,630536,1849.78328000,175900824.29887530,0
1733227200000,94988.0,96250.0,93578.17,95682.54,13543.07849,1733241599999,1283733924.09993220,1786927,6708.64893000,635938165.89114090,0
1733241600000,95682.54,96169.99,94860.0,95428.6,5936.97324,1733255999999,566614109.81438180,1104977,2931.16895000,279739959.21080770,0
1733256000000,95428.61,96140.01,95272.5,95849.69,5108.93521,1733270399999,489432693.84055410,663379,2518.95119000,241267378.68255150,0
1733270400000,95849.69,96614.16,95224.17,95770.32,4788.30848,1733284799999,458867045.42557230,851781,2329.18945000,223239095.22284070,0
1733284800000,95770.32,96714.41,95717.54,96588.81,3607.43743,1733299199999,347580712.20275810,567893,1710.13885000,164749714.49284880,0
1733299200000,96588.81,96950.0,96172.0,96190.41,3780.1103,1733313599999,365301952.04021090,563797,1685.15272000,162845415.05903490,0
1733313600000,96190.41,96560.0,95352.41,95742.81,7959.19099,1733327999999,763335875.77326840,1590698,3866.72429000,370893518.66964260,0
1733328000000,95742.8,97232.01,94587.83,97209.64,9467.01122,1733342399999,905312757.02178660,1536757,4847.19697000,463789905.44850680,0
1733342400000,97209.64,99000.0,97128.52,98587.32,14248.47886,1733356799999,1401596191.32250980,1537798,7595.19884000,747138323.15212620,0
1733356800000,98587.32,104088.0,97888.89,102964.0,29911.489432,1733371199999,3023164233.06814848,2782204,16369.46497600,1652778910.19360740,0
1733371200000,102964.0,103544.71,101324.16,102236.1,14930.57327,1733385599999,1529734066.64156590,1555454,7728.62639000,791576392.16259480,0
1733385600000,102236.1,103159.76,102236.1,102566.91,9004.86605,1733399999999,924069434.94239530,968757,5036.45124000,516922767.03854680,0
1733400000000,102566.91,103550.0,100925.97,101292.01,15250.81785,1733414399999,1564677200.15003140,1746253,7616.65780000,781889879.15489010,0
1733414400000,101292.0,101999.0,98599.36,99028.0,14788.63995,1733428799999,1489664058.21008940,2008582,7160.87948000,721575083.77080640,0
1733428800000,99028.01,99479.72,90500.0,96945.63,26035.34311,1733443199999,2516693949.13770070,2951114,12322.99847000,1192428342.44301030,0
1733443200000,96945.63,98828.7,95981.72,97735.29,10502.77687,1733457599999,1024111988.68702940,1351862,5579.19661000,544104973.11083120,0
1733457600000,97735.29,98288.0,97370.19,98138.54,4600.17485,1733471999999,450496148.74751500,695717,2218.24030000,217220564.47494400,0
1733472000000,98138.53,98705.23,97622.86,98069.62,5508.51297,1733486399999,540712160.37683430,837883,2597.02028000,254982598.40326880,0
1733486400000,98069.61,99483.81,97512.26,99309.99,9368.1804,1733500799999,924710981.53416670,1634186,4322.65798000,426673915.69916060,0
1733500800000,99310.0,101799.0,98762.6,101439.99,9652.35617,1733515199999,971357064.67721820,1578441,4806.17227000,483613679.40774810,0
1733515200000,101439.99,101898.99,99053.03,99740.84,5417.53184,1733529599999,545253341.34168010,821013,2476.33672000,249049987.45740790,0
1733529600000,99740.84,100428.0,99285.71,99299.63,2803.39835,1733543999999,280104721.21508170,510530,1232.06052000,123110330.52624530,0
1733544000000,99299.64,99666.31,98844.0,99405.2,3254.00298,1733558399999,323113840.93549680,461689,1333.20493000,132373326.10058990,0
1733558400000,99405.2,99821.83,99260.0,99620.0,2290.29479,1733572799999,227963237.44904770,372814,1099.61338000,109451912.90127400,0
1733572800000,99620.0,99800.0,99036.01,99756.01,2409.08289,1733587199999,239623117.83051610,457564,1137.21042000,113125996.52494680,0
1733587200000,99756.0,100263.64,99460.37,100077.45,2257.58478,1733601599999,225392652.48151770,440863,1071.34483000,106977781.74685330,0
1733601600000,100077.45,100439.18,99595.11,99831.99,1917.58211,1733615999999,191756276.92688580,391106,903.11592000,90311313.49742550,0
1733616000000,99831.99,100328.88,99632.28,99934.82,1688.21452,1733630399999,168803783.06313560,389779,732.71240000,73272043.77464290,0
1733630400000,99934.83,100030.0,99336.0,99675.11,1590.3559,1733644799999,158548563.87783540,334553,678.98575000,67696211.63046340,0
1733644800000,99675.11,99844.28,98657.7,99701.16,2557.39593,1733659199999,253783011.84932110,552848,1110.82630000,110258868.69448900,0
1733659200000,99701.17,100500.0,99357.16,99912.01,3388.44325,1733673599999,338669327.99175300,699943,1684.48885000,168385560.76360800,0
1733673600000,99912.01,100198.0,99480.0,100100.98,2219.63339,1733687999999,221647251.90161240,522197,1123.28272000,112183541.23148450,0
1733688000000,100100.99,101351.0,99736.06,101109.59,3168.95389,1733702399999,318125007.71849350,495389,1822.50571000,182949512.82414780,0
1733702400000,101109.6,101215.93,98432.18,99090.84,6131.57247,1733716799999,610194461.84615400,1016437,2742.74623000,273011691.08323170,0
1733716800000,99090.84,99729.88,98328.0,99576.51,4641.05371,1733731199999,460136284.13370820,753744,2484.10716000,246396326.84138280,0
1733731200000,99576.51,99679.71,98035.57,98088.47,5754.936,1733745599999,567951798.15833830,1295716,2571.43346000,253808512.02651300,0
1733745600000,98088.47,100421.8,97508.58,97812.0,10565.60263,1733759999999,1043687800.05064340,1693031,5011.47692000,495051610.65223430,0
1733760000000,97812.0,98398.0,97000.0,97070.32,7646.39206,1733774399999,747572151.36315330,1424630,3707.34885000,362585480.77213760,0
1733774400000,97070.33,97572.52,94150.05,97276.47,19209.55908,1733788799999,1854084500.15365160,2262314,8954.97215000,864868409.16159510,0
1733788800000,97276.48,98138.0,95565.41,96931.99,7967.90111,1733803199999,773425354.35183450,1615824,3543.81352000,344024322.41925730,0
1733803200000,96931.99,97519.2,95900.0,97196.44,4851.30267,1733817599999,470123890.00830310,965148,2470.57741000,239468994.90888230,0
1733817600000,97196.44,97937.5,96938.19,97722.52,3732.90811,1733831999999,364073774.13866060,803589,2055.51224000,200490036.47623750,0
1733832000000,97722.53,98270.0,95555.0,95658.79,11589.32855,1733846399999,1127136401.93355170,2972933,5594.49693000,544439284.82007130,0
1733846400000,95658.79,96500.0,94256.54,95856.5,17282.11364,1733860799999,1646492559.04269050,3639933,7773.95272000,740618660.59974380,0
1733860800000,95856.5,97200.7,95616.0,96593.0,6285.13525,1733875199999,607408215.61738820,1558762,3084.74304000,298123579.94658070,0
1733875200000,96593.0,97625.76,95658.24,97398.43,6101.81371,1733889599999,589253741.91759310,1979444,2922.35396000,282263394.35058870,0
1733889600000,97398.42,97790.36,97181.7,97334.6,2882.63101,1733903999999,281008238.66281720,866763,1376.98942000,134220915.41995510,0
1733904000000,97334.59,98472.57,97316.78,98292.61,3915.0582,1733918399999,383900949.83954310,891471,1972.58261000,193404753.79820710,0
1733918400000,98292.61,100800.0,98072.33,100361.64,10646.28169,1733932799999,1059218760.78373770,2055043,5686.13497000,565974686.57888480,0
1733932800000,100361.64,101141.01,99608.23,101122.71,9214.79257,1733947199999,926366156.29767060,1728426,4776.15843000,480230528.64481440,0
1733947200000,101122.71,101888.0,100866.42,101125.0,4993.20573,1733961599999,505955915.51708820,729364,2378.62620000,241052039.41872030,0
1733961600000,101125.0,101829.0,100331.61,101025.87,4584.27765,1733975999999,463034052.43618850,1096291,2141.31863000,216319494.98417630,0
1733976000000,101025.88,101191.85,100402.82,100499.99,3018.02596,1733990399999,304125230.94635910,734427,1480.14597000,149158519.17623140,0
1733990400000,100499.99,101126.54,100178.32,100358.42,2593.08394,1734004799999,261053256.33502240,660799,1220.82245000,122933184.07724780,0
1734004800000,100358.42,101861.6,100348.35,101797.14,7527.72986,1734019199999,761574402.75890000,2027345,3751.34415000,379583942.96710680,0
1734019200000,101797.14,102540.0,99311.64,99481.32,7934.57131,1734033599999,802420925.50165760,2199149,3942.20177000,399054028.86935760,0
1734033600000,99481.33,100476.19,99465.33,100004.29,3574.39873,1734047999999,357254715.88804290,1348311,1640.05364000,163935286.59624060,0
1734048000000,100004.29,100356.85,99205.0,99729.09,3169.68724,1734062399999,315881098.89088970,894572,1562.35788000,155706154.83844090,0
1734062400000,99729.09,100225.52,99500.0,100130.0,2722.44317,1734076799999,272020056.88428130,502565,1167.14524000,116667012.49514650,0
1734076800000,100130.01,100789.0,99896.0,100353.37,2260.04806,1734091199999,226645429.36651070,553328,1199.08252000,120282489.74534760,0
1734091200000,100353.37,101375.26,99700.0,99873.16,4395.11384,1734105599999,442170200.84267530,1267983,2108.90613000,212209142.26537520,0
1734105600000,99873.16,101895.26,99800.0,101462.34,6176.84479,1734119999999,624630162.12088650,1612715,3123.61630000,315877916.74655580,0
1734120000000,101462.34,101879.98,101090.9,101424.25,3179.90213,1734134399999,322556444.96885700,650497,1507.98558000,152978171.54458990,0
1734134400000,101424.24,102650.0,101148.35,102088.0,4102.31163,1734148799999,418559849.17637330,1007583,2218.41894000,226349341.75688640,0
1734148800000,102088.0,102138.0,101590.9,101824.0,2355.50886,1734163199999,239775574.11192110,410037,1107.50609000,112733275.66710880,0
1734163200000,101824.0,101863.64,101321.0,101583.99,1246.03828,1734177599999,126601816.22030300,292532,538.36107000,54696126.81355100,0
1734177600000,101584.0,101742.43,100826.38,101625.12,2737.98405,1734191999999,277350915.18749140,600968,1344.09107000,136163441.24755780,0
1734192000000,101625.12,101737.7,100831.63,101313.54,2313.84837,1734206399999,234147140.64677280,649738,977.45456000,98926363.25325440,0
1734206400000,101313.54,101499.08,100609.41,101420.0,1436.01207,1734220799999,145159071.70345760,413680,604.41503000,61113305.40113120,0
1734220800000,101420.0,102196.97,101237.14,101733.82,2717.2499,1734235199999,276648243.15160800,450599,1915.36852000,195028331.03252920,0
1734235200000,101733.83,102850.0,101534.01,101732.09,3091.00658,1734249599999,316220414.31858110,598866,1664.33384000,170293037.57253480,0
1734249600000,101732.09,102691.01,101581.07,102671.44,1800.59415,1734263999999,184034838.23978200,379887,985.64431000,100758082.35373090,0
1734264000000,102671.44,103359.97,102473.01,102704.01,4918.19696,1734278399999,505990525.63077240,732690,2507.12868000,257961010.57893720,0
1734278400000,102704.0,103490.0,102583.65,103252.95,2441.92022,1734292799999,251955331.93719370,488269,1306.29196000,134790534.27882520,0
1734292800000,103252.96,105250.0,102621.5,104463.99,7259.953965,1734307199999,755613550.55785400,988498,4290.12704500,446780452.48354020,0
1734307200000,104463.99,106648.0,104259.48,104582.28,8803.848246,1734321599999,927533507.99489653,1581154,4517.86425600,476063630.79423883,0
1734321600000,104582.28,105420.76,104469.89,104992.79,3083.27266,1734335999999,323697315.70429150,626479,1469.22962000,154254887.08347470,0
1734336000000,104992.79,105016.85,103625.78,103757.99,3972.26006,1734350399999,415014644.17679380,816810,1581.77142000,165306624.27929630,0
1734350400000,103758.0,106499.99,103333.0,106332.01,9289.30941,1734364799999,976231226.72317130,2000488,4838.54133000,508294834.15160310,0
1734364800000,106332.0,107793.07,105797.41,106583.12,11995.104264,1734379199999,1281503651.82274628,2075532,5714.22355400,610432286.79370838,0
1734379200000,106583.13,106648.48,105480.02,106058.66,4158.6081,1734393599999,440984054.21265350,947591,2227.46932000,236198636.14520120,0
1734393600000,106058.65,107000.0,105657.34,106866.49,3882.88127,1734407999999,412743095.82742550,953417,2063.40297000,219347768.02609500,0
1734408000000,106866.5,107143.29,106368.45,106805.75,2937.82223,1734422399999,313544305.80858250,565845,1347.79187000,143853194.07529010,0
1734422400000,106805.75,107550.02,106708.86,106808.31,3622.94784,1734436799999,388254376.47611840,781740,1773.62440000,190091789.05599650,0
1734436800000,106808.31,108353.0,105725.99,106478.47,8939.180456,1734451199999,957103321.52146991,2080302,4309.44291600,461499447.21305251,0
1734451200000,106478.48,107633.0,106148.0,106475.89,5875.35581,1734465599999,628085063.99142410,1743855,2879.04806000,307760446.26147620,0
1734465600000,106475.89,106903.99,105321.49,106133.74,3806.74886,1734479999999,404103164.15008630,1087640,1814.01023000,192605565.92006970,0
1734480000000,106133.74,106524.98,104581.58,104763.98,5784.93924,1734494399999,610313044.71974270,1391596,2443.83038000,257967576.70056890,0
1734494400000,104763.99,104763.99,103137.82,104250.75,7256.63713,1734508799999,753743839.70067490,1579781,3203.11557000,332782088.81950910,0
1734508800000,104250.75,105033.33,103729.18,105028.33,2927.64166,1734523199999,305513234.70570230,522308,1462.00273000,152640251.64831630,0
1734523200000,105028.33,105350.0,103650.0,104428.54,7242.86665,1734537599999,756651504.49090020,1321525,3471.53462000,362691519.38720520,0
1734537600000,104428.54,104999.98,102817.82,102817.82,9166.33778,1734551999999,952172484.20522430,1667634,4643.80163000,482524604.83853720,0
1734552000000,102817.82,102997.77,100000.0,100204.01,17929.57509,1734566399999,1815869208.43699220,2279276,8084.09032000,818607102.87536150,0
1734566400000,100204.01,101310.25,98802.0,101193.15,11011.14924,1734580799999,1102633264.81312610,1794371,5253.06433000,526245997.32539200,0
1734580800000,101193.15,101727.28,100629.99,101656.57,3199.07619,1734595199999,323785578.85918450,624679,1582.17296000,160169947.70406120,0
1734595200000,101656.57,102609.72,101380.1,102449.99,4074.86626,1734609599999,415807393.02141570,518418,2089.66935000,213228526.82262670,0
1734609600000,102450.0,102800.11,99500.0,100679.86,10496.80787,1734623999999,1062284358.57833740,1400810,5136.10901000,519950604.06758740,0
1734624000000,100679.86,101200.0,96251.32,97199.72,15856.49892,1734638399999,1562535484.51310640,1912854,7202.96105000,710483343.25712190,0
1734638400000,97199.72,98500.0,95700.0,97461.86,10508.99952,1734652799999,1020500437.92258250,1022809,5634.66045000,547557584.72971690,0
1734652800000,97461.86,97814.09,96000.0,97106.02,8712.02871,1734667199999,845260879.77287990,1302263,4046.38644000,392687732.41133680,0
1734667200000,97106.02,98233.0,96374.03,97832.53,6871.39877,1734681599999,669316617.70421950,1068862,3155.06098000,307393460.34563140,0
1734681600000,97832.52,97864.91,92612.1,92723.98,19009.19125,1734695999999,1799434604.45098420,2143807,8163.57541000,772906321.88290280,0
1734696000000,92723.99,97572.0,92232.54,96991.62,16343.30766,1734710399999,1550263922.03067350,1557422,8311.31306000,788670542.57815550,0
1734710400000,96991.63,97748.0,96300.0,97116.0,7186.02296,1734724799999,697707279.54454160,897635,3379.30129000,328178498.15480550,0
1734724800000,97116.0,97816.44,95393.84,97805.44,4762.18635,1734739199999,460861935.32902750,459018,2407.59303000,233102751.29024590,0
1734739200000,97805.44,97813.59,97188.09,97487.46,2878.66863,1734753599999,280443330.12390830,463521,1362.34183000,132708423.24558710,0
1734753600000,97487.47,99540.61,97378.5,99040.0,5467.95008,1734767999999,538986210.49148100,581136,2962.72078000,291985585.51129910,0
1734768000000,99040.0,99187.95,97800.0,98262.08,3434.11954,1734782399999,338048773.03847730,612271,1576.99520000,155191409.37458200,0
1734782400000,98262.08,98283.95,96398.39,97527.97,5930.1048,1734796799999,577198680.88675610,1019121,2857.78575000,278237461.61834590,0
1734796800000,97527.96,97723.18,96819.36,97269.03,2933.73741,1734811199999,285454663.44363190,591961,1362.72772000,132592964.70581680,0
1734811200000,97269.03,98057.51,96539.91,97291.99,2838.96097,1734825599999,276100397.21167160,449628,1604.36991000,156016606.96618240,0
1734825600000,97292.0,97448.08,96549.37,96994.37,1848.52784,1734839999999,179363842.25353810,645618,884.03853000,85784040.09365610,0
1734840000000,96994.37,97071.97,95890.28,96210.24,2981.41637,1734854399999,287230427.60278770,559617,1289.41893000,124234306.27720870,0
1734854400000,96210.25,97351.57,96196.85,97101.28,2184.9888,1734868799999,211747055.60066390,426443,1147.56710000,111195657.12347230,0
1734868800000,97101.29,97300.0,95109.13,95377.72,4444.90674,1734883199999,426724051.01139930,829616,2120.44704000,203530623.82716880,0
1734883200000,95377.71,96444.45,94700.0,94836.55,3910.30845,1734897599999,373879464.49462140,602478,1884.17523000,180188498.14471810,0
1734897600000,94836.55,95824.0,94250.35,95186.27,3983.68216,1734911999999,378875025.39738940,569779,1967.75066000,187148752.29654680,0
1734912000000,95186.28,96043.99,93700.42,96025.15,6028.4424,1734926399999,570705061.59558760,1103664,3062.98823000,290066241.52107730,0
1734926400000,96025.15,96509.98,94705.07,95404.01,3919.1348,1734940799999,374438889.38511220,707864,2328.96055000,222545895.15766420,0
1734940800000,95404.01,96538.92,95036.77,95932.42,3020.85272,1734955199999,289770091.01426700,666898,1566.35935000,150276991.70403350,0
1734955200000,95932.41,96423.0,93107.52,93250.37,8316.98998,1734969599999,785795868.84493460,1111060,3549.39791000,335466788.09398730,0
1734969600000,93250.38,94260.0,92690.0,93044.79,6236.29663,1734983999999,582327043.86462210,1049066,3034.11734000,283383267.09414080,0
1734984000000,93044.79,95509.09,92520.0,94881.47,5289.0505,1734998399999,496970258.79003970,826367,2797.76017000,262968106.17346600,0
1734998400000,94881.47,94881.47,93569.02,94348.75,3135.824,1735012799999,295433656.13234590,654861,1523.83045000,143554463.59222440,0
1735012800000,94348.75,94653.45,93810.45,94233.19,1999.49298,1735027199999,188515305.82343490,406550,974.37956000,91859446.08792690,0
1735027200000,94233.2,94635.7,93840.0,94398.6,1936.10063,1735041599999,182441991.46419440,366469,892.56398000,84129127.98251910,0
1735041600000,94398.6,98300.0,94075.1,98300.0,6970.36477,1735055999999,672944824.11750040,777129,3797.05443000,366597792.28690510,0
1735056000000,98299.99,99487.99,97546.57,97581.09,6446.91305,1735070399999,635244140.74389200,735647,3135.95622000,309150530.26465560,0
1735070400000,97581.1,99068.9,97250.0,98663.58,3185.52945,1735084799999,312634506.42510830,480893,1645.46926000,161506814.36809490,0
1735084800000,98663.58,98878.44,97725.27,98029.48,2347.026,1735099199999,230642324.21162770,475805,1030.19464000,101220820.68601420,0
1735099200000,98029.49,98581.9,97844.18,98084.33,1454.63832,1735113599999,142792139.09526080,335500,672.37954000,66004311.78273720,0
1735113600000,98084.33,99349.31,97773.83,97907.61,3026.36685,1735127999999,298043841.80785850,608403,1439.85868000,141862917.40898050,0
1735128000000,97907.61,98832.89,97632.02,98519.98,2843.35507,1735142399999,279627209.68827210,848725,1413.29016000,138967185.05046910,0
1735142400000,98519.99,99299.99,98134.4,99018.52,2094.84554,1735156799999,206831471.38353150,487777,1085.68525000,107204478.78233810,0
1735156800000,99018.52,99569.15,98384.61,99429.6,2707.93332,1735171199999,268206989.86281300,526818,1365.11823000,135205342.87664680,0
1735171200000,99429.61,99963.7,98468.26,98995.17,3339.03441,1735185599999,330816366.43422030,898377,1728.43359000,171300841.33581210,0
1735185600000,98995.18,98995.18,97711.17,97719.99,2538.93374,1735199999999,249397716.68915640,503104,1066.75009000,104796246.73741140,0
1735200000000,97719.99,97772.13,95199.14,95695.81,6056.25765,1735214399999,582184069.98852600,1130183,2757.76627000,264963310.85665350,0
1735214400000,95695.81,96280.25,95234.93,96042.88,4267.56835,1735228799999,408368325.41957130,1239472,2097.74757000,200790633.18454110,0
1735228800000,96042.89,96621.95,95444.44,96102.25,2892.18792,1735243199999,277616272.06244180,901543,1436.10561000,137860991.98640000,0
1735243200000,96102.24,96114.46,95302.0,95791.6,2098.3852,1735257599999,200740816.79285660,530811,985.06936000,94228592.02842620,0
1735257600000,95791.6,96443.68,95401.03,96417.84,2935.2441,1735271999999,281891452.63290690,645973,1381.96580000,132703212.97401970,0
1735272000000,96417.84,96604.24,94646.03,95104.76,4600.52902,1735286399999,440244214.31187330,802728,2245.22491000,214919229.81950030,0
1735286400000,95104.76,97544.58,95104.76,96952.38,4963.50857,1735300799999,479405173.16340120,1195567,2730.38676000,263758372.22323390,0
1735300800000,96952.38,97035.8,94011.11,94573.75,6425.73336,1735315199999,612503836.19699610,1470224,2853.24020000,271971625.64036110,0
1735315200000,94573.75,94996.16,93500.01,94750.0,5278.97717,1735329599999,497515946.19708030,1102904,2708.58693000,255329385.46812170,0
1735329600000,94750.11,94823.09,94100.6,94299.03,2297.27207,1735343999999,217007227.27720360,501470,1026.11197000,96941912.93258180,0
1735344000000,94299.03,94720.0,94135.66,94594.91,1341.52605,1735358399999,126690994.02777870,469148,630.55847000,59551871.60731810,0
1735358400000,94594.91,94800.0,94307.0,94381.99,971.18403,1735372799999,91839081.34211380,302458,492.11730000,46535310.08656770,0
1735372800000,94381.98,94883.0,94312.67,94754.83,1063.67759,1735387199999,100639821.38754490,299391,523.19990000,49498953.28115900,0
1735387200000,94754.83,95340.36,94375.8,94447.29,2013.14298,1735401599999,190756090.49714310,648811,1036.40307000,98229245.45025010,0
1735401600000,94447.28,95245.24,94389.45,95027.76,1698.97945,1735415999999,161197553.87363170,567956,825.67428000,78363662.06092800,0
1735416000000,95027.75,95733.99,94878.26,95300.0,1297.3828,1735430399999,123528083.70674330,444297,695.64574000,66237299.64194410,0
1735430400000,95300.0,95340.0,94808.0,95172.4,1053.11164,1735444799999,100127011.94590850,325299,458.21201000,43568323.91836020,0
1735444800000,95172.41,95283.99,94971.44,95272.04,875.93086,1735459199999,83337033.47430140,167573,332.47991000,31634132.08902050,0
1735459200000,95272.05,95315.5,95010.0,95032.57,788.50288,1735473599999,75029811.97740380,157512,378.31753000,36000817.50669870,0
1735473600000,95032.58,95231.58,94010.0,94511.12,2881.2142,1735487999999,272704650.12584920,624364,1271.52153000,120310069.92006370,0
1735488000000,94511.11,94578.89,93367.52,93612.89,4040.48021,1735502399999,379218823.59751220,711514,1453.75207000,136405301.88808240,0
1735502400000,93612.89,93949.52,93009.52,93738.2,3936.76599,1735516799999,367953532.85587200,879576,1757.10284000,164276768.78051580,0
1735516800000,93738.19,94274.29,93368.93,93722.71,2898.63024,1735531199999,271672040.09402620,881623,1437.30570000,134723625.71953580,0
1735531200000,93722.72,94060.35,93240.03,93731.65,2439.98241,1735545599999,228422923.89910950,629317,1225.23369000,114752261.58739380,0
1735545600000,93731.66,94068.56,93469.56,93923.14,1683.90269,1735559999999,157979744.95875290,475672,797.18971000,74792384.96466190,0
1735560000000,93923.14,94277.23,91530.45,92130.21,9295.9625,1735574399999,860041463.35122560,1443959,3996.54116000,369614763.48556470,0
1735574400000,92130.21,94684.09,91800.0,94417.04,6130.98017,1735588799999,573367514.44094860,1169542,3174.63760000,297071055.88669990,0
1735588800000,94417.04,95024.5,91901.57,92792.05,5169.96449,1735603199999,481642373.02541520,960450,2461.28860000,229255186.60847120,0
1735603200000,92792.05,92907.03,92033.73,92509.59,2673.26662,1735617599999,247128395.16628300,474825,1241.53718000,114813726.43487120,0
1735617600000,92509.6,93040.1,92344.07,92860.75,1910.77295,1735631999999,177167486.88127250,320028,1077.39375000,99910987.59279170,0
1735632000000,92860.75,94741.68,92842.88,94232.68,3728.42811,1735646399999,350514371.21176980,575553,1779.85355000,167267499.43441430,0
1735646400000,94232.68,96250.0,94232.67,95412.0,5922.39263,1735660799999,564825736.83778500,914659,3041.36717000,290014514.25637320,0
1735660800000,95412.0,95590.52,93189.59,94166.88,3654.49229,1735675199999,344653601.64117880,755382,1693.28246000,159641299.09937770,0
1735675200000,94166.88,94222.5,93375.38,93576.0,1722.68129,1735689599999,161429210.18441490,307400,854.53364000,80068294.78757390,0
1735689600000,93576.0,94509.42,93489.03,93838.04,1840.29813,1735703999999,172887549.10827950,263547,983.77686000,92437151.72073710,0
1735704000000,93838.04,93937.19,93500.0,93684.1,958.86153,1735718399999,89845071.70986180,125393,492.49873000,46149202.59816590,0
1735718400000,93684.11,93756.02,92888.0,93444.64,1867.48363,1735732799999,174336252.70278310,252398,872.46741000,81453194.67158030,0
1735732800000,93444.65,94500.0,93407.07,94432.94,2077.71092,1735747199999,195302233.85939330,325179,1187.49923000,111609153.41728430,0
1735747200000,94432.94,94823.75,93760.93,94627.07,1721.05382,1735761599999,162204441.49634190,287980,869.51636000,81958370.53300280,0
1735761600000,94627.08,95151.15,94542.0,94591.79,1907.9181,1735775999999,180868645.26133870,262059,941.97789000,89306962.69982030,0
1735776000000,94591.78,95516.0,94392.0,95010.33,3071.06776,1735790399999,291911728.48945450,421651,1595.90998000,151725801.04198580,0
1735790400000,95010.34,96000.0,94984.84,95822.0,2597.83185,1735804799999,248357003.75608420,302532,1444.47319000,138090739.52872660,0
1735804800000,95822.01,96876.38,95640.05,96732.99,3181.19751,1735819199999,306653574.56742960,342027,1554.67318000,149849866.28510710,0
1735819200000,96733.0,97440.91,95924.6,96455.01,6594.73113,1735833599999,637866982.14924280,858261,3136.40820000,303392758.69397990,0
1735833600000,96455.01,97777.0,96040.04,97317.74,4552.1019,1735847999999,441767377.82209480,1162010,2274.47130000,220689492.78414550,0
1735848000000,97317.74,97839.5,96666.66,96984.79,1973.55933,1735862399999,191855185.89697360,482598,910.03401000,88478051.99972680,0
1735862400000,96984.79,97342.44,96650.0,97062.3,1301.75815,1735876799999,126233741.96794960,324186,634.51529000,61532100.71375230,0
1735876800000,97062.3,97066.18,96280.65,96304.0,1511.25736,1735891199999,146051648.35605280,237406,703.72644000,68019494.10996230,0
1735891200000,96304.0,96830.0,96100.01,96757.58,1875.17783,1735905599999,180919062.98653190,246659,1007.50489000,97215278.89105690,0
1735905600000,96757.57,97660.0,96472.43,97521.35,3996.57846,1735919999999,387704332.86302530,843336,1938.46727000,188072151.60890790,0
1735920000000,97521.36,98976.91,97406.54,98592.01,4583.69677,1735934399999,450389538.71959710,863929,2336.40074000,229524128.80718800,0
1735934400000,98592.02,98748.0,98067.99,98174.18,1985.36079,1735948799999,195312443.69763500,335648,847.99334000,83424092.76569140,0
1735948800000,98174.17,98314.15,97800.0,98200.0,1400.83188,1735963199999,137370323.24236150,240037,684.66610000,67141581.70484550,0
1735963200000,98200.01,98350.04,97862.87,98271.88,1220.86223,1735977599999,119790484.23623630,183341,651.42246000,63919705.63002930,0
1735977600000,98271.87,98306.22,97532.58,97889.39,1585.26406,1735991999999,155101352.47979750,236257,787.81353000,77077603.20546410,0
1735992000000,97889.4,98152.02,97514.79,97657.94,1867.22331,1736006399999,182704783.54343630,377169,858.52860000,84014804.62264510,0
1736006400000,97657.95,98350.0,97549.99,98166.26,1394.26571,1736020799999,136470660.80869760,270117,643.46729000,63001830.23370310,0
1736020800000,98166.26,98778.43,98143.2,98220.5,1521.60932,1736035199999,149786147.32483110,253061,724.90423000,71369188.73386680,0
1736035200000,98220.51,98391.59,98050.0,98187.96,830.57053,1736049599999,81556673.07007310,172949,365.11247000,35851837.97135560,0
1736049600000,98187.97,98522.76,98187.96,98268.77,719.22974,1736063999999,70751744.72066510,132462,364.20019000,35826737.58744060,0
1736064000000,98268.77,98268.78,97600.0,97641.63,1371.38309,1736078399999,134134897.59798880,247106,622.30604000,60864163.73432060,0
1736078400000,97641.62,98281.89,97276.79,98028.98,1867.30793,1736092799999,182518300.46348830,425993,926.14967000,90556711.95648570,0
1736092800000,98028.98,98332.54,97577.46,98079.63,1421.36695,1736107199999,139242129.40163060,328542,630.98693000,61805416.14956270,0
1736107200000,98079.64,98836.85,98024.0,98363.61,1885.77899,1736121599999,185727970.70078650,378747,969.15455000,95450473.06943840,0
1736121600000,98363.61,99333.0,97920.0,99037.57,3197.2233,1736135999999,315895449.56923820,694757,1725.86053000,170575197.96096010,0
1736136000000,99037.57,99892.0,99037.57,99318.7,2944.63327,1736150399999,293018931.25505080,433349,1521.23552000,151394164.71199110,0
1736150400000,99318.7,99625.69,98709.28,99259.99,2315.45844,1736164799999,229469043.20464170,376785,967.23999000,95843453.36143740,0
1736164800000,99259.99,102468.92,98711.94,102147.95,8408.22358,1736179199999,845685965.41393960,1259832,4391.20864000,441878359.82632940,0
1736179200000,102147.95,102480.0,101250.0,101817.22,5128.12803,1736193599999,522864894.93321740,712827,2358.39910000,240486204.55913070,0
1736193600000,101817.22,102329.98,101600.05,102235.6,3269.76713,1736207999999,333627404.40105570,376152,1575.65156000,160765879.04640750,0
1736208000000,102235.6,102724.38,101512.91,101708.08,2357.41538,1736222399999,240463473.86549420,345085,1228.20442000,125331359.67327520,0
1736222400000,101708.09,102015.01,101582.79,101664.81,1492.76799,1736236799999,151919376.88977390,182744,598.66607000,60931051.68959340,0
1736236800000,101664.81,101995.64,100472.45,100830.86,3234.87532,1736251199999,327699981.93317630,402272,1289.85209000,130687456.36716910,0
1736251200000,100830.86,100960.06,97153.5,97952.26,12652.02745,1736265599999,1254027026.32587290,1333042,5751.79667000,570161150.60576540,0
1736265600000,97952.26,98347.81,96323.67,96451.98,7820.91705,1736279999999,761030197.88631970,1513765,3645.36806000,354713827.23186280,0
1736280000000,96451.99,97220.76,96181.81,96954.61,4501.87218,1736294399999,435281602.81659890,703654,2301.22722000,222511204.13786860,0
1736294400000,96954.6,97268.65,96216.83,96525.2,3503.85267,1736308799999,339257173.91598020,482373,1569.69222000,152049849.40811280,0
1736308800000,96525.2,96654.61,95250.76,95657.09,5008.27213,1736323199999,480489861.92776030,619633,2250.22365000,215905529.96609100,0
1736323200000,95657.09,96132.47,94543.86,95134.92,4080.06431,1736337599999,389610731.83360580,581333,1980.54257000,189187528.57567970,0
1736337600000,95134.92,96079.32,94624.43,95493.77,7524.11163,1736351999999,716981163.15374910,1397302,3759.25918000,358282628.18829710,0
1736352000000,95493.77,95555.25,92500.9,94243.89,10263.38282,1736366399999,965498563.79830870,1494081,4561.12953000,429384153.70033480,0
1736366400000,94243.89,95310.94,93600.0,95060.61,3324.99538,1736380799999,314011586.48355790,596486,1683.00376000,158981638.86079310,0
1736380800000,95060.61,95382.32,93422.89,94027.9,5419.68508,1736395199999,511797137.37081590,668839,2462.46749000,232572124.89109580,0
1736395200000,94027.91,94618.63,93186.38,93221.59,2824.32014,1736409599999,265421770.98770460,420090,1166.58589000,109650483.29299980,0
1736409600000,93221.59,93877.46,92750.0,93465.23,4574.38662,1736423999999,426677206.50983540,805632,2084.46591000,194484670.72531650,0
1736424000000,93465.23,94588.23,91800.0,94244.02,9108.35063,1736438399999,845499612.32299690,1341760,4145.84237000,385114269.54410990,0
1736438400000,94244.02,94685.25,91900.01,91909.59,6624.66398,1736452799999,617221473.14030300,1388224,2833.79460000,264037266.96667850,0
1736452800000,91909.59,92720.67,91203.67,92552.49,5993.4304,1736467199999,551052686.91374210,1402616,2630.47037000,241953336.85256070,0
1736467200000,92552.49,93727.83,92431.73,93696.13,2928.04066,1736481599999,272612987.79266040,848374,1458.01303000,135751604.42816670,0
1736481600000,93696.13,95000.0,93500.0,94492.63,3602.28378,1736495999999,339244219.84147940,730052,1932.51587000,182070032.12795980,0
1736496000000,94492.62,95293.4,94388.5,95073.95,2846.56733,1736510399999,269914841.78548520,506179,1438.31037000,136395973.81470330,0
1736510400000,95073.95,95117.26,92206.02,93730.92,12008.10901,1736524799999,1124971482.33220120,1781023,5861.98546000,549120607.75884720,0
1736524800000,93730.93,95836.0,93177.4,95327.06,7960.59139,1736539199999,752651558.85087540,1279296,3864.59905000,365675081.32782960,0
1736539200000,95327.07,95442.15,94586.02,94726.11,2137.27207,1736553599999,202690252.68100200,386520,1062.01445000,100698246.19962060,0
1736553600000,94726.1,94746.37,94106.49,94206.95,1275.83371,1736567999999,120445544.19854920,315820,588.43177000,55547165.90951910,0
1736568000000,94206.96,94441.87,93831.73,94246.36,989.55966,1736582399999,93181014.70704100,220752,431.76133000,40657844.74235410,0
1736582400000,94246.36,94791.67,94031.22,94625.65,1009.69139,1736596799999,95312702.70519750,207691,497.35693000,46956708.96492760,0
1736596800000,94625.66,94655.2,94307.25,94410.26,891.77961,1736611199999,84270107.74278170,239883,424.01892000,40068967.43547660,0
1736611200000,94410.26,94708.12,93984.55,94249.26,1016.34928,1736625599999,95825659.65552880,226793,513.10535000,48386336.61210410,0
1736625600000,94249.27,95050.94,94200.89,94599.99,1864.69065,1736639999999,176650965.92391180,285252,957.70241000,90729953.77107380,0
1736640000000,94599.99,94699.0,94296.99,94622.4,984.48539,1736654399999,93045336.97991240,198430,468.08966000,44244390.98739350,0
1736654400000,94622.4,94650.0,94274.01,94323.85,555.17676,1736668799999,52458725.93295320,126922,224.64780000,21229028.21489190,0
1736668800000,94323.85,94393.57,93711.19,94255.1,1542.32088,1736683199999,145067614.94075700,229038,656.66088000,61763428.28269250,0
1736683200000,94255.1,95450.1,94173.48,95071.9,2128.13742,1736697599999,201693817.50111730,411980,1106.51656000,104875638.52049000,0
1736697600000,95071.91,95314.12,94578.54,94650.26,1321.59389,1736711999999,125500228.39826190,283315,549.55496000,52212984.56239000,0
1736712000000,94650.26,94800.0,93800.0,94545.06,2075.15188,1736726399999,195513105.90539310,409178,1022.86045000,96366299.35058480,0
1736726400000,94545.07,95940.0,93899.99,94269.23,3486.55763,1736740799999,330514175.94491940,810900,1815.93248000,172167049.86486350,0
1736740800000,94269.23,94913.03,93281.0,93590.24,2651.8386,1736755199999,249136072.70694110,498234,1222.33926000,114857877.61899640,0
1736755200000,93590.24,93661.55,90833.12,90851.22,10070.64435,1736769599999,926089254.50982220,1172030,4026.01373000,370500627.76442460,0
1736769600000,90851.23,93100.0,89256.69,92123.75,15768.82719,1736783999999,1437569314.91204440,1455142,7134.79577000,650986304.77511300,0
1736784000000,92123.75,92534.1,91250.0,92312.18,5597.12697,1736798399999,514435817.91180160,1048500,2773.78039000,254942080.24710630,0
1736798400000,92312.18,94727.15,91908.2,94536.1,5044.56949,1736812799999,472921498.36192870,756157,2501.01879000,234434238.57910410,0
1736812800000,94536.11,95280.8,94346.22,94861.4,3303.28378,1736827199999,313191800.38866570,503863,1678.27932000,159137352.49207520,0
1736827200000,94861.39,95464.71,94753.42,94864.0,2358.7602,1736841599999,224183402.07139480,314152,1051.46620000,99934914.31030270,0
1736841600000,94863.99,97371.0,94860.11,96548.04,6495.82711,1736855999999,625542908.37070780,812051,3634.07003000,349749772.08301910,0
1736856000000,96548.04,97265.48,95748.93,96471.65,8394.33223,1736870399999,810631997.04860210,1238430,4334.72536000,418776425.71286930,0
1736870400000,96471.65,97088.57,95351.76,96537.8,5134.58254,1736884799999,493970245.51901690,1146111,2536.03475000,243958288.38005670,0
1736884800000,96537.23,96921.13,96152.31,96560.86,2159.83167,1736899199999,208528116.95856310,518316,1014.12050000,97907358.71517300,0
1736899200000,96560.85,97554.63,96500.0,97317.12,3289.96951,1736913599999,319347211.95029080,513651,1626.01698000,157846985.49742000,0
1736913600000,97317.12,97724.96,96750.0,97301.35,3059.85859,1736927999999,297422622.45787550,347656,1233.78748000,119978524.81755680,0
1736928000000,97301.35,97524.0,96521.0,96762.18,2662.70368,1736942399999,258365332.05922920,407760,1086.32910000,105388073.02686910,0
1736942400000,96762.19,99799.98,96539.77,98992.42,11578.95097,1736956799999,1143161072.43155520,1136640,6562.15818000,647736746.33117070,0
1736956800000,98992.42,99990.0,98602.05,99844.9,5037.81977,1736971199999,500127418.71269890,572739,2518.62153000,250116453.08222080,0
1736971200000,99844.91,100681.94,99460.8,100497.35,4880.68927,1736985599999,487818725.27514500,509499,2467.26546000,246661443.55309540,0
1736985600000,100497.35,100866.66,99170.0,99478.03,4764.75349,1736999999999,476172893.79984730,664354,2134.08932000,213349174.13151840,0
1737000000000,99478.04,99921.86,99322.19,99799.99,1971.85838,1737014399999,196467678.72159770,204358,982.80337000,97939333.33897130,0
1737014400000,99800.0,99820.0,98617.55,99158.71,4224.49604,1737028799999,418423185.96260390,417104,2037.05117000,201799158.69500290,0
1737028800000,99158.7,99517.93,97335.13,99296.17,7952.93002,1737043199999,783261505.83378130,1154314,4055.71521000,399506566.77738130,0
1737043200000,99296.17,100448.72,99079.05,100417.2,5345.71609,1737057599999,532943215.25275020,852624,2684.14243000,267619929.57689500,0
1737057600000,100417.2,100641.99,99377.0,99987.3,3573.09915,1737071999999,357893561.06921870,470001,1619.73557000,162248459.10755960,0
1737072000000,99987.3,102148.13,99950.77,101051.73,6891.54414,1737086399999,697557581.18299540,695273,3919.83921000,396786804.85262280,0
1737086400000,101051.73,101899.49,100952.1,101440.5,3198.4853,1737100799999,324541656.15943990,310610,1624.59857000,164839897.63166000,0
1737100800000,101440.51,102581.45,101439.77,102237.6,5380.48317,1737115199999,549200565.27122210,481422,3053.91502000,311714627.85537250,0
1737115200000,102237.6,104254.19,102195.9,104000.0,9298.37508,1737129599999,959872394.44158110,982160,5032.82135000,519611690.39647410,0
1737129600000,104000.0,105865.22,103841.18,105834.93,9336.85365,1737143999999,978568853.46073750,916646,4781.79054000,501230640.63307220,0
1737144000000,105834.93,105847.02,104065.25,104077.48,5066.11158,1737158399999,531252934.95907080,500796,2260.24831000,237039631.83564460,0
1737158400000,104077.47,104656.87,103000.25,103559.82,3518.82558,1737172799999,366181482.30737670,419493,1448.45302000,150754359.77295750,0
1737172800000,103559.82,103771.21,102602.48,102821.75,4937.1314,1737187199999,509713077.70560150,567929,2331.87639000,240755930.03301990,0
1737187200000,102821.75,103883.01,102277.55,103589.29,4114.11548,1737201599999,424073960.33757870,569582,2061.02003000,212480749.13062200,0
1737201600000,103589.29,104988.88,103107.65,104568.96,5002.17801,1737215999999,520536474.69134130,683975,2588.46307000,269411361.82202800,0
1737216000000,104568.96,104719.29,103156.02,104382.01,4197.15572,1737230399999,436512525.13271820,770372,1955.36254000,203373399.57850180,0
1737230400000,104382.0,104750.0,103765.44,104556.23,2538.42379,1737244799999,264504599.20490890,391811,1222.33769000,127395128.03768270,0
1737244800000,104556.23,105458.55,104013.51,104984.01,3271.33432,1737259199999,342660024.04054450,418015,1667.36504000,174675629.65932880,0
1737259200000,104984.01,105634.78,104191.19,105167.12,4785.51322,1737273599999,502755998.09368970,527034,2400.36543000,252231739.95774800,0
1737273600000,105167.11,105496.03,103450.69,104363.23,7895.87414,1737287999999,825934770.71020660,964775,3716.41871000,388880069.28356400,0
1737288000000,104363.24,105706.48,104300.75,104936.35,6026.11475,1737302399999,632382626.81679630,807014,2835.78497000,297618654.18865820,0
1737302400000,104936.35,106200.74,104520.01,106200.0,3579.79556,1737316799999,376382047.45952570,398855,2070.73978000,217814847.29767760,0
1737316800000,106200.0,106422.43,99651.6,101331.57,17838.65099,1737331199999,1833308504.28948930,2156227,8388.83689000,862049830.61496790,0
1737331200000,101331.57,102321.42,99550.0,101891.93,13939.26024,1737345599999,1405745413.87599460,1994285,6650.87333000,670601022.98139840,0
1737345600000,101891.94,109588.0,101535.28,107120.65,21204.587662,1737359999999,2268072181.02357580,2199403,11490.02110200,1228517818.65402440,0
1737360000000,107120.65,109193.23,107093.33,108239.19,9010.89785,1737374399999,975145803.37044520,1133460,4531.98747000,490439141.58658340,0
1737374400000,108239.19,108700.01,104480.0,104957.99,13711.24313,1737388799999,1465114024.95911540,1995206,6713.79641000,717717195.27548430,0
1737388800000,104957.99,107050.0,100333.0,103691.63,25962.9026,1737403199999,2696889917.60301240,3173856,12744.21565000,1324964888.62276360,0
1737403200000,103691.64,104331.0,101701.01,102260.01,5700.34025,1737417599999,587819723.48857160,1101727,2639.63553000,272213187.39512840,0
1737417600000,102260.0,103260.1,100119.04,102936.01,10133.69299,1737431999999,1032121114.98765130,1587896,5116.56021000,521411061.06601150,0
1737432000000,102936.01,102974.14,101111.68,101989.05,5400.15858,1737446399999,550979455.00628700,881714,2735.48557000,279092164.92272080,0
1737446400000,101989.06,103973.02,101740.82,103758.25,6235.66073,1737460799999,641480633.68118350,830654,3051.16335000,314052803.69796530,0
1737460800000,103758.25,105320.0,102803.43,103943.0,9899.25066,1737475199999,1029460867.07758390,1387815,4940.91630000,513901362.20144950,0
1737475200000,103942.99,107240.81,103822.02,107031.34,9757.23378,1737489599999,1034437933.99261100,1399062,5082.92047000,538794870.73136450,0
1737489600000,107031.34,107199.99,105420.0,106143.82,4515.02328,1737503999999,480032253.41118460,755839,2299.98151000,244601995.89320720,0
1737504000000,106143.82,106394.46,105448.99,105600.01,3019.25833,1737518399999,319666599.09080450,535129,1389.42513000,147113246.86979670,0
1737518400000,105600.01,105952.0,105043.88,105084.77,2894.59275,1737532799999,305453369.52764100,412096,1284.09998000,135531256.91602440,0
1737532800000,105084.77,105464.83,104647.75,105100.39,3008.01462,1737547199999,315901593.00725690,485074,1311.00798000,137685823.20700520,0
1737547200000,105100.38,105584.23,103662.58,104180.01,6007.84866,1737561599999,627899413.19117670,1210571,2854.80869000,298392068.38240760,0
1737561600000,104180.01,104754.64,103339.12,104630.0,4362.47109,1737575999999,454226377.51700760,1054260,2223.35088000,231556473.09916840,0
1737576000000,104630.0,104830.12,103611.66,103706.66,2956.50709,1737590399999,307997288.32469200,666905,1438.90040000,149894463.51325610,0
1737590400000,103706.66,103819.99,102100.0,102461.25,4960.28164,1737604799999,510050641.84911350,670198,2250.75369000,231466178.07294740,0
1737604800000,102461.24,102968.31,101575.5,102710.27,3922.18053,1737619199999,401074797.10729680,586937,1914.78804000,195901929.05110220,0
1737619200000,102710.28,102724.94,101262.28,101944.49,3213.96175,1737633599999,327750359.44827690,579337,1525.31921000,155577360.40103120,0
1737633600000,101944.5,106050.86,101281.62,105263.52,17241.02811,1737647999999,1793739429.29719920,1931073,8847.54680000,920650373.67336740,0
1737648000000,105263.52,106850.0,103399.98,103770.04,10175.26517,1737662399999,1073142531.41948970,1418924,5035.72279000,531266562.11611780,0
1737662400000,103770.05,106421.03,102195.7,103910.34,14440.40311,1737676799999,1505003089.01026230,1774914,7471.79593000,778962547.25731750,0
1737676800000,103910.35,104298.0,102750.0,103891.75,3785.23369,1737691199999,391922831.88092430,708199,1842.91148000,190816880.76215210,0
1737691200000,103891.75,105355.0,103804.77,105046.8,3142.49691,1737705599999,329147151.32635570,691715,1648.31953000,172648699.10590380,0
1737705600000,105046.79,105759.0,104922.41,105420.1,2980.3942,1737719999999,313980597.47229260,569422,1485.28350000,156462712.32149460,0
1737720000000,105420.11,106321.66,104669.17,105859.98,4922.31503,1737734399999,519530559.95371320,1118989,2524.75366000,266523147.39787880,0
1737734400000,105859.99,107120.0,105589.0,105760.94,5483.37032,1737748799999,582989986.38644770,1070374,2868.44460000,305061794.81854090,0
1737748800000,105760.93,105781.0,104456.89,104870.5,3295.43002,1737763199999,346247447.35401450,640187,1523.74773000,160087788.94249840,0
1737763200000,104870.51,105280.82,104361.89,105202.4,2029.85839,1737777599999,212495941.13405540,360315,1056.10863000,110577690.91128550,0
1737777600000,105202.4,105202.4,104216.81,104385.98,1407.20452,1737791999999,147074140.74655580,303337,628.59821000,65700799.74244880,0
1737792000000,104385.99,104700.01,104106.09,104670.99,1254.5969,1737806399999,130965373.63469070,269678,642.19831000,67043469.45474250,0
1737806400000,104670.99,105111.11,104456.0,104897.79,1464.11662,1737820799999,153367905.42902980,315327,744.56623000,77996684.97243080,0
1737820800000,104897.79,105286.52,104449.75,105055.16,1831.57775,1737835199999,192089815.97415400,320857,880.85974000,92379151.77512860,0
1737835200000,105055.16,105250.0,104696.0,104746.85,1080.96959,1737849599999,113518354.43931600,201251,510.27326000,53587199.52006040,0
1737849600000,104746.86,105273.24,104503.7,105062.42,1315.60742,1737863999999,137839074.25116260,227337,724.13740000,75881803.85400680,0
1737864000000,105062.41,105500.0,104950.0,104998.35,1228.94709,1737878399999,129179950.27059790,212403,631.98094000,66436142.28571150,0
1737878400000,104998.36,105221.36,104444.01,104818.69,1340.56686,1737892799999,140410140.95234640,260160,631.18852000,66122717.88782300,0
1737892800000,104818.68,105126.11,104703.58,104967.01,1136.95799,1737907199999,119295350.30067480,213966,660.62948000,69324710.92690650,0
1737907200000,104967.02,105260.36,104896.0,105081.63,866.43502,1737921599999,91032860.50850760,188842,409.23095000,42999262.60467530,0
1737921600000,105081.64,105200.0,102520.44,102620.0,3923.998,1737935999999,406594989.18826300,710303,1585.00518000,164106452.77702660,0
1737936000000,102620.01,103260.0,100720.53,101395.64,8353.88719,1737950399999,849469493.23898560,1503652,3746.94991000,381105547.03545720,0
1737950400000,101395.64,101399.99,97777.77,99048.02,12651.63419,1737964799999,1259364955.18077890,1576060,5331.19038000,530521483.66481160,0
1737964800000,99048.01,99533.33,98263.49,98761.13,6790.38919,1737979199999,672110256.44378360,1340740,3288.50392000,325545752.86039260,0
1737979200000,98761.12,102317.94,98714.28,101112.03,11346.0746,1737993599999,1145142235.51675100,2235709,5731.24030000,578455374.38269050,0
1737993600000,101112.03,101250.56,98864.0,99700.02,6873.59773,1738007999999,685571475.56688460,1549386,2963.51767000,295535090.77053590,0
1738008000000,99700.01,102405.0,99606.46,102082.83,4742.5512,1738022399999,481227906.88206030,1163363,2467.82215000,250406512.12800600,0
1738022400000,102082.83,102892.0,101334.55,102636.32,3670.23637,1738036799999,374813977.56928790,832457,1748.93323000,178635680.09141620,0
1738036800000,102636.32,103371.24,102527.39,102789.72,2654.45746,1738051199999,273380067.14003550,543027,1298.84369000,133776289.00347820,0
1738051200000,102789.72,103181.82,102393.94,102762.01,2051.60214,1738065599999,210861820.05321970,536553,1007.68147000,103574325.24093060,0
1738065600000,102762.02,103800.0,101815.26,102777.99,5106.451,1738079999999,524846223.68739980,1308769,2629.11583000,270315679.48662600,0
1738080000000,102777.99,103108.0,101820.15,102424.24,4696.05403,1738094399999,481314138.98227910,1247430,2336.89418000,239536873.04054130,0
1738094400000,102424.24,102538.0,100272.68,101335.52,3843.25665,1738108799999,388761096.60398720,960408,1735.17901000,175518803.42899530,0
1738108800000,101335.52,102319.69,101328.01,102038.2,1696.38336,1738123199999,172677997.39803020,469104,779.67881000,79364213.87839980,0
1738123200000,102038.21,102853.53,101955.51,102755.82,1764.20643,1738137599999,180648217.83470150,374651,942.74367000,96549459.96413060,0
1738137600000,102755.81,103000.0,102180.65,102646.0,2209.71378,1738151999999,226744653.08593790,441607,1248.24435000,128088506.23059700,0
1738152000000,102646.0,102842.04,101582.37,101980.78,4382.66276,1738166399999,447568403.73148790,1018611,1969.21848000,201136250.59908050,0
1738166400000,101980.78,103999.0,101400.01,103583.99,7259.9178,1738180799999,745368226.43562920,1569966,3809.68016000,391304331.01852870,0
1738180800000,103584.0,104782.68,102868.0,103733.24,5842.47389,1738195199999,607376196.28634950,1315760,2925.60635000,304193876.12363030,0
1738195200000,103733.25,105300.0,103278.54,105196.0,3876.90317,1738209599999,404868395.65746790,720819,2264.89274000,236621632.63607670,0
1738209600000,105196.0,105595.81,104799.66,105132.07,2795.08494,1738223999999,294033349.06024060,473329,1322.34647000,139127999.13439530,0
1738224000000,105132.07,105534.0,104925.26,105300.63,1690.21583,1738238399999,177890973.32378910,356679,723.71812000,76166603.58970650,0
1738238400000,105300.63,106457.44,104660.0,105564.0,5586.81148,1738252799999,589809189.37079860,1093270,3002.43111000,317086368.64560070,0
1738252800000,105563.99,106013.01,104762.59,105711.27,3142.75313,1738267199999,331428217.42773650,805752,1656.60225000,174736316.33072210,0
1738267200000,105711.28,105821.62,104693.82,104722.94,2282.30617,1738281599999,240082478.67260850,540226,1170.93765000,123194324.65551940,0
1738281600000,104722.94,105029.72,103930.09,104344.46,2510.54787,1738295999999,262206160.63656060,456102,1222.93159000,127744105.59264970,0
1738296000000,104344.46,104814.46,103972.13,104188.56,1868.93867,1738310399999,195018287.89887090,349720,852.02563000,88908296.95557530,0
1738310400000,104188.57,104848.65,103936.54,104736.0,1992.8102,1738324799999,207844013.05026820,402042,1090.95163000,113802528.06394690,0
1738324800000,104736.01,106012.0,104106.0,105464.01,4829.65222,1738339199999,507009250.96699660,851907,2657.78046000,279238684.49203150,0
1738339200000,105464.0,105574.4,102122.0,102312.32,6376.84832,1738353599999,660854891.05833890,1397008,2788.48068000,289087993.06615620,0
1738353600000,102312.31,102482.94,101560.0,102429.56,4404.38465,1738367999999,449241398.58418240,875125,2085.22969000,212704265.95892490,0
1738368000000,102429.56,102783.71,102198.52,102249.19,1810.34285,1738382399999,185582515.13117980,336147,985.25105000,101004713.47610060,0
1738382400000,102249.19,102588.57,102118.56,102166.49,1052.21801,1738396799999,107700928.78735650,228096,511.25891000,52329964.23572390,0
1738396800000,102166.49,102276.99,101412.0,102028.81,2029.14504,1738411199999,206693049.23918200,418187,804.83163000,81975798.68476330,0
1738411200000,102028.82,102329.01,101730.79,102073.89,1704.67519,1738425599999,174005124.68180090,385831,854.36304000,87219460.45685110,0
1738425600000,102073.89,102297.99,101448.0,101669.6,1472.58058,1738439999999,150124193.36005190,389744,644.31801000,65705650.52103400,0
1738440000000,101669.6,101669.6,100279.51,100635.65,4221.9958,1738454399999,426248417.03765860,830781,1825.87067000,184304428.77453820,0
1738454400000,100635.66,101456.6,99148.91,99206.86,4565.34638,1738468799999,457702884.68186960,867109,1812.04487000,181817610.34802570,0
1738468800000,99206.85,100515.99,99031.19,99643.3,3478.78338,1738483199999,347318860.62485420,763506,1613.68791000,161133751.61246740,0
1738483200000,99643.3,100100.0,98645.0,98864.6,4107.2233,1738497599999,408162838.48060780,839920,1667.43656000,165789702.63086880,0
1738497600000,98864.6,99439.05,98157.0,99346.87,5265.38592,1738511999999,520363064.16577740,1014883,2492.83842000,246407417.33448910,0
1738512000000,99346.87,99361.97,96821.54,98273.16,9695.73736,1738526399999,947896583.26520040,2232176,4447.30201000,434938058.66147350,0
1738526400000,98273.17,98628.74,96150.0,97700.59,7507.02305,1738540799999,730640081.36531850,1484745,3553.85692000,345989550.71568880,0
1738540800000,97700.59,97782.79,91231.0,94038.74,29729.4911,1738555199999,2805369829.04628280,3573247,13713.73945000,1294554303.14159800,0
1738555200000,94038.75,95426.63,92646.36,95333.01,7783.318,1738569599999,730761199.63008420,1470890,3931.15903000,369275127.95088950,0
1738569600000,95333.01,95950.68,94799.29,95107.89,6292.62471,1738583999999,600101528.13307870,1227512,2973.77638000,283658939.82129470,0
1738584000000,95107.89,99500.0,94131.14,98842.0,14148.56207,1738598399999,1366477661.69837920,2039763,7136.98752000,689828793.25266380,0
1738598400000,98842.0,101880.0,98038.58,101880.0,10494.44455,1738612799999,1043286149.21264610,1418976,5673.21076000,564279643.20607050,0
1738612800000,101879.99,102500.01,100918.0,101328.52,6716.29807,1738627199999,682592812.99115040,894874,3307.69632000,336248887.10874940,0
1738627200000,101328.51,101732.31,100534.03,100629.7,3827.79756,1738641599999,387102722.89531360,433487,1654.25133000,167321785.89363540,0
1738641600000,100629.7,100764.11,98229.82,98448.02,7495.21052,1738655999999,743682967.59372570,957550,3393.08864000,336486606.85594320,0
1738656000000,98448.01,99445.17,97860.0,98967.7,4539.23391,1738670399999,447617298.45167120,889605,2477.10832000,244304424.14137850,0
1738670400000,98967.7,100415.0,98275.98,99347.19,8422.36725,1738684799999,837153150.47407360,1398359,4007.37158000,398391145.06479210,0
1738684800000,99347.18,100777.93,98778.58,98859.77,6617.95049,1738699199999,658596623.72468500,1272303,3347.60258000,333191026.29387250,0
1738699200000,98859.78,99444.02,96150.0,97763.13,9365.42724,1738713599999,915545881.12546160,1667607,4212.15909000,411762206.11021120,0
1738713600000,97763.14,98930.44,97131.43,98040.0,4039.38442,1738727999999,395840052.17243290,831919,1826.61299000,179003253.71757200,0
1738728000000,98040.01,98332.41,97352.77,97864.43,3233.50156,1738742399999,316415929.84229030,553580,1342.52834000,131410232.11471460,0
1738742400000,97864.43,98256.0,97257.05,98198.0,3128.59694,1738756799999,305995540.81329310,506034,1552.72751000,151841658.01299050,0
1738756800000,98198.0,99149.0,97734.69,98116.24,5192.00486,1738771199999,510707494.17210120,836692,2248.69876000,221320059.84038040,0
1738771200000,98116.24,98277.02,96500.0,97370.0,4822.00148,1738785599999,469607207.06819260,1017892,2181.65918000,212467038.73985770,0
1738785600000,97370.0,97706.37,96155.0,96612.43,5817.81518,1738799999999,563775929.76137520,725646,1880.32496000,182274045.71704370,0
1738800000000,96612.44,97493.07,96430.78,97355.67,2552.15194,1738814399999,247622714.82929900,517373,1290.53705000,125191943.97119700,0
1738814400000,97355.66,98436.61,97273.71,98195.61,2075.46063,1738828799999,203290934.22414060,327823,984.88753000,96446902.68686630,0
1738828800000,98195.6,99120.0,97910.01,98877.99,2729.43375,1738843199999,269205952.96516280,451779,1425.06068000,140577980.95856560,0
1738843200000,98877.99,99040.09,96930.17,97333.09,6201.57209,1738857599999,607804168.41376390,1171515,3009.79054000,295033956.86635000,0
1738857600000,97333.09,97547.71,95676.64,95983.0,6034.55958,1738871999999,582521980.78514230,1090072,2832.16563000,273427219.67018950,0
1738872000000,95982.99,97093.5,95800.0,96554.35,3922.02606,1738886399999,378626170.00005150,684245,1719.08906000,165933635.22284050,0
1738886400000,96554.35,97805.6,96409.65,97444.04,3156.6758,1738900799999,306683262.96264770,619055,1594.53424000,154983909.79080320,0
1738900800000,97444.04,97883.12,96566.0,96757.05,2473.49968,1738915199999,240043155.63233860,507722,1040.39224000,100972483.95119130,0
1738915200000,96757.04,97750.0,96613.24,97750.0,2223.55235,1738929599999,216288865.49178960,399461,1176.73132000,114486996.99903980,0
1738929600000,97749.99,100137.99,97165.51,98283.98,12394.34552,1738943999999,1223798079.54241870,1528584,6029.88821000,595427286.66558440,0
1738944000000,98283.98,98563.55,96856.78,96898.56,6759.22647,1738958399999,660963581.19411040,1201919,3311.01455000,323868959.17251680,0
1738958400000,96898.56,96944.1,95620.34,96506.8,4786.92083,1738972799999,459815489.85052920,755715,2096.79314000,201374951.98071640,0
1738972800000,96506.8,96880.0,96335.42,96699.23,2006.38123,1738987199999,193863659.86909060,368221,747.65370000,72250179.61592190,0
1738987200000,96699.24,96699.24,95785.09,96209.92,1789.48604,1739001599999,172143203.65615860,315437,801.24960000,77077045.95541760,0
1739001600000,96209.92,96293.48,95865.71,96120.0,1164.01705,1739015999999,111824536.41498880,226649,606.74783000,58292972.30074550,0
1739016000000,96120.0,96517.52,95688.0,95843.74,2499.53256,1739030399999,240154119.79110800,349708,1112.10461000,106867736.56145320,0
1739030400000,95843.74,96750.0,95749.88,96579.99,1536.63554,1739044799999,147946201.79306650,302670,801.39721000,77160020.60668860,0
1739044800000,96579.99,96712.0,96358.5,96444.74,1151.19052,1739059199999,111108545.99145060,195207,381.37387000,36804809.86451430,0
1739059200000,96444.75,97300.0,96360.14,97300.0,2064.373,1739073599999,199922569.32051170,304317,1049.37331000,101679341.45699760,0
1739073600000,97299.99,97323.09,96777.77,97057.83,1130.18566,1739087999999,109700343.85909650,186657,554.20512000,53801812.02632900,0
1739088000000,97057.83,97294.46,96509.96,96554.01,1810.78846,1739102399999,175461936.53951440,257198,790.68923000,76619458.64271630,0
1739102400000,96554.01,96703.99,95700.0,96488.15,3215.85687,1739116799999,309537258.18020210,407464,1441.42965000,138796060.35433050,0
1739116800000,96488.14,96567.8,95888.88,96064.74,1504.3182,1739131199999,144760315.22972030,327136,720.67189000,69351794.53086680,0
1739131200000,96064.73,96760.0,94713.0,96462.75,4395.39394,1739145599999,420112729.18175240,810420,2107.35955000,201547131.16403600,0
1739145600000,96462.75,97131.47,95256.0,96814.98,4441.97007,1739159999999,427665815.19767920,858227,2171.24604000,209042943.68437480,0
1739160000000,96814.97,97640.02,96632.81,97429.83,3716.17533,1739174399999,360930695.99973360,511724,1824.81303000,177286940.22630950,0
1739174400000,97429.83,97954.69,97358.79,97661.16,3520.47325,1739188799999,344066791.55797200,385421,1741.32275000,170203635.01509840,0
1739188800000,97661.15,98345.0,96866.66,97218.69,4536.33685,1739203199999,442413669.07113740,815734,2063.04911000,201298613.40592860,0
1739203200000,97218.68,97643.29,96866.39,97376.0,2785.34059,1739217599999,270982603.37416900,619175,1172.50904000,114062553.96482430,0
1739217600000,97376.0,97490.71,97128.79,97430.82,1572.57928,1739231999999,153052477.46809500,285638,634.68332000,61770932.20848350,0
1739232000000,97430.82,98149.92,97416.62,97607.3,2024.92177,1739246399999,198062671.64267370,517016,1025.62614000,100317230.81268920,0
1739246400000,97607.31,98478.42,97558.99,98268.97,2586.68133,1739260799999,254063580.91086120,407323,1172.27019000,115082458.10659110,0
1739260800000,98268.98,98330.0,97885.62,98151.52,1703.70026,1739275199999,167139035.93422180,279844,662.20080000,64970236.19327550,0
1739275200000,98151.51,98158.89,96595.33,97007.53,4245.10245,1739289599999,412484516.14220090,969337,1947.17021000,189213700.63624660,0
1739289600000,97007.54,97045.53,94876.88,95040.82,4884.73711,1739303999999,468375432.50670870,873247,2121.03541000,203301428.40094320,0
1739304000000,95040.81,96512.7,94928.47,95778.2,3202.62087,1739318399999,306409609.24965320,669819,1666.19791000,159435000.72662600,0
1739318400000,95778.21,96263.99,95100.0,95299.27,2407.32134,1739332799999,230476795.90252940,489956,1032.30877000,98826749.30821070,0
1739332800000,95299.28,96188.68,95267.71,96069.58,1939.80551,1739347199999,185796757.15035560,373404,1107.51097000,106106724.55803090,0
1739347200000,96069.58,96469.78,95913.49,96094.65,2296.45775,1739361599999,220887353.12227990,363581,865.52964000,83271161.88553540,0
1739361600000,96094.65,96631.66,94088.23,95816.18,11805.54003,1739375999999,1123671853.41758980,1986948,5459.26660000,519786248.86445010,0
1739376000000,95816.18,97700.0,95120.3,97205.06,6689.55876,1739390399999,647518208.12667310,1058047,3303.85819000,319635165.13402100,0
1739390400000,97205.06,98119.99,96854.97,97869.99,4012.48286,1739404799999,391791200.67493760,720801,2052.23136000,200418207.28988530,0
1739404800000,97870.0,98083.91,97367.45,97498.42,2127.33742,1739419199999,207882415.59245390,404120,899.12101000,87871103.57141430,0
1739419200000,97498.43,97564.83,95800.0,96070.23,3383.93788,1739433599999,326501660.72547370,608209,1480.82660000,142845595.50123370,0
1739433600000,96070.23,96336.0,95599.57,95925.11,3154.64728,1739447999999,302866725.09769960,557117,1240.37193000,119117331.25978860,0
1739448000000,95925.12,96480.06,95336.0,95998.0,5428.60469,1739462399999,520722252.51817950,1095503,2517.76996000,241581123.70332660,0
1739462400000,95998.0,96361.58,95217.36,95627.76,3689.67744,1739476799999,353040155.94994530,797271,1677.17460000,160507173.03758630,0
1739476800000,95627.75,96774.71,95600.0,96608.14,2137.57145,1739491199999,205975036.50836660,447236,1036.89805000,99901240.02058520,0
1739491200000,96608.13,97190.0,96356.41,97129.98,1805.7947,1739505599999,174652922.97567610,309700,868.96502000,84072865.68535150,0
1739505600000,97129.98,97248.6,96561.36,96944.09,1782.53303,1739519999999,172651073.54557330,234558,775.68448000,75141757.13896830,0
1739520000000,96944.09,97196.0,96799.99,96887.56,1758.38512,1739534399999,170577450.28666410,263934,841.45423000,81635598.29709960,0
1739534400000,96887.55,97568.28,96252.82,96924.39,3999.36783,1739548799999,387327436.62603160,766397,1918.94641000,185890680.79515920,0
1739548800000,96924.57,98826.0,96494.17,97940.45,6009.55921,1739563199999,588552572.19392760,1194586,3236.18873000,316966431.28740620,0
1739563200000,97940.44,98264.85,96697.56,97500.48,2817.38657,1739577599999,274311763.24114270,730389,1420.07795000,138218016.44043650,0
1739577600000,97500.47,97972.26,97223.58,97653.19,1506.43225,1739591999999,147063478.64720420,330846,790.85751000,77200666.28482090,0
1739592000000,97653.19,97780.73,97345.5,97346.26,1029.42986,1739606399999,100411749.05430950,211318,410.14656000,40006726.29431270,0
1739606400000,97346.27,97731.09,97301.77,97615.59,874.17838,1739620799999,85267521.47399490,215600,410.73621000,40064205.94048190,0
1739620800000,97615.59,97962.51,97426.57,97633.22,2009.35817,1739635199999,196270566.11374320,389111,1074.57033000,104974945.48284060,0
1739635200000,97633.21,97714.39,97304.38,97531.9,921.83788,1739649599999,89879693.31688360,266360,411.90415000,40158294.47960080,0
1739649600000,97531.91,97741.35,97414.05,97569.66,1008.14029,1739663999999,98352385.17195660,281092,480.92726000,46917939.75192000,0
1739664000000,97569.67,97704.47,97411.11,97547.17,935.38493,1739678399999,91249516.08340200,191250,420.49207000,41020071.07474050,0
1739678400000,97547.17,97682.04,97212.0,97248.98,746.42703,1739692799999,72769664.18979040,135438,310.37773000,30265231.79680860,0
1739692800000,97248.98,97388.89,97061.58,97336.0,1186.96965,1739707199999,115415662.99168550,228479,541.62454000,52667258.91038920,0
1739707200000,97335.99,97336.0,96645.35,96911.01,1883.07426,1739721599999,182639394.86331680,314961,690.75289000,66996837.41245180,0
1739721600000,96911.01,97169.15,96609.05,97058.47,1187.57052,1739735999999,115135554.09096700,315775,677.09558000,65646383.46631760,0
1739736000000,97058.47,97282.38,96046.18,96118.12,2251.99851,1739750399999,217484450.07581150,410798,1079.38782000,104246634.00370900,0
1739750400000,96118.12,96638.05,96023.17,96215.33,1866.57226,1739764799999,179716778.74877830,366104,1051.02135000,101205774.55327200,0
1739764800000,96215.32,96463.2,95800.0,96068.22,2725.98131,1739779199999,262077787.12438450,359463,1146.67474000,110244050.62432990,0
1739779200000,96068.21,96395.68,95937.05,96063.18,2282.57983,1739793599999,219482144.08893790,390760,1098.15845000,105593969.84467250,0
1739793600000,96063.17,97046.59,95564.0,95659.46,4434.60458,1739807999999,427549752.57634840,643328,2323.84043000,224228598.67470990,0
1739808000000,95659.45,95945.49,95205.0,95531.36,3482.13274,1739822399999,332556168.35539260,708588,1606.25600000,153404636.00966030,0
1739822400000,95531.36,96413.43,95488.9,95780.0,1700.17438,1739836799999,163210895.28162610,362994,784.46468000,75302047.42955270,0
1739836800000,95780.01,96322.97,95538.01,96200.0,1602.3437,1739851199999,153826724.56613270,327276,831.77926000,79860419.56458760,0
1739851200000,96200.0,96300.73,95254.12,95456.93,3176.48546,1739865599999,303620783.27923030,556723,1341.23407000,128194344.15475160,0
1739865600000,95456.92,95872.17,95050.0,95640.34,2483.18123,1739879999999,237109495.53324670,448965,1164.45918000,111178581.50733940,0
1739880000000,95640.35,96753.91,95200.0,95546.48,4474.04458,1739894399999,429250731.96603630,992102,2254.51275000,216397194.93100650,0
1739894400000,95546.49,95633.15,93388.09,94104.14,6846.15491,1739908799999,645845478.32670800,1203263,2983.04591000,281283853.60395930,0
1739908800000,94104.15,95685.0,93730.72,95671.74,4785.98483,1739923199999,454341589.22065120,705919,2857.44250000,271404839.76034530,0
1739923200000,95671.74,95961.54,95055.0,95710.26,2158.62817,1739937599999,206273639.24275620,432282,1041.18405000,99500326.12669350,0
1739937600000,95710.25,95846.15,95029.99,95687.71,3441.18957,1739951999999,327989757.39184430,356639,1117.64679000,106585374.66285210,0
1739952000000,95687.71,96468.99,95616.6,96422.6,2411.90713,1739966399999,231787778.45599120,315193,1023.28957000,98372044.77529240,0
1739966400000,96422.6,96700.0,95536.36,95943.74,3550.14153,1739980799999,341466889.63943070,738586,1440.41741000,138567412.98576000,0
1739980800000,95943.74,96480.0,95407.41,96206.54,2763.82004,1739995199999,265520050.71826450,579684,1390.18984000,133601640.09767460,0
1739995200000,96206.54,96899.99,96058.38,96644.37,2112.8231,1740009599999,203779456.65496360,361841,1160.89041000,111960121.32765330,0
1740009600000,96644.37,97362.83,96415.09,97055.25,2723.25483,1740023999999,263935131.31744950,341429,1286.00508000,124643707.51160100,0
1740024000000,97055.24,97339.11,96781.57,96867.92,2341.17162,1740038399999,227251082.87657400,227894,1004.80357000,97529901.75618880,0
1740038400000,96867.92,97384.03,96801.61,97207.92,1589.77673,1740052799999,154479079.38653580,199450,825.17126000,80180454.05672210,0
1740052800000,97207.93,98062.15,96799.42,96903.77,4401.17328,1740067199999,428800120.41599740,692782,2242.09611000,218545774.85858830,0
1740067200000,96903.76,98518.0,96888.0,98422.8,3819.64673,1740081599999,374283360.68575070,561382,1939.14070000,189958105.42841850,0
1740081600000,98422.8,98711.36,98000.0,98305.0,2182.36858,1740095999999,214638050.04924320,364036,1059.21187000,104198670.56230830,0
1740096000000,98305.01,98505.0,98084.06,98141.99,2303.6398,1740110399999,226315585.99387910,298397,910.31352000,89439500.46143670,0
1740110400000,98141.99,98610.17,98117.73,98179.76,2056.48148,1740124799999,202212005.34658910,212965,982.07350000,96599492.46495490,0
1740124800000,98179.77,98896.81,98111.11,98629.3,3470.69828,1740139199999,341874391.39129790,427453,1920.32676000,189183896.09575780,0
1740139200000,98629.31,99475.0,97177.31,98104.04,8919.82124,1740153599999,878429034.72341600,1367542,4249.34147000,418733026.42045670,0
1740153600000,98104.04,98757.0,95247.15,95285.11,9442.11583,1740167999999,917491073.60871120,1438523,4170.22673000,405478846.20416090,0
1740168000000,95285.11,96202.68,94871.95,96181.98,6056.52477,1740182399999,577653826.50957090,783645,3081.29986000,293968885.20153570,0
1740182400000,96181.99,96455.97,95770.49,96299.07,2247.9764,1740196799999,216217677.79939190,288454,1054.29296000,101417292.63848810,0
1740196800000,96299.08,96578.99,96273.85,96288.09,1394.90999,1740211199999,134508164.92675040,216832,647.44314000,62432086.61117340,0
1740211200000,96288.09,96611.53,96151.0,96580.0,2059.63477,1740225599999,198546301.79949170,266309,1005.26368000,96932078.12493810,0
1740225600000,96580.0,96980.0,96485.37,96592.0,2290.85469,1740239999999,221446270.37240360,294675,1007.67514000,97416537.59345290,0
1740240000000,96592.01,96823.53,96345.49,96639.99,2305.94545,1740254399999,222767492.39082120,278445,1052.48588000,101702247.33110870,0
1740254400000,96640.0,96700.0,96472.22,96551.01,968.85578,1740268799999,93591226.53377760,161703,526.11971000,50822652.86838140,0
1740268800000,96551.01,96650.0,96355.17,96414.0,1326.63672,1740283199999,128002544.66236580,180142,490.22036000,47299694.91977830,0
1740283200000,96414.0,96558.01,96143.99,96508.85,1245.52389,1740297599999,120004215.12899820,181372,541.23161000,52149853.41013580,0
1740297600000,96508.85,96508.86,96083.33,96115.99,1223.25286,1740311999999,117737504.60350730,168027,624.55934000,60117953.51208220,0
1740312000000,96115.99,96158.5,95414.25,95436.18,2752.94714,1740326399999,263641357.17108390,403896,992.35275000,95053195.80692900,0
1740326400000,95436.19,95876.0,95227.94,95755.99,2646.03752,1740340799999,252935581.74016410,270975,1007.05233000,96274066.50760140,0
1740340800000,95756.0,96332.44,95522.78,96258.0,1690.451,1740355199999,162070808.48490480,252956,964.51628000,92487220.25449880,0
1740355200000,96258.0,96500.0,95311.0,95433.21,2641.40258,1740369599999,253505786.36455340,509453,1227.04990000,117827068.24199040,0
1740369600000,95433.21,95945.0,95078.01,95872.02,3077.64753,1740383999999,294041671.12951900,401979,1634.33095000,156171549.95668490,0
1740384000000,95872.02,96177.18,95355.0,95821.45,3284.07984,1740398399999,314224781.81584300,462756,1644.57347000,157422238.24001720,0
1740398400000,95821.45,96095.32,93817.06,94323.95,7573.60951,1740412799999,718973922.50069910,1110152,3316.64404000,315016513.70243210,0
1740412800000,94323.95,95194.59,93666.22,93943.51,5598.80012,1740427199999,529308266.83929080,1075367,2653.78597000,250928937.40916730,0
1740427200000,93943.52,94571.43,91349.26,91552.88,9374.56341,1740441599999,871755166.79547140,1412977,3962.24933000,369107260.32448120,0
1740441600000,91552.88,92540.69,90912.01,92153.93,8746.45217,1740455999999,803286837.06092820,1561887,4240.86391000,389700351.64189160,0
1740456000000,92153.93,92327.88,88200.0,89320.01,14740.56517,1740470399999,1330292809.04583160,1685478,6084.01214000,548650888.11737090,0
1740470400000,89320.01,90000.0,86888.1,89239.39,17685.20523,1740484799999,1566811967.62690150,2213686,7651.63664000,678208527.33435860,0
1740484800000,89239.39,89544.4,86050.99,87231.26,18057.2139,1740499199999,1586803172.80306450,2183289,8126.63836000,714233779.02768180,0
1740499200000,87231.63,88065.45,86157.69,87947.25,10667.84575,1740513599999,929129846.67234820,1623524,5097.94597000,444186100.52418520,0
1740513600000,87947.24,89460.17,87622.64,88680.4,8435.82889,1740527999999,746657867.69539990,1021281,4621.05573000,409001724.82956210,0
1740528000000,88680.39,89414.15,88148.48,88900.0,3505.34849,1740542399999,310860771.48768360,635478,1752.76631000,155456845.83966870,0
1740542400000,88900.01,89245.29,88392.45,88720.02,3843.49941,1740556799999,341339770.78989640,588500,1711.66371000,152022516.88549330,0
1740556800000,88720.01,89314.45,88138.0,88616.8,4175.40587,1740571199999,370998922.98314340,579538,2240.91933000,199141433.59565160,0
1740571200000,88616.8,88674.0,85418.72,87567.53,13226.48272,1740585599999,1153244254.51963820,2121504,6516.71603000,568489525.70677760,0
1740585600000,87567.53,87806.62,83418.0,83856.99,17635.66389,1740599999999,1503322143.70208760,2551859,8671.78193000,738674433.56372490,0
1740600000000,83856.98,85400.0,82256.01,84250.09,14507.14371,1740614399999,1218664062.15402690,2013127,7183.33719000,603906093.22767110,0
1740614400000,84250.09,85466.55,84026.96,85226.32,6905.3983,1740628799999,584665941.51616820,1107289,3518.95373000,298020258.70863410,0
1740628800000,85226.32,86737.0,84694.29,86272.01,5489.64417,1740643199999,470746895.09742610,880940,2871.39865000,246268219.50435710,0
1740643200000,86272.01,87078.46,85846.87,86698.6,4102.58827,1740657599999,354429736.86508280,773031,2188.26602000,189085662.58376700,0
1740657600000,86698.6,86795.9,84640.75,85500.84,12382.79075,1740671999999,1062087200.21967240,1448749,4864.42679000,417420710.30080460,0
1740672000000,85500.84,85691.51,83614.75,84113.98,6757.93459,1740686399999,571788761.03984720,1142695,3294.63734000,278787911.53969830,0
1740686400000,84113.98,84927.84,82716.49,84708.58,6867.09831,1740700799999,575020356.48396560,1004877,3618.03716000,303143150.64450170,0
1740700800000,84708.57,84892.85,79532.0,80452.44,24103.21319,1740715199999,1961371495.37911580,2426905,10934.79793000,889776130.54978110,0
1740715200000,80452.89,80969.69,78820.06,79204.59,17998.86851,1740729599999,1435425445.90251880,2483996,8767.67546000,699267307.27358530,0
1740729600000,79204.6,80854.46,78258.52,80513.38,11953.82317,1740743999999,951396814.48349550,1744338,5777.87957000,460161041.13421200,0
1740744000000,80512.97,84425.89,80075.47,84005.05,15625.08311,1740758399999,1283306185.94545560,2246726,8060.02739000,662390396.40186080,0
1740758400000,84005.05,85120.0,83196.71,84449.99,9640.81267,1740772799999,811199019.22314360,1566887,4616.06656000,388658047.03161150,0
1740772800000,84450.0,84795.03,83600.0,84349.94,4326.23904,1740787199999,364006275.75694940,875364,2068.40596000,174038253.41934900,0
1740787200000,84349.95,85678.11,83824.78,85330.84,5097.79792,1740801599999,432255124.29894670,779615,2846.31060000,241407664.14759400,0
1740801600000,85330.83,86558.0,84740.15,84740.15,7178.39161,1740815999999,612852118.48876350,647986,2899.04181000,247938707.99566650,0
1740816000000,84740.16,85508.79,84382.62,84632.79,4837.66151,1740830399999,411040485.73029420,570102,1869.16745000,158864682.95380720,0
1740830400000,84632.79,84943.08,84334.39,84800.0,3556.79693,1740844799999,300908807.19906860,638980,1539.03928000,130188729.09277360,0
1740844800000,84800.01,85591.84,84700.0,85485.41,2835.4461,1740859199999,241404413.91755860,593117,1428.52351000,121619145.80267950,0
1740859200000,85485.41,86262.74,85285.88,86064.53,2278.96057,1740873599999,195542558.21801120,470928,1166.02504000,100074892.54583170,0
1740873600000,86064.54,86498.0,85611.79,85873.07,2403.83782,1740887999999,206904091.57222020,607596,1273.71276000,109660742.08582400,0
1740888000000,85873.06,86589.97,85531.87,86232.42,2216.14356,1740902399999,190629766.45755670,459623,964.68191000,83018920.16165980,0
1740902400000,86232.42,86263.23,85633.13,86105.89,2080.95926,1740916799999,178786796.66597560,445065,1117.21401000,95986163.06873630,0
1740916800000,86105.88,88673.09,85050.6,87427.99,9943.16012,1740931199999,863739869.61125000,1346646,5324.10407000,462790849.06619100,0
1740931200000,87428.0,95000.0,87278.51,93522.0,30318.42056,1740945599999,2785859811.78778350,3314569,16172.36441000,1485025307.05978230,0
1740945600000,93522.01,94883.51,93502.0,94270.0,7926.56913,1740959999999,746629179.69388270,1229719,4421.73315000,416491459.71234560,0
1740960000000,94269.99,94416.46,92433.5,92709.98,6622.76466,1740974399999,616988957.24103530,1133054,3083.84256000,287329830.72043160,0
1740974400000,92709.98,93361.46,91181.0,92363.58,5852.51871,1740988799999,540692444.83986990,996850,2860.35084000,264514438.45572070,0
1740988800000,92363.58,92917.99,91142.0,92739.99,6314.25279,1741003199999,580755570.98784140,1297718,3166.45649000,291366466.18390100,0
1741003200000,92740.0,93721.37,89117.0,90035.37,14548.25192,1741017599999,1326841670.61199920,2297836,7005.74489000,639396573.20217250,0
1741017600000,90035.38,91000.0,85555.45,85606.0,16115.70068,1741031999999,1420289728.63859080,2400141,7277.96748000,641940593.82668870,0
1741032000000,85606.01,87038.46,85117.11,86220.61,9717.61342,1741046399999,835555371.15258650,1672261,4521.07424000,388916668.96799650,0
1741046400000,86221.16,86807.98,82464.84,83983.72,13267.80873,1741060799999,1115801190.02150940,2325940,5942.98099000,499711607.71187330,0
1741060800000,83983.73,84581.6,83140.0,83186.4,4955.79624,1741075199999,415291194.17519640,1204019,2436.39654000,204227160.61477010,0
1741075200000,83186.4,84373.84,83040.29,83937.94,4466.29804,1741089599999,374102017.59080130,970008,2388.99140000,200118731.03268090,0
1741089600000,83937.93,84977.65,81500.0,82985.06,14268.19869,1741103999999,1187922265.98457760,2522718,6904.79006000,575059958.65668540,0
1741104000000,82985.05,88487.91,82013.11,88206.19,12128.06081,1741118399999,1039161849.65260600,2151142,6901.30881000,591661424.18107130,0
1741118400000,88206.19,88967.52,86582.27,87281.98,6522.94455,1741132799999,572622702.16574490,1152804,3010.24810000,264308414.04220590,0
1741132800000,87281.98,87888.88,86334.53,86843.4,4769.77721,1741147199999,416007831.19976280,1051615,2127.48154000,185641338.69446830,0
1741147200000,86843.4,87727.27,86722.81,87619.49,3883.84662,1741161599999,338614873.25758680,652697,1838.99587000,160421821.43541900,0
1741161600000,87619.49,90660.0,87600.0,89814.26,6751.29829,1741175999999,602711073.96440130,1352777,3895.08645000,347621256.71785720,0
1741176000000,89814.26,90933.82,87926.06,88344.25,12224.27232,1741190399999,1092645400.24767400,2431645,5719.54064000,511266843.72282860,0
1741190400000,88344.25,90475.3,87600.0,89750.0,7755.99208,1741204799999,690206057.57019410,1830132,4114.65231000,366097300.28075350,0
1741204800000,89750.0,91000.0,89677.8,90606.01,2878.82511,1741219199999,260058434.06535660,751400,1534.52755000,138660176.61856690,0
1741219200000,90606.0,92025.0,89986.73,91605.01,5338.79627,1741233599999,486909085.97532540,1436695,2823.60178000,257602368.41269010,0
1741233600000,91605.02,92810.64,91265.96,91346.48,4492.39994,1741247999999,413824515.71078640,985352,2347.64789000,216297720.84848910,0
1741248000000,91346.49,91667.5,90613.17,91350.0,3894.92912,1741262399999,355168531.26326660,907033,1958.62683000,178632833.67715910,0
1741262400000,91350.0,91457.03,89117.68,90820.69,8433.9883,1741276799999,760715037.87534980,1914737,4146.23274000,373984475.33371410,0
1741276800000,90820.69,91066.44,87836.0,88526.18,7147.7059,1741291199999,636427373.62372740,1518177,3375.67059000,300600992.03952970,0
1741291200000,88526.23,90781.2,88461.22,89931.89,5034.62949,1741305599999,452101083.95094360,881532,2632.21428000,236308136.11741130,0
1741305600000,89931.88,91283.02,84667.03,86991.25,18693.33541,1741319999999,1632226867.76216930,2527012,8896.71896000,777528430.66654590,0
1741320000000,86991.26,88612.96,86857.14,88365.18,3950.73454,1741334399999,347661492.37318340,755378,2045.83361000,180029086.20228250,0
1741334400000,88365.19,89704.0,87985.3,88966.96,3368.87599,1741348799999,299413097.32912240,694513,1735.10994000,154275498.34901110,0
1741348800000,88966.96,91100.0,88022.47,88457.99,12333.35824,1741363199999,1103812785.08450280,2026840,6080.78937000,544406946.56924360,0
1741363200000,88457.99,89023.41,86554.77,87820.1,11414.32329,1741377599999,1001701963.69183880,2034186,5865.01224000,514571370.53113840,0
1741377600000,87820.09,88511.0,85573.07,86801.75,8219.72966,1741391999999,712738620.37234100,1472513,3770.95125000,327111068.13222310,0
1741392000000,86801.74,86897.25,85218.47,85919.12,3430.23845,1741406399999,295380931.38641720,663262,1602.41483000,138031004.74835120,0
1741406400000,85919.12,86662.0,85653.66,86197.14,1971.12967,1741420799999,170149556.79907850,373217,1090.56829000,94143111.39751710,0
1741420800000,86197.14,86450.01,85762.72,85955.88,1775.33163,1741435199999,152831100.14211550,392784,791.73173000,68169999.36521810,0
1741435200000,85955.89,86627.51,85808.82,86400.0,2447.16492,1741449599999,211224762.64393630,444631,1310.87652000,113164995.82659290,0
1741449600000,86400.0,86500.0,85661.76,86233.52,2221.39349,1741463999999,191143837.12482450,459859,1048.08862000,90203070.17642910,0
1741464000000,86233.52,86500.0,85852.12,86222.45,1143.97238,1741478399999,98628780.55563350,220221,647.88582000,55869409.83296580,0
1741478400000,86222.46,86500.0,85939.85,86115.71,1223.4792,1741492799999,105493574.86374010,313507,614.54754000,53001801.51734750,0
1741492800000,86115.71,86158.83,85809.48,86004.61,1375.32537,1741507199999,118272719.47376740,276044,561.15842000,48258392.33723930,0
1741507200000,86004.61,86098.0,84625.01,85024.01,2983.48178,1741521599999,254271503.34087800,566575,1215.86795000,103631737.09852670,0
1741521600000,85024.0,85058.34,82711.5,83080.41,6724.19753,1741535999999,563069606.99541990,1134465,3114.12778000,260786299.27567260,0
1741536000000,83080.4,83758.22,82223.0,82640.86,6255.15784,1741550399999,517664629.15412940,1625451,3090.14299000,255772779.62644840,0
1741550400000,82640.86,83539.66,80000.0,80734.37,7553.75173,1741564799999,614780626.62654450,1273096,3498.02764000,284848682.85517830,0
1741564800000,80734.48,82744.0,80037.62,82047.49,6631.01803,1741579199999,540861686.49592690,1322767,3528.52730000,287894865.56495580,0
1741579200000,82047.49,82797.95,81977.27,82318.77,2861.97669,1741593599999,235671614.18707310,547099,1464.94439000,120653144.77855410,0
1741593600000,82318.78,84123.46,81151.0,83582.0,6692.07202,1741607999999,552823510.50164510,1769475,3548.40672000,293396770.15431190,0
1741608000000,83582.0,83771.94,79177.03,80043.85,12861.56913,1741622399999,1040744875.47343920,2043935,6096.62066000,493344356.82485910,0
1741622400000,80043.84,80250.0,77459.91,79060.84,13469.61921,1741636799999,1059544292.03792500,2036988,5945.27642000,467892587.40784700,0
1741636800000,79060.84,79886.03,78409.4,78595.86,5117.12897,1741651199999,405278969.06217680,981274,2314.79523000,183424530.62162070,0
1741651200000,78595.86,79938.27,76606.0,79522.29,11122.24369,1741665599999,868516387.92237040,1750716,5244.26821000,409846180.44358710,0
1741665600000,79522.29,80614.89,79439.9,80424.95,4567.35903,1741679999999,366160298.80057010,744745,2471.72454000,198211999.58579110,0
1741680000000,80424.94,82092.34,80325.22,81720.34,5598.25972,1741694399999,455650124.33836240,747037,3005.39523000,244515766.38753730,0
1741694400000,81720.33,82225.21,79058.0,81232.24,16633.75229,1741708799999,1343350095.29983030,1958098,8060.24960000,651087268.82638080,0
1741708800000,81232.23,83617.4,80609.96,83104.01,8085.50399,1741723199999,664110022.32433470,1269215,3938.24969000,323647760.32288330,0
1741723200000,83104.01,83306.87,82550.52,82932.99,2762.94981,1741737599999,229213898.42532400,513499,1309.28043000,108641437.63563980,0
1741737600000,82932.99,83783.26,82100.61,82127.72,4711.9387,1741751999999,390298073.18769970,776239,2343.88273000,194280614.43732430,0
1741752000000,82127.73,82541.47,81296.0,82447.79,4065.50034,1741766399999,332702848.06670350,696372,2141.26692000,175330136.95460120,0
1741766400000,82447.78,83076.79,82000.29,83004.45,4874.62168,1741780799999,402319795.79169410,789513,2345.52732000,193638957.18143380,0
1741780800000,83004.45,84539.85,80607.65,81738.97,11813.60583,1741795199999,978314778.16018820,1696770,5734.81153000,475302608.38843260,0
1741795200000,81738.97,83165.46,81626.64,82915.93,4215.51153,1741809599999,347209530.93026910,891506,2106.22503000,173497364.36023320,0
1741809600000,82915.94,83887.26,82709.36,83680.12,2252.80792,1741823999999,187755970.68884150,403177,1077.70349000,89840837.17738300,0
1741824000000,83680.12,84336.33,83312.92,83577.14,3767.48722,1741838399999,315819438.69542580,618866,1877.74842000,157444110.44984560,0
1741838400000,83577.14,83709.03,82851.0,83151.99,3084.39535,1741852799999,256849243.09158090,505384,1323.96293000,110245225.73192760,0
1741852800000,83152.0,83522.61,82400.04,82975.86,3199.56767,1741867199999,265838211.63359410,574941,1427.47616000,118616866.88329630,0
1741867200000,82975.86,83900.0,80954.29,81044.72,7631.10248,1741881599999,627091112.21500610,1310777,3470.29656000,285415988.53485900,0
1741881600000,81044.72,81264.73,79939.9,80211.4,7395.86973,1741895999999,595933920.76068000,963742,3435.88895000,276871522.44860120,0
1741896000000,80210.4,81484.23,80189.89,81115.78,2467.85167,1741910399999,199338184.84310250,393383,1477.80833000,119351717.07341720,0
1741910400000,81115.78,82270.51,80818.84,81888.77,2746.60637,1741924799999,224351830.58728430,411171,1233.65887000,100735557.80153000,0
1741924800000,81888.77,82454.5,81780.08,82170.85,2021.59745,1741939199999,165843050.63253780,270522,957.92986000,78608111.44233460,0
1741939200000,82170.84,83348.46,82170.84,83253.15,3340.43802,1741953599999,276940355.74493220,395433,1851.06272000,153461452.53511590,0
1741953600000,83253.15,85309.71,82640.59,84724.58,11416.8729,1741967999999,958564476.20187430,1140925,6333.60933000,532028625.76461920,0
1741968000000,84724.58,84950.0,83949.19,84554.0,4662.53549,1741982399999,394163016.38711690,730120,2371.75127000,200537321.52159280,0
1741982400000,84554.0,84554.01,83717.69,83983.2,2670.47732,1741996799999,224866865.98742610,342816,1334.87483000,112436397.95298750,0
1741996800000,83983.19,84676.28,83964.57,84491.99,1801.07938,1742011199999,151973027.82168640,272239,989.75371000,83524839.23148220,0
1742011200000,84492.0,84559.0,83791.09,83827.31,1787.51614,1742025599999,150424419.29362610,185000,610.70511000,51419659.77753830,0
1742025600000,83827.32,84184.58,83618.0,84103.74,2551.69547,1742039999999,214005301.12037200,246424,1187.19886000,99596797.07375100,0
1742040000000,84103.74,84499.74,84010.58,84346.02,2795.90086,1742054399999,235599425.58779090,269113,1309.81774000,110401626.96111940,0
1742054400000,84346.03,84498.72,84076.92,84299.98,1681.69068,1742068799999,141804509.79151950,204345,753.83483000,63584336.80458140,0
1742068800000,84299.99,84467.7,84237.58,84338.44,706.85067,1742083199999,59638988.21875560,152549,343.98103000,29024070.40469370,0
1742083200000,84338.44,84393.72,83733.86,84332.34,1213.99013,1742097599999,102058547.50410890,217659,532.96860000,44815495.95746010,0
1742097600000,84332.35,84418.0,83972.57,84273.96,964.71247,1742111999999,81323716.84465310,142699,531.68269000,44826651.63088080,0
1742112000000,84273.95,84335.43,82381.46,82410.02,2982.64569,1742126399999,248389598.88220270,411330,1165.72918000,97112019.59484120,0
1742126400000,82410.01,83508.95,82400.0,83320.83,3782.45365,1742140799999,313522063.58717210,577426,1973.71361000,163630244.07558520,0
1742140800000,83320.83,85117.04,82562.36,83098.47,5881.93983,1742155199999,493873226.26068620,895481,2968.06896000,249433308.16275990,0
1742155200000,83098.47,83453.01,81981.12,82574.53,2770.38354,1742169599999,228889403.21789960,523352,1333.79013000,110219745.65422080,0
1742169600000,82574.52,83725.39,82523.0,83675.65,2140.41723,1742183999999,178068310.01161760,395974,1123.43267000,93470143.39413280,0
1742184000000,83675.64,83869.77,82682.62,83567.87,2436.57299,1742198399999,203079924.31685390,376283,1087.57576000,90664359.35933020,0
1742198400000,83567.88,83783.02,83220.11,83514.73,1904.26795,1742212799999,159044276.89864960,315481,955.50743000,79822180.47125090,0
1742212800000,83514.73,84000.0,82456.0,83531.06,5473.06801,1742227199999,455294083.82819460,1026228,2775.47425000,230933990.31088630,0
1742227200000,83531.07,84756.83,83103.6,84482.55,3834.07195,1742241599999,322329396.08828530,619947,1805.73205000,151803909.02464530,0
1742241600000,84482.55,84506.8,83746.12,84010.03,1426.34545,1742255999999,119900822.90327290,280843,640.16895000,53810839.22748390,0
1742256000000,84010.02,84021.74,82960.0,83147.6,2227.16043,1742270399999,185591729.39590270,393516,977.54656000,81464892.29367150,0
1742270400000,83147.6,83280.0,82244.68,83163.81,3791.82354,1742284799999,314195300.33350750,465416,1612.01673000,133596083.07859660,0
1742284800000,83163.81,83452.3,82500.0,82581.1,1859.60834,1742299199999,154285857.78712910,345917,851.84503000,70663394.36862540,0
1742299200000,82581.09,82821.6,81134.66,81610.21,5242.8777,1742313599999,428828401.79223450,919040,2607.76404000,213299385.76998870,0
1742313600000,81610.22,82476.26,81245.65,82317.21,3040.4539,1742327999999,248677108.43128790,681305,1326.73685000,108533591.23952270,0
1742328000000,82317.2,82810.95,81870.23,82715.03,1448.97492,1742342399999,119234657.73966440,321177,671.32497000,55251402.59238380,0
1742342400000,82715.03,83280.0,82547.16,83037.17,2751.69748,1742356799999,228180988.65686530,403231,1335.82519000,110817478.53683010,0
1742356800000,83037.17,83364.16,82792.91,83190.0,1888.77416,1742371199999,156993387.97723760,325173,732.43423000,60886497.29420190,0
1742371200000,83190.0,84119.09,83178.74,83881.4,3556.56382,1742385599999,297377789.37154680,408203,1651.29856000,138144755.13616080,0
1742385600000,83881.4,84888.0,83510.21,84733.05,5832.94768,1742399999999,490724112.66495040,854790,2958.51623000,249009388.86149410,0
1742400000000,84733.05,85950.0,83578.32,85433.38,9865.43804,1742414399999,836439043.94224580,1198926,4813.86048000,408221098.86908260,0
1742414400000,85433.38,87000.0,85200.1,86845.94,4255.63256,1742428799999,366098619.33091630,584438,2312.31378000,199159751.58337700,0
1742428800000,86845.93,87453.67,85619.56,85891.02,4306.12355,1742443199999,371978129.16859120,590473,1965.02879000,169791033.67490040,0
1742443200000,85891.01,86013.05,85430.38,85816.39,2389.67499,1742457599999,204849668.80176310,281103,1040.17936000,89216707.66650270,0
1742457600000,85816.39,86300.0,84755.14,85502.17,3049.10665,1742471999999,260844839.21061250,432278,1476.43742000,126358337.62429490,0
1742472000000,85502.16,86532.04,84565.16,84691.76,5937.94941,1742486399999,508171848.77439930,933494,2544.12788000,217915663.84765020,0
1742486400000,84691.27,84908.0,83655.23,84174.79,4615.68665,1742500799999,388356604.59802860,750808,2277.90852000,191672427.75888190,0
1742500800000,84176.87,84609.21,83922.01,84223.39,1791.76338,1742515199999,151040830.60225710,264439,859.91065000,72486168.72403060,0
1742515200000,84223.38,84850.33,84180.09,84451.96,1402.80368,1742529599999,118570594.28713410,252904,658.01036000,55629057.16227310,0
1742529600000,84451.97,84798.93,83700.47,83937.98,2156.9138,1742543999999,181650629.93582930,309569,712.44753000,59986694.38637460,0
1742544000000,83937.99,84337.66,83732.09,84046.52,1486.42515,1742558399999,124915643.19684500,333715,709.65641000,59637526.44003360,0
1742558400000,84046.52,84358.51,83175.25,83565.48,3473.84885,1742572799999,291107116.71918020,777768,1647.56401000,138079982.72979840,0
1742572800000,83565.47,84435.87,83379.0,83956.36,2229.62892,1742587199999,187226432.21254640,475764,1076.53662000,90402981.91352080,0
1742587200000,83956.35,84584.0,83813.21,84088.79,1207.35403,1742601599999,101665102.90446670,210285,662.20468000,55765105.44975780,0
1742601600000,84088.79,84338.98,83989.58,84256.74,1006.94162,1742615999999,84759696.58151650,161394,476.32383000,40098638.36152100,0
1742616000000,84256.73,84429.09,84153.21,84274.72,754.99674,1742630399999,63655590.92069590,130676,276.70693000,23330676.64854840,0
1742630400000,84274.71,84539.17,84109.0,84239.25,871.57177,1742644799999,73497548.83063600,156171,399.16905000,33667795.07908050,0
1742644800000,84239.24,84296.39,83975.42,84109.09,1017.55631,1742659199999,85592797.27643300,154179,401.65872000,33783619.12707380,0
1742659200000,84109.08,84320.0,84063.53,84171.59,818.77482,1742673599999,68933439.67450630,118620,396.42878000,33374944.84936020,0
1742673600000,84171.59,84204.19,83625.1,83840.59,950.37988,1742687999999,79796370.51786450,143441,333.90447000,28035352.72184090,0
1742688000000,83840.59,84277.07,83809.75,84224.39,735.1977,1742702399999,61817207.93502530,142152,347.77070000,29242382.81677010,0
1742702400000,84224.39,84328.24,84070.22,84279.82,537.08204,1742716799999,45215656.08423050,79415,251.02962000,21131312.58194690,0
1742716800000,84279.82,85027.32,84263.05,84679.99,1637.95361,1742731199999,138641260.75212670,178747,862.04130000,72982433.38685220,0
1742731200000,84680.0,85254.17,84573.4,85189.41,1965.74104,1742745599999,167010706.41782340,286179,1029.58718000,87486253.95449630,0
1742745600000,85189.41,85413.05,84800.0,85011.19,1581.19041,1742759999999,134554718.17691680,240603,751.27579000,63938155.37470880,0
1742760000000,85011.2,86129.64,84923.91,86082.5,2004.81333,1742774399999,171452769.78378110,279437,1183.10554000,101226723.40658540,0
1742774400000,86082.5,86641.13,85519.09,86532.07,3571.64325,1742788799999,307368498.74843640,463055,1870.99310000,161071097.17389520,0
1742788800000,86532.07,87300.0,86532.06,86874.52,4177.26747,1742803199999,363072690.32199260,403566,1985.51143000,172602177.84116380,0
1742803200000,86874.52,87909.99,86838.76,87689.52,3734.28314,1742817599999,326567850.46965180,350170,2183.04744000,190890148.46200200,0
1742817600000,87689.52,88765.43,87138.6,88350.01,8345.49659,1742831999999,734078234.55690120,777312,4328.09242000,380839943.47667990,0
1742832000000,88350.01,88536.0,87690.59,88222.0,5650.83508,1742846399999,498496927.29359430,519430,2277.70225000,200953123.00082030,0
1742846400000,88222.01,88481.14,87050.6,87498.16,4636.09558,1742860799999,407181716.56126720,403180,1734.60914000,152282177.15834290,0
1742860800000,87498.16,87679.25,86330.66,86520.88,2967.91856,1742875199999,258317920.57366410,381096,1167.31619000,101633775.37872940,0
1742875200000,86520.89,86879.77,86310.0,86436.82,2925.77929,1742889599999,253308419.08298090,289854,1300.34777000,112600424.85513910,0
1742889600000,86436.82,87500.0,86406.49,87370.43,2680.08356,1742903999999,233269413.58359290,319650,1375.24806000,119668995.28097650,0
1742904000000,87370.44,88258.8,86929.46,87774.37,5630.54013,1742918399999,493562850.33553020,803306,2483.47366000,217766938.80610060,0
1742918400000,87774.37,88321.27,87588.59,88116.23,3269.38058,1742932799999,287440900.71886690,507767,1257.76759000,110606027.69371610,0
1742932800000,88116.23,88539.63,87132.65,87392.87,5169.55036,1742947199999,453672086.60365870,501142,1856.40967000,163031910.61911970,0
1742947200000,87392.88,87892.14,87030.56,87153.51,2376.15356,1742961599999,207864972.33134580,275350,1059.54600000,92718384.91674700,0
1742961600000,87153.5,88275.0,87052.0,88140.45,2854.78166,1742975999999,250300345.36772720,243729,1552.51124000,136167298.51030300,0
1742976000000,88140.45,88259.81,87837.49,87954.96,2414.73419,1742990399999,212679671.61918550,225572,950.14296000,83678649.35305250,0
1742990400000,87954.97,88000.0,86434.36,86752.52,5637.1011,1743004799999,491128751.62095190,737691,2501.57376000,217867035.93122110,0
1743004800000,86752.52,87058.4,85860.0,86567.19,3006.95989,1743019199999,260043577.51239020,531012,1419.80402000,122815991.36575820,0
1743019200000,86567.18,87404.34,86520.1,86909.17,2119.05445,1743033599999,184389637.13486270,366800,1107.39955000,96357493.21973170,0
1743033600000,86909.17,87756.39,86796.26,87670.18,1891.16422,1743047999999,165282040.72838750,279926,930.42888000,81308965.20802020,0
1743048000000,87670.17,87691.34,87249.68,87399.99,1775.1179,1743062399999,155169935.79852960,201071,760.61526000,66484098.80983640,0
1743062400000,87399.99,87597.6,86787.0,86943.52,2195.77495,1743076799999,191703842.26566860,285748,977.02851000,85323669.38879040,0
1743076800000,86943.51,87575.0,85800.0,86974.07,7540.76727,1743091199999,653642125.90807740,871203,3806.21595000,330014572.89371450,0
1743091200000,86974.07,87429.21,86796.0,87060.41,2215.08868,1743105599999,192908324.82982890,454939,911.69773000,79402146.95197270,0
1743105600000,87060.4,87728.27,86943.04,87232.01,1480.12595,1743119999999,129262538.17741020,283494,799.06884000,69791440.03658260,0
1743120000000,87232.01,87515.67,86750.0,86787.16,1911.72045,1743134399999,166507216.51934820,331901,812.05848000,70723764.19592240,0
1743134400000,86787.17,86832.64,85162.48,85212.99,5671.09628,1743148799999,486917497.59982400,629858,2324.82877000,199649833.21127190,0
1743148800000,85212.98,85441.25,84800.0,85255.26,4950.75977,1743163199999,421511387.81703710,460030,2145.58180000,182691848.98588870,0
1743163200000,85255.25,85609.74,83953.86,84051.16,8382.63832,1743177599999,709055606.82456440,895815,3325.06878000,281511047.68540290,0
1743177600000,84051.15,84217.61,83585.0,83790.73,3857.86312,1743191999999,323504327.82742090,640514,1557.50265000,130613766.28630810,0
1743192000000,83790.74,84538.69,83697.83,84424.38,2408.65375,1743206399999,202450524.07591920,277967,1109.79688000,93333061.44647910,0
1743206400000,84424.38,84624.73,83709.67,84166.3,1526.01379,1743220799999,128534892.79531610,279258,708.15347000,59642989.03980790,0
1743220800000,84166.3,84258.45,83662.86,83731.82,1103.52164,1743235199999,92587207.49376910,247946,550.84043000,46221954.04017960,0
1743235200000,83731.83,83947.42,82007.0,82293.56,3638.90117,1743249599999,301828098.73363150,496112,1556.10537000,129039545.05386450,0
1743249600000,82293.56,82882.01,82145.22,82414.23,1960.74799,1743263999999,161836470.72667590,368637,1081.06223000,89229540.97243010,0
1743264000000,82414.22,82758.41,81644.81,82758.4,2509.70729,1743278399999,206396207.94700780,521023,1265.16219000,104097325.14804340,0
1743278400000,82758.4,82787.29,82258.86,82648.54,957.50676,1743292799999,79017040.29047120,259411,460.28116000,37984221.23058140,0
1743292800000,82648.53,83503.53,82500.0,83088.81,1605.64112,1743307199999,133370491.52673700,319140,837.53183000,69568306.85371190,0
1743307200000,83088.82,83321.16,82868.96,83076.59,1238.4393,1743321599999,102947579.46847340,178167,535.67620000,44530733.59747510,0
1743321600000,83076.58,83534.64,82975.36,83111.76,1206.11965,1743335999999,100408879.84872370,243567,582.05990000,48453165.40681780,0
1743336000000,83111.76,83268.05,82543.83,82729.57,2154.4379,1743350399999,178539120.82811610,353165,1048.20192000,86873515.77547890,0
1743350400000,82729.57,82908.11,82050.4,82548.81,1581.53343,1743364799999,130480081.48176090,348452,753.80241000,62200070.14344780,0
1743364800000,82548.8,82757.7,81565.0,82389.99,2078.32368,1743379199999,170838642.37500150,465172,967.79879000,79588288.33318460,0
1743379200000,82390.0,82444.89,81278.52,81530.0,3137.45901,1743393599999,256713422.36407020,714009,1322.84121000,108247529.54468550,0
1743393600000,81530.0,82305.57,81400.0,81933.51,2427.84969,1743407999999,198979019.17896740,437965,1104.21281000,90531601.41505840,0
1743408000000,81933.51,82272.0,81290.88,82205.51,3422.93239,1743422399999,280307039.52880540,553923,1351.85087000,110695842.55895110,0
1743422400000,82205.5,83943.08,81656.0,83418.78,6957.92675,1743436799999,576603419.32122030,1198415,3652.73176000,302671821.71781280,0
1743436800000,83418.78,83694.29,82400.0,82462.27,2934.61931,1743451199999,244033365.66142160,696951,1451.15223000,120676863.26149240,0
1743451200000,82462.26,82886.8,82265.1,82550.01,1688.3517,1743465599999,139372925.02648000,363095,1030.09296000,85052212.61274100,0
1743465600000,82550.0,83256.8,82432.74,82962.84,2015.98624,1743479999999,166985571.95011270,409277,1094.68944000,90685468.50143820,0
1743480000000,82962.84,83597.07,82886.87,83445.5,1822.06805,1743494399999,151710653.03746650,276284,825.43502000,68728903.33475170,0
1743494400000,83445.5,84504.74,83410.0,83930.3,4005.56934,1743508799999,336915781.87192220,484844,1888.36087000,158859197.45682780,0
1743508800000,83930.31,85499.55,82544.0,85280.87,6895.46482,1743523199999,579282887.94303280,1165509,3549.66305000,298172561.02565240,0
1743523200000,85280.88,85493.0,84720.0,84972.01,3624.09611,1743537599999,308320894.07793120,648205,1883.42872000,160238561.80970890,0
1743537600000,84972.0,85579.46,84773.58,85158.34,1827.21241,1743551999999,155679913.69500280,344574,1004.84938000,85618080.30470730,0
1743552000000,85158.35,85255.95,84504.21,84550.0,2397.00391,1743566399999,203493680.31102610,395674,1200.42204000,101920887.61340710,0
1743566400000,84550.0,84726.42,83904.72,84426.33,2284.55226,1743580799999,192549506.70671750,377975,1092.63605000,92093755.66667770,0
1743580800000,84426.32,85450.0,84262.73,84566.91,2502.47319,1743595199999,212447010.26963670,426721,1232.01701000,104588681.66935280,0
1743595200000,84566.91,87333.0,84462.69,86757.67,11182.5669,1743609599999,963030203.22948840,1485656,6116.90461000,526709484.29091440,0
1743609600000,86757.67,87333.0,86186.19,86900.02,6072.59633,1743623999999,527080900.93601200,940915,3389.98060000,294354455.96501060,0
1743624000000,86900.01,88500.0,82320.0,82516.29,15492.26441,1743638399999,1318678458.37788290,1711297,7707.71778000,658068318.63538530,0
1743638400000,82516.28,83998.02,82175.98,83483.97,5644.57078,1743652799999,470578976.12035860,687905,3065.27791000,255561726.04095040,0
1743652800000,83483.97,83735.85,83000.0,83456.75,2431.18004,1743667199999,202638555.27102260,417075,1142.97985000,95276756.54698130,0
1743667200000,83456.76,83788.23,83047.0,83096.01,3208.79996,1743681599999,267847441.83184640,519872,1730.12174000,144435975.84461410,0
1743681600000,83096.01,83147.95,81211.24,82039.31,8823.0587,1743695999999,723909311.76350710,1364018,4175.51621000,342629723.21059880,0
1743696000000,82039.32,82448.21,81540.0,82008.7,4137.47371,1743710399999,339269914.16436230,756070,2068.84674000,169674331.56686470,0
1743710400000,82009.76,83332.2,81800.0,83213.09,3092.75816,1743724799999,255055525.71329570,372546,1768.78547000,145860885.40979210,0
1743724800000,83213.09,83413.46,82577.63,82818.52,3041.69884,1743739199999,252523416.17845810,454735,1782.02061000,147977700.60214010,0
1743739200000,82818.53,84000.0,82615.36,83992.85,3091.86585,1743753599999,257472890.29335580,371277,1641.47987000,136877632.92317130,0
1743753600000,83992.85,84720.0,81659.0,82680.45,9682.53553,1743767999999,805982048.35043380,1146990,3966.42224000,330578592.40752570,0
1743768000000,82680.44,83716.0,81849.05,82860.0,10092.60459,1743782399999,836229362.35030400,1705357,5018.71510000,415867283.42910300,0
1743782400000,82860.0,84620.01,82736.0,84009.99,5374.18478,1743796799999,450475785.21179950,1067567,2768.40285000,232101732.40747510,0
1743796800000,84010.0,84450.0,83492.95,83889.87,1632.65017,1743811199999,137159164.04238560,246660,719.14712000,60429104.49527280,0
1743811200000,83889.87,84266.0,83395.46,83624.01,1705.75257,1743825599999,143020099.63748120,239305,723.95406000,60712599.25777250,0
1743825600000,83624.01,83868.0,83297.66,83525.34,1280.95023,1743839999999,107089780.44241780,219611,479.73648000,40113419.16879350,0
1743840000000,83525.33,83894.7,83359.64,83452.69,1233.29028,1743854399999,103126340.96359110,213123,577.98141000,48344087.54854110,0
1743854400000,83452.69,83550.68,82379.95,82618.26,2576.97263,1743868799999,213507774.38656290,398946,1076.93803000,89220857.86662260,0
1743868800000,82618.25,83146.0,82607.05,82860.0,974.18344,1743883199999,80754537.72896300,220621,467.37688000,38742712.39381560,0
1743883200000,82859.99,83688.0,82833.0,83537.99,1589.25553,1743897599999,132128044.74232760,284144,703.65972000,58520937.49217310,0
1743897600000,83537.99,83817.63,83163.45,83344.14,1209.45565,1743911999999,100947475.40348880,182376,599.81816000,50083724.16419720,0
1743912000000,83344.14,83533.01,83024.96,83024.96,1005.20003,1743926399999,83731394.24207170,164055,426.25300000,35513252.45953580,0
1743926400000,83024.97,83172.0,82666.0,82855.99,1208.00762,1743940799999,100108969.37900820,252439,537.72938000,44561248.04199190,0
1743940800000,82855.99,82981.14,82217.83,82548.36,2530.9727,1743955199999,208972753.89996670,506862,1332.95260000,110060550.79795990,0
1743955200000,82548.36,82554.15,78694.99,79614.35,10204.27054,1743969599999,820428020.03517150,1388058,4243.47036000,340885627.56050410,0
1743969600000,79614.34,79890.16,77153.83,78430.0,11784.80782,1743983999999,924896438.19325760,1454703,5353.62140000,420355170.47027720,0
1743984000000,78430.0,79347.46,77354.0,77707.77,8315.40751,1743998399999,650996594.41818320,1314309,4161.59797000,325793829.20535440,0
1743998400000,77707.78,77984.0,74508.0,75126.01,18943.308,1744012799999,1436350187.41982740,2207704,8857.91535000,671492024.74985590,0
1744012800000,75126.01,77577.88,75085.74,76685.62,10044.53318,1744027199999,768541719.46245050,1551022,5452.36697000,417022238.12001690,0
1744027200000,76685.62,81243.58,75789.01,78479.9,27708.97146,1744041599999,2175260004.57904410,2736060,13957.33944000,1096284769.25597610,0
1744041600000,78479.91,79365.46,77313.2,78130.44,8830.92097,1744055999999,692754784.09374330,1382173,4306.18089000,338000895.09894700,0
1744056000000,78130.43,80218.88,78102.91,79163.24,4544.38977,1744070399999,360710734.17739870,545328,2340.44212000,185781299.25424620,0
1744070400000,79163.24,80867.99,78772.14,79904.0,4941.96291,1744084799999,395167154.41609530,793023,2411.87521000,193038449.71019080,0
1744084800000,79904.0,80413.49,79219.9,79496.0,3302.12711,1744099199999,263190186.29858430,524945,1488.71089000,118631207.06802750,0
1744099200000,79496.01,80077.65,78819.65,79982.0,4257.73055,1744113599999,337206514.64852840,590936,1926.21724000,152645880.39195340,0
1744113600000,79982.0,80375.0,78175.14,78497.99,8857.72421,1744127999999,703422922.08428090,1457849,3974.99972000,315824014.39128450,0
1744128000000,78498.0,78522.72,76334.65,76854.05,10762.74484,1744142399999,831220757.61940410,1515603,4484.02173000,346382209.44616380,0
1744142400000,76854.05,77285.5,76239.9,76322.42,3195.03101,1744156799999,245070242.03556780,630395,1418.90552000,108849006.10773030,0
1744156800000,76322.42,76868.28,74620.0,75073.33,9779.68513,1744171199999,740754954.15538550,1444302,4108.49537000,311289663.33526750,0
1744171200000,75073.34,77979.3,75000.0,77694.12,9140.27184,1744185599999,702615734.33333770,1111545,4869.28598000,374294299.83193930,0
1744185600000,77694.12,77880.0,75756.86,76230.01,7898.75408,1744199999999,606049467.14771100,1005598,3765.98575000,289014505.16012980,0
1744200000000,76230.01,78318.46,76010.21,77258.0,9835.2769,1744214399999,759439257.36479020,1423700,5174.36367000,399595585.56650040,0
1744214400000,77258.01,82990.0,77136.0,82332.08,26584.65756,1744228799999,2156326000.58749730,2023585,14696.28347000,1192411002.12917780,0
1744228800000,82332.08,83588.0,81987.89,82615.22,12249.64221,1744243199999,1015045842.63377430,732522,6877.21534000,570398986.93624600,0
1744243200000,82615.22,82753.21,81472.84,81775.2,5457.92235,1744257599999,448820479.96143560,539501,3002.46361000,246986015.76457160,0
1744257600000,81775.2,82344.3,81292.99,81595.81,3599.59614,1744271999999,294944725.39852270,468989,1734.39891000,142164121.31722300,0
1744272000000,81595.81,82130.43,81349.0,81882.01,3109.18957,1744286399999,254190088.86276850,567991,1458.65234000,119288608.40137060,0
1744286400000,81882.0,82466.35,78606.06,78757.0,12186.07063,1744300799999,983526903.61533230,1438317,5666.84995000,457666931.20066390,0
1744300800000,78757.24,80058.96,78464.36,79649.34,6868.94347,1744315199999,544303816.49729090,1168736,3372.36224000,267239706.74793890,0
1744315200000,79647.37,80035.54,79377.04,79607.3,2063.08502,1744329599999,164508339.51249260,346011,1105.19205000,88129972.58831690,0
1744329600000,79607.3,80906.63,78969.58,80842.99,4616.06429,1744343999999,369138159.61667000,656602,2396.19759000,191796851.74585310,0
1744344000000,80843.0,81440.73,80512.22,81266.76,3739.3645,1744358399999,302889380.84465090,433877,1714.48305000,138901563.97283730,0
1744358400000,81266.76,82985.71,80782.43,82129.67,7672.7781,1744372799999,629988966.23200220,803347,3961.05646000,325202103.76250490,0
1744372800000,82129.67,83333.0,81341.22,82521.74,8580.71054,1744387199999,706876435.90883950,1255229,4321.65498000,356149173.03760010,0
1744387200000,82521.74,84220.0,82015.08,83858.28,6974.07284,1744401599999,582621857.59327350,954251,4233.87364000,353843196.65196130,0
1744401600000,83858.28,84300.0,83162.0,83423.84,2852.4477,1744415999999,238849144.98331620,319851,1392.31795000,116622389.74694760,0
1744416000000,83423.83,83572.0,82792.95,82973.13,2097.25786,1744430399999,174487470.75733820,284046,786.80410000,65479705.18661740,0
1744430400000,82973.14,83830.62,82856.86,83724.92,2219.56474,1744444799999,185221865.52672300,309694,1303.92091000,108831470.46462410,0
1744444800000,83724.92,84031.87,83305.91,83528.3,2026.01827,1744459199999,169425619.22406530,269603,945.17285000,79044551.67956210,0
1744459200000,83528.3,85402.9,83474.94,85008.4,7502.18643,1744473599999,634298965.44382890,812066,4225.88093000,357395847.18309730,0
1744473600000,85008.4,85258.29,84421.95,84943.4,2205.95168,1744487999999,187235453.89982460,399935,993.68304000,84348797.96013610,0
1744488000000,84943.39,85905.0,84877.61,85276.9,2419.76539,1744502399999,206733878.07497150,425852,1271.26461000,108646900.30943100,0
1744502400000,85276.91,86100.0,84724.91,85432.31,6091.99475,1744516799999,520126386.00558440,568756,3748.37073000,320110730.76801390,0
1744516800000,85432.31,85436.68,84399.42,84413.1,5329.09879,1744531199999,451254056.05729620,423436,1538.44022000,130290434.53729490,0
1744531200000,84413.1,84949.86,84216.15,84528.66,2109.38782,1744545599999,178398297.30452160,328049,1127.25397000,95351797.31144770,0
1744545600000,84528.66,84700.0,83480.67,83849.66,3752.76,1744559999999,315398474.03637980,542117,1698.09937000,142761372.46084710,0
1744560000000,83849.66,84990.22,83050.0,83981.31,4094.28687,1744574399999,344996896.44793670,663013,1978.40247000,166764416.23387420,0
1744574400000,83981.32,84446.31,83034.23,83760.0,3302.51358,1744588799999,275932265.58753670,750508,1568.11233000,131024494.78170580,0
1744588800000,83760.0,85544.3,83678.0,84566.03,9144.98601,1744603199999,775559125.61970000,886097,4881.57639000,414222022.59093660,0
1744603200000,84566.04,85110.0,84211.06,84580.76,3626.62247,1744617599999,306875151.52392130,426028,1342.43518000,113623611.82733690,0
1744617600000,84580.77,84965.34,84250.0,84927.55,2672.53505,1744631999999,226288670.54822910,417944,1348.53954000,114218411.07724030,0
1744632000000,84927.56,85799.99,83709.25,84101.16,6912.0794,1744646399999,586414878.59970230,1059383,3660.65345000,310808112.18221710,0
1744646400000,84101.16,85208.1,83863.63,84923.07,4493.01122,1744660799999,380696725.01603540,786176,2879.14606000,244101471.36156070,0
1744660800000,84923.07,84971.7,84424.52,84591.58,1809.85933,1744675199999,153298253.77394080,345894,1084.23867000,91842370.10132570,0
1744675200000,84591.58,85415.1,84347.97,85379.96,2777.45814,1744689599999,236090467.66297520,461135,1565.95030000,133133153.35657570,0
1744689600000,85379.97,85879.1,85157.6,85716.77,3160.5593,1744703999999,270416858.82046420,331473,1636.95296000,140075320.23032590,0
1744704000000,85716.77,86000.0,85351.0,85589.23,3075.38498,1744718399999,263711287.69420800,341394,1449.47029000,124333543.22407890,0
1744718400000,85589.23,86496.42,84623.73,84918.14,6756.03523,1744732799999,577922991.58800090,924119,3545.62303000,303590802.27057740,0
1744732800000,84918.15,85146.55,83921.19,83998.52,2674.08979,1744747199999,225895504.26234630,511540,1217.42190000,102868075.02171360,0
1744747200000,83998.51,84235.85,83600.0,83643.99,2467.46784,1744761599999,206935304.36760610,340872,1023.94224000,85894859.06409360,0
1744761600000,83643.99,83960.0,83111.64,83695.66,2463.72865,1744775999999,205832190.83628030,423961,1233.68776000,103095352.10857430,0
1744776000000,83695.66,83814.0,83212.64,83363.17,3071.39491,1744790399999,256550284.84021970,322936,1573.14980000,131440052.72525500,0
1744790400000,83363.17,84127.05,83140.89,84048.11,2832.84259,1744804799999,237336664.76666570,443452,1495.10179000,125277679.42258160,0
1744804800000,84048.36,85270.27,83512.2,84846.58,4587.02932,1744819199999,387148148.51776910,668811,2311.09777000,195047700.17833650,0
1744819200000,84846.58,85500.0,83275.0,84334.01,6228.17039,1744833599999,524943506.45940590,1073895,3099.63418000,261285660.97387630,0
1744833600000,84334.0,84679.53,84024.0,84030.38,1684.07933,1744847999999,142099235.78058350,331675,744.09770000,62793384.07621310,0
1744848000000,84030.38,84496.0,83814.48,83994.23,1420.43568,1744862399999,119466309.32184670,301924,680.43111000,57234098.10375300,0
1744862400000,83994.23,85053.38,83900.0,84669.98,2038.72764,1744876799999,172300719.13430390,245936,1059.71195000,89633067.07929300,0
1744876800000,84669.98,84764.44,84191.17,84562.0,1333.31709,1744891199999,112637783.69606290,221015,638.56346000,53946445.56863020,0
1744891200000,84562.0,84862.93,83736.26,84531.71,3721.70869,1744905599999,314219452.10031480,531912,1600.70234000,135170892.38492590,0
1744905600000,84531.72,85470.01,84393.59,84849.06,4072.8227,1744919999999,346021290.63594550,525695,1905.07529000,161867885.87118570,0
1744920000000,84849.05,85140.0,84720.21,84947.91,1141.83592,1744934399999,97013872.49778900,176923,539.93150000,45874365.41091380,0
1744934400000,84947.92,85132.08,84724.6,84828.0,1247.74402,1744948799999,105923711.65262070,170198,597.10965000,50698184.36599190,0
1744948800000,84827.99,84838.52,84413.23,84654.68,1523.46331,1744963199999,128922739.25080870,163610,697.28901000,59007868.55779940,0
1744963200000,84654.68,84764.0,84472.25,84669.11,1166.67376,1744977599999,98706747.23735400,135773,529.84301000,44830682.66290400,0
1744977600000,84669.11,84769.95,84338.0,84374.59,1234.717,1744991999999,104375663.28361710,160516,509.78882000,43101206.36209920,0
1744992000000,84374.6,84649.99,84303.96,84562.83,718.53494,1745006399999,60732947.75118910,110094,315.40369000,26657988.10437590,0
1745006400000,84562.83,84684.49,84342.15,84474.69,638.83012,1745020799999,53986674.47189750,99818,262.35438000,22171158.20897620,0
1745020800000,84474.7,84986.76,84364.45,84883.71,1105.44308,1745035199999,93637134.42246850,149665,637.63124000,54016617.59123820,0
1745035200000,84883.72,85300.0,84883.71,85217.39,2259.71458,1745049599999,192286659.32012600,136013,1284.97342000,109350784.18976780,0
1745049600000,85217.38,85436.72,85115.45,85217.4,1378.37688,1745063999999,117519368.62629740,132295,748.84984000,63841518.78747460,0
1745064000000,85217.4,85677.99,85070.0,85191.19,2584.44918,1745078399999,220675916.32189390,174358,1659.32401000,141695878.04136660,0
1745078400000,85191.18,85330.06,84694.49,85085.55,1789.11723,1745092799999,152271395.34816810,182437,813.47090000,69251161.25290500,0
1745092800000,85085.56,85367.93,85015.63,85077.01,549.48058,1745107199999,46832278.24529540,100458,272.05146000,23186964.13632980,0
1745107200000,85077.0,85320.76,85050.27,85168.81,882.54344,1745121599999,75204805.85219340,113197,499.96633000,42603984.93698290,0
1745121600000,85168.82,85248.0,84678.18,84784.01,1167.69622,1745135999999,99155168.54495120,118487,469.01204000,39830134.00201750,0
1745136000000,84784.01,84785.0,83949.52,84129.83,1885.40107,1745150399999,159016861.79251740,173071,800.46338000,67499197.71017370,0
1745150400000,84129.82,84664.0,84099.3,84344.66,1721.01989,1745164799999,145237491.47789610,188296,910.56177000,76830806.71520010,0
1745164800000,84344.65,84664.09,84272.74,84651.61,769.05869,1745179199999,64999086.30214960,116258,401.50036000,33932602.67811790,0
1745179200000,84651.61,85298.0,84616.73,85179.24,1665.95794,1745193599999,141640230.92212850,234821,761.97926000,64786109.69534080,0
1745193600000,85179.24,87640.0,85144.76,87205.56,9533.33738,1745207999999,828204525.43074000,770874,5438.53457000,472291216.94176340,0
1745208000000,87205.56,87738.0,87038.0,87434.78,2859.73764,1745222399999,250004936.11603250,249245,1473.44625000,128823430.41861690,0
1745222400000,87434.79,87795.26,86644.29,86971.92,3305.90555,1745236799999,288558536.29596930,259505,1545.54037000,135020194.20489170,0
1745236800000,86971.92,88465.99,86779.97,88044.8,8328.4863,1745251199999,731168560.55024230,857631,4657.72284000,409064581.70865540,0
1745251200000,88044.81,88270.88,86389.78,87415.1,5561.20336,1745265599999,484852991.13127940,680764,2750.23259000,239686295.41245000,0
1745265600000,87415.09,87625.68,86887.15,87516.23,2184.70239,1745279999999,190510041.94280210,223376,1350.92215000,117819506.44775760,0
1745280000000,87516.22,88877.0,87076.03,88157.55,5948.6986,1745294399999,523972235.60063530,544078,2943.11710000,259152982.46856770,0
1745294400000,88157.55,88486.0,87953.86,88476.83,2721.14964,1745308799999,240180187.91789230,259050,1190.22922000,105056270.83903400,0
1745308800000,88476.82,88701.93,88241.33,88614.1,2659.83331,1745323199999,235429149.23808740,208321,1260.39404000,111563677.32214520,0
1745323200000,88614.09,91439.46,88482.0,90934.61,15352.18318,1745337599999,1385993773.56640910,966352,7803.78720000,704222585.30500710,0
1745337600000,90934.61,91695.0,90624.03,91414.79,6380.71134,1745351999999,581443364.03632550,501068,2850.86218000,259892678.46963480,0
1745352000000,91414.78,93888.0,91060.0,93442.99,10810.17098,1745366399999,1000766353.76882060,789606,6729.38073000,622751384.79869670,0
1745366400000,93442.99,93909.05,92580.18,93168.91,5215.33691,1745380799999,485664111.27706930,427183,2418.99639000,225389152.95870850,0
1745380800000,93168.91,94264.0,93017.46,94133.82,3753.14233,1745395199999,351203753.09229570,295339,1940.28451000,181634864.09645670,0
1745395200000,94133.82,94521.79,93324.45,93466.01,4309.7212,1745409599999,404699934.04402280,358368,1988.05465000,186766381.47804480,0
1745409600000,93466.01,94696.05,91935.41,93195.28,8544.8591,1745423999999,796297627.35291100,1002583,4154.41222000,387320504.73428780,0
1745424000000,93195.28,94219.93,92913.04,93497.88,4018.92317,1745438399999,376119608.01617170,594742,1914.83958000,179251171.88405240,0
1745438400000,93497.88,93917.53,93238.1,93691.08,1562.18537,1745452799999,146294900.16548110,338321,711.47039000,66630483.42499600,0
1745452800000,93691.07,93787.65,92650.0,92673.95,2768.12366,1745467199999,258240111.77712650,383080,870.33780000,81177539.22019210,0
1745467200000,92673.95,92903.94,92101.63,92203.55,3429.85771,1745481599999,317328130.83855350,404590,1404.62860000,129974843.77067460,0
1745481600000,92203.54,92657.69,91660.01,92619.94,3940.58829,1745495999999,363320914.63564220,457610,1736.23264000,160132677.80812580,0
1745496000000,92619.94,93450.0,92434.78,93202.51,4447.23602,1745510399999,413314367.95276670,732405,2261.74181000,210236003.66858440,0
1745510400000,93202.52,93649.56,92666.62,93556.12,2504.05999,1745524799999,233612382.24672550,518138,1131.54188000,105583103.77415140,0
1745524800000,93556.12,94005.0,93024.0,93980.47,2407.19504,1745539199999,225304229.86386430,301560,1160.69855000,108683319.11916980,0
1745539200000,93980.47,94444.0,92855.96,93311.83,4492.13804,1745553599999,420660064.64102660,558861,2309.84011000,216416732.27472260,0
1745553600000,93311.83,93860.0,93013.56,93772.26,3463.8711,1745567999999,323812387.98644830,337188,1683.17895000,157349617.40617840,0
1745568000000,93772.27,94660.0,93539.82,94635.67,3498.44872,1745582399999,328749872.35307190,378157,1904.34179000,179053316.89685700,0
1745582400000,94635.67,95758.04,93929.41,95061.22,10872.54033,1745596799999,1032286003.79600400,1253590,4966.62734000,471576424.64628180,0
1745596800000,95061.21,95554.99,94370.35,95291.0,3536.11021,1745611199999,336063723.44406690,555390,1555.86966000,147884712.74451940,0
1745611200000,95291.0,95345.45,94441.61,94638.68,1637.55808,1745625599999,155305661.41955510,248642,652.36351000,61872291.76070900,0
1745625600000,94638.68,95199.0,94527.84,94739.99,2542.70188,1745639999999,241117530.26250200,276316,1108.81904000,105164444.38158010,0
1745640000000,94739.99,94830.93,94380.72,94570.31,1410.05819,1745654399999,133442922.52224160,199142,633.13933000,59922718.72758750,0
1745654400000,94570.31,94733.54,93990.6,94144.06,1747.48781,1745668799999,164761284.00324160,284282,812.80393000,76643508.74509430,0
1745668800000,94144.07,94394.0,93870.69,94373.24,1638.82978,1745683199999,154306618.28427380,291676,747.20079000,70370359.35595100,0
1745683200000,94373.24,94378.87,94041.0,94307.5,832.25743,1745697599999,78441985.35150340,187191,332.41435000,31328750.09316710,0
1745697600000,94307.51,94888.0,94087.0,94628.0,1243.73366,1745711999999,117557021.41768230,237376,521.84719000,49327333.13497790,0
1745712000000,94628.0,95369.0,94041.6,94156.21,3925.87324,1745726399999,371858659.24493050,560746,1787.46473000,169484239.91465300,0
1745726400000,94156.22,94288.65,93655.0,94065.98,1858.72082,1745740799999,174743891.38306050,285465,668.30925000,62823771.44860980,0
1745740800000,94065.99,94331.85,93883.81,93920.01,1343.02543,1745755199999,126393661.06895700,224740,650.11571000,61190499.54918080,0
1745755200000,93920.0,94173.91,93602.58,93901.08,1432.64566,1745769599999,134502221.92698040,313036,754.95797000,70887243.21179670,0
1745769600000,93901.09,94434.79,93727.08,94433.5,1354.62397,1745783999999,127480362.87276380,227164,849.68106000,79975773.88104320,0
1745784000000,94433.49,94545.45,93641.7,93749.3,1247.95188,1745798399999,117355995.68992670,307009,539.55847000,50750711.10288620,0
1745798400000,93749.29,93987.3,92800.01,93849.93,3829.2548,1745812799999,357540875.92886360,709736,1910.52595000,178433012.46504220,0
1745812800000,93849.93,94800.0,93849.93,94692.49,3173.45503,1745827199999,299211017.38675540,363826,1924.85226000,181448041.99205910,0
1745827200000,94692.49,95550.0,94339.48,95319.99,4407.81686,1745841599999,418809445.54138780,503129,2405.94812000,228728649.28885920,0
1745841600000,95319.99,95630.0,93583.9,93833.51,6874.85491,1745855999999,651573051.70096400,1007946,3343.59707000,317261916.61257290,0
1745856000000,93833.5,94920.0,93444.0,94787.2,2284.50465,1745870399999,214898826.32848700,537275,1154.52013000,108637149.99375620,0
1745870400000,94786.73,95180.0,94305.95,95011.18,1587.64726,1745884799999,150499779.66871390,302828,887.33239000,84158534.88770830,0
1745884800000,95011.18,95461.53,94443.7,94658.76,2355.42851,1745899199999,223628653.18400670,553598,1179.80404000,112038765.53712710,0
1745899200000,94658.75,94960.0,94200.0,94917.61,3096.90198,1745913599999,292487323.46301110,360039,790.20626000,74738582.46897570,0
1745913600000,94917.61,95285.71,94743.01,95129.74,2370.90825,1745927999999,225220814.64158690,344827,1026.63872000,97540595.02964900,0
1745928000000,95129.74,95300.0,94531.85,94843.1,2872.24836,1745942399999,272562627.99363820,595211,1340.82521000,127242345.26820920,0
1745942400000,94843.1,95459.99,94658.99,95300.79,3091.57412,1745956799999,294376855.68133150,579351,1477.18282000,140654379.72332070,0
1745956800000,95300.79,95408.0,93742.54,94256.82,3168.27898,1745971199999,298878528.50397330,587849,1298.02764000,122473859.78578430,0
1745971200000,94256.82,95111.01,94136.48,95032.84,1764.9576,1745985599999,166983780.98042350,387747,952.20664000,90113245.63802310,0
1745985600000,95032.84,95180.0,94500.0,94620.99,1847.65644,1745999999999,175336917.42717130,296550,690.02569000,65496618.35840110,0
1746000000000,94620.99,95228.45,94527.58,95176.66,1661.24557,1746014399999,157693570.60368220,261424,891.12829000,84611835.10492260,0
1746014400000,95176.66,95214.9,92910.0,94004.63,8257.162,1746028799999,775638255.95077640,1239978,3853.48116000,361978704.27050820,0
1746028800000,94004.63,94500.0,93528.71,94152.01,2035.58804,1746043199999,191403521.33980330,601892,974.58383000,91629631.36152010,0
1746043200000,94152.01,94784.1,94005.0,94172.0,2094.66545,1746057599999,197769624.68126840,426558,1031.79059000,97442345.29786960,0
1746057600000,94172.0,95040.3,94130.43,94782.6,2877.4378,1746071999999,272640356.26561650,353264,1750.92805000,165924948.33881070,0
1746072000000,94782.6,95180.0,94714.38,95025.84,1880.34885,1746086399999,178617836.15116230,225192,906.07052000,86071326.11754350,0
1746086400000,95025.84,96396.31,94913.04,96180.01,4237.08588,1746100799999,406019531.39278880,477152,2504.92488000,240021312.75436690,0
1746100800000,96180.01,97424.02,95769.66,96854.3,7399.49215,1746115199999,714263174.35051020,982427,3499.80115000,338093659.63535240,0
1746115200000,96854.31,97367.26,96424.44,96523.26,3200.80242,1746129599999,310001362.56744030,513785,1423.93074000,137935994.58205090,0
1746129600000,96523.26,96885.77,96184.19,96489.91,1785.28633,1746143999999,172315353.54574910,373896,840.21774000,81109957.43063910,0
1746144000000,96489.9,97233.1,96466.21,97102.32,2134.18118,1746158399999,206858644.78092630,431883,1140.88853000,110555097.86533500,0
1746158400000,97102.32,97309.78,96350.0,96350.0,2432.89056,1746172799999,235390194.16004510,347651,1119.22965000,108326319.75439530,0
1746172800000,96350.01,97100.0,96350.0,96928.97,1860.2708,1746187199999,180012083.69636950,289089,978.24871000,94669795.48441240,0
1746187200000,96928.97,97895.68,96650.94,97330.19,5047.18173,1746201599999,490735922.01620070,893008,2705.84713000,263139233.10234720,0
1746201600000,97330.19,97783.02,96769.84,96924.23,2332.70775,1746215999999,227061138.68253140,514710,961.16141000,93553914.06115530,0
1746216000000,96924.23,97136.0,96561.57,96887.14,1098.51609,1746230399999,106329668.24798450,221922,534.95988000,51778456.95697470,0
1746230400000,96887.13,96935.67,96300.02,96337.5,2058.72462,1746244799999,198784328.94244190,206456,723.21385000,69854276.72432510,0
1746244800000,96337.5,96593.0,96132.67,96322.68,1508.87428,1746259199999,145379043.82881700,186930,658.71544000,63465815.50514310,0
1746259200000,96322.68,96421.91,95852.29,95942.02,2622.43769,1746273599999,252005021.02645370,243580,1025.05012000,98537310.80401290,0
1746273600000,95942.01,96509.44,95880.65,96418.68,1447.96366,1746287999999,139288786.59677550,181434,690.06838000,66399060.59936900,0
1746288000000,96418.68,96428.33,95869.68,96354.34,899.94616,1746302399999,86537419.99125640,188230,339.11193000,32606276.95119090,0
1746302400000,96354.34,96441.49,95753.01,95856.42,1185.40197,1746316799999,113911544.57940530,174609,493.24518000,47408551.86027350,0
1746316800000,95856.42,96304.48,95588.0,95722.23,1523.29654,1746331199999,146089548.94686050,359717,739.78812000,70928728.55131380,0
1746331200000,95722.22,96142.86,95692.7,95879.99,1780.05807,1746345599999,170780495.58834570,244271,586.09527000,56219983.25731380,0
1746345600000,95879.99,95923.54,95286.78,95423.2,2146.9622,1746359999999,205043536.65758210,276306,807.53538000,77139287.70737110,0
1746360000000,95423.19,95690.48,95209.07,95467.6,1981.94879,1746374399999,189233532.39241210,216919,718.93087000,68649057.74837820,0
1746374400000,95467.6,95640.98,95239.33,95584.07,863.77274,1746388799999,82442185.06490480,157210,390.34056000,37258210.27575860,0
1746388800000,95584.07,95758.08,94151.38,94277.62,2740.34508,1746403199999,259953105.20305360,420303,1142.64466000,108378203.31682680,0
1746403200000,94277.61,94808.4,93514.1,94031.47,4140.14024,1746417599999,389989190.97227640,580848,2141.95329000,201816026.95211520,0
1746417600000,94031.47,94825.46,94020.66,94761.91,2335.74375,1746431999999,220813256.50561010,272908,1167.41069000,110350658.01559200,0
1746432000000,94761.91,94798.01,93888.0,94038.18,2541.09717,1746446399999,239838651.68401550,260051,1115.11162000,105262160.78356250,0
1746446400000,94038.19,94531.74,93613.66,93770.31,4184.72517,1746460799999,393585089.82740010,752948,2065.15651000,194279542.20995160,0
1746460800000,93770.32,94900.0,93759.63,94347.17,2339.27872,1746475199999,220781948.40472650,420351,1037.15047000,97903900.84461850,0
1746475200000,94347.16,95199.0,93876.0,94733.68,1710.19684,1746489599999,161991242.78196820,336194,872.86597000,82687361.53368040,0
1746489600000,94733.68,94926.99,94012.78,94454.01,1586.4337,1746503999999,149820079.55596890,349717,760.79328000,71849682.80401430,0
1746504000000,94454.01,94638.01,94308.63,94400.99,1310.52658,1746518399999,123770950.51810010,189181,608.43838000,57463110.47496430,0
1746518400000,94400.98,94400.99,93720.63,93812.54,2666.58253,1746532799999,250948976.43952630,299507,969.69125000,91226585.79041890,0
1746532800000,93812.53,94733.38,93377.0,94558.95,3922.63869,1746547199999,368886732.47128280,631429,1732.45911000,163042843.66432280,0
1746547200000,94558.94,95157.0,94216.0,94963.5,2336.80706,1746561599999,221402543.76377310,426863,1264.40132000,119820318.50738830,0
1746561600000,94963.5,96920.65,94452.75,96834.02,4299.65657,1746575999999,412018481.81501700,616263,2170.17400000,207969942.37060490,0
1746576000000,96834.02,97732.0,96208.1,96506.9,5180.41253,1746590399999,502584639.12197940,597569,2633.22097000,255467032.69678910,0
1746590400000,96506.9,97013.53,96310.89,96994.82,2170.95622,1746604799999,209689132.87786130,256385,1062.26136000,102642072.50228200,0
1746604800000,96994.82,97111.0,96833.33,97047.43,1298.75814,1746619199999,125935567.42457100,210972,680.09286000,65944379.29721160,0
1746619200000,97047.43,97478.27,96713.14,96923.91,2791.58426,1746633599999,270921709.57963600,517210,1407.38650000,136599118.44650420,0
1746633600000,96923.91,96961.04,95784.61,96180.01,3605.87038,1746647999999,347713667.80080520,877505,1733.71240000,167195976.46885340,0
1746648000000,96180.0,97390.0,96076.92,97030.5,1597.25701,1746662399999,154885407.78760140,389498,800.07062000,77582032.99389510,0
1746662400000,97030.5,99222.22,96876.29,99152.79,6410.02899,1746676799999,629851776.32814480,835279,3835.98873000,376920877.06046280,0
1746676800000,99152.79,99419.0,98723.25,99252.34,4129.30669,1746691199999,409120147.34239730,410626,1845.68976000,182912340.50685670,0
1746691200000,99252.34,99888.0,99209.04,99409.14,3702.67483,1746705599999,368875320.98567160,341232,1768.77846000,176199041.14280720,0
1746705600000,99409.15,101525.03,99090.66,100758.08,7963.43171,1746719999999,798001833.06452200,1136481,4413.18555000,442426770.09626420,0
1746720000000,100758.08,101707.02,100596.0,101299.99,5099.76086,1746734399999,515951049.84073570,867663,2450.94163000,247981791.22857810,0
1746734400000,101300.0,104145.76,101285.71,103261.6,7656.82539,1746748799999,786845703.00354300,1399866,4232.64596000,434893658.32945800,0
1746748800000,103261.61,103268.44,102364.0,102451.04,3733.8534,1746763199999,383681204.22746960,640732,1771.67749000,182045166.34036310,0
1746763200000,102451.04,104361.3,102374.03,103628.77,5971.49947,1746777599999,617487240.56047230,577857,3272.60109000,338377221.71859810,0
1746777600000,103628.76,103930.0,102421.0,102958.31,8403.08937,1746791999999,866476627.51451120,1193084,4616.91231000,476058280.22486890,0
1746792000000,102958.31,103793.66,102411.99,102895.99,5841.22214,1746806399999,602268528.02713650,1201794,3289.55795000,339238107.79042880,0
1746806400000,102895.99,103370.54,102315.14,103189.17,2349.89886,1746820799999,241840090.09215200,618187,1063.51978000,109464844.72963260,0
1746820800000,103189.17,103408.0,102727.25,102971.99,1317.83583,1746835199999,135764757.55977150,175275,510.93519000,52643001.52229650,0
1746835200000,102971.99,103265.82,102818.76,103226.24,1788.89448,1746849599999,184316862.03606050,249041,898.98762000,92630297.46882460,0
1746849600000,103226.25,104100.0,103034.5,103759.71,2472.72488,1746863999999,256087351.20196760,360934,1423.10708000,147413699.91019660,0
1746864000000,103759.71,104079.37,103366.0,103434.94,2876.2662,1746878399999,298211877.44049660,437344,1519.22559000,157502119.04999220,0
1746878400000,103434.94,103825.4,103100.0,103138.77,1933.54411,1746892799999,200170553.61533080,267751,975.98717000,101068225.59224630,0
1746892800000,103138.76,103619.68,103005.33,103191.35,2330.41287,1746907199999,240734847.13141960,325301,1253.72372000,129508604.63127020,0
1746907200000,103191.35,104984.57,103068.87,104809.53,3922.94357,1746921599999,408864787.07713990,587474,2187.20360000,227972342.86913470,0
1746921600000,104809.53,104972.0,103466.05,104007.03,3855.57081,1746935999999,401736209.12181510,767833,1884.35850000,196344907.13893340,0
1746936000000,104007.03,104400.0,103345.06,103385.47,2952.77072,1746950399999,306578693.63029120,424357,1556.82321000,161641077.45496330,0
1746950400000,103385.46,104777.0,103380.95,104652.01,2472.65506,1746964799999,257788398.42434820,336695,1243.29686000,129592878.04854990,0
1746964800000,104652.01,104888.0,103775.91,104150.0,4500.51294,1746979199999,469363926.81539600,602440,2162.96928000,225660253.34225190,0
1746979200000,104150.0,104832.82,103750.0,104420.0,2312.17239,1746993599999,240934842.00313220,496122,1173.17628000,122285638.58860170,0
1746993600000,104420.0,104578.62,103569.77,104118.0,1893.44005,1747007999999,196979707.21744270,472729,1051.33165000,109378530.53400780,0
1747008000000,104118.0,105086.42,103702.15,104100.13,4046.32885,1747022399999,422221885.90867910,685325,2147.81041000,224230500.36513240,0
1747022400000,104100.13,105819.45,103750.0,104467.99,6956.58682,1747036799999,730018983.36173360,874969,3962.92658000,416039069.59406300,0
1747036800000,104467.99,104736.45,103625.0,103762.9,4195.60245,1747051199999,437679413.20244280,663617,2125.00337000,221732501.32883370,0
1747051200000,103762.89,104629.96,102388.0,102527.26,7882.24448,1747065599999,815715248.00549920,1479231,4039.79147000,418259139.44061450,0
1747065600000,102527.27,103088.88,100718.37,101860.0,6054.64243,1747079999999,617480364.88629690,1157612,2988.87113000,304965822.29330660,0
1747080000000,101859.99,103127.92,101770.2,102791.32,2137.37289,1747094399999,219233042.01841750,437653,1191.59501000,122230763.56618930,0
1747094400000,102791.32,102791.32,101429.7,101719.4,3352.34144,1747108799999,342419286.38425400,798827,1514.12973000,154684006.71248180,0
1747108800000,101719.4,102943.28,101610.56,102665.5,3546.89229,1747123199999,363601013.98565380,454015,2136.47362000,219051816.61858660,0
1747123200000,102665.5,103822.03,102540.18,103729.2,2797.46591,1747137599999,288841502.84406120,411752,1508.48758000,155803277.67596360,0
1747137600000,103729.2,103966.0,102811.32,103682.55,4451.38278,1747151999999,460820760.54926740,899294,2168.73261000,224587525.32673900,0
1747152000000,103682.54,104976.25,103532.18,104792.22,5053.45199,1747166399999,527482224.34906680,715366,2440.65494000,254658939.98862280,0
1747166400000,104792.21,104928.0,103869.01,104103.72,2051.88968,1747180799999,214079330.04006370,424277,937.49997000,97824098.38540120,0
1747180800000,104103.72,104115.86,103453.26,103587.44,3010.71837,1747195199999,312658133.18091150,507157,1379.63949000,143258282.57519070,0
1747195200000,103587.44,103971.0,103381.02,103716.55,2102.25399,1747209599999,218031701.21327820,336510,993.45992000,103036754.01603700,0
1747209600000,103716.55,104145.0,102875.22,103944.93,3535.76301,1747223999999,366035334.42456370,530488,1870.01331000,193613500.36654590,0
1747224000000,103944.93,104356.95,102833.55,103514.24,5202.04446,1747238399999,539031189.72704300,879190,2535.01997000,262887346.84670240,0
1747238400000,103514.24,103720.44,102602.05,103321.72,1856.97684,1747252799999,191820174.33681660,547593,863.31201000,89178138.07394080,0
1747252800000,103321.73,103667.52,103304.66,103507.82,745.15143,1747267199999,77131746.50579790,224283,384.58863000,39809449.77594420,0
1747267200000,103507.83,103866.51,102720.0,102753.63,1797.79721,1747281599999,185567025.72331390,464855,659.63706000,68093306.52496150,0
1747281600000,102753.62,102962.38,101724.17,101779.99,2353.66229,1747295999999,240923000.30769470,598181,1041.33627000,106602195.71642100,0
1747296000000,101779.99,102441.0,101500.0,102371.61,2612.10704,1747310399999,266377257.17328780,525061,1380.44822000,140783388.65582310,0
1747310400000,102371.62,103291.99,101383.07,103251.35,4312.54952,1747324799999,441184221.14340480,1101180,2045.32912000,209327580.78541010,0
1747324800000,103251.36,104192.7,102552.35,103157.26,4442.22626,1747339199999,459594344.56658890,890090,2052.50863000,212408897.22881150,0
1747339200000,103157.26,103980.84,102708.46,103763.71,2480.64372,1747353599999,256537625.61491350,560110,1295.92106000,134028976.65270880,0
1747353600000,103763.71,104466.01,103467.91,104023.49,3294.14952,1747367999999,342613963.04308990,619899,1618.00096000,168309538.05277000,0
1747368000000,104023.49,104190.48,103694.18,103710.17,2338.96041,1747382399999,243145722.21313600,400768,1317.46389000,136948650.65350530,0
1747382400000,103710.17,103900.0,103100.49,103651.71,3118.57852,1747396799999,322949476.61379540,551272,1271.34167000,131706935.02024100,0
1747396800000,103651.72,104286.0,103343.07,104183.33,3503.77985,1747411199999,363761601.00034420,779062,1812.46231000,188178816.83647660,0
1747411200000,104183.32,104550.33,103587.0,104032.6,2352.84073,1747425599999,244925831.93594890,580856,1082.55281000,112737388.23920900,0
1747425600000,104032.6,104032.6,103397.5,103463.9,1075.57121,1747439999999,111435777.51783370,305585,453.33637000,46969053.39207280,0
1747440000000,103463.9,103600.0,102612.5,103508.48,2858.83928,1747454399999,294811054.76476190,606419,1381.64788000,142505778.22432340,0
1747454400000,103508.48,103709.86,103285.71,103451.14,1318.92723,1747468799999,136518050.59663240,263551,772.09360000,79911451.19660920,0
1747468800000,103451.13,103568.58,102753.67,102994.17,2720.30154,1747483199999,280373790.91307370,485524,1294.81309000,133494800.39509040,0
1747483200000,102994.18,103180.0,102640.02,102939.53,1272.66735,1747497599999,131036483.90420670,446752,571.01015000,58797027.77300280,0
1747497600000,102939.52,103350.0,102761.9,103158.6,1287.9669,1747511999999,132762878.92507950,371633,633.82509000,65343394.81889500,0
1747512000000,103158.6,103477.87,102900.72,103126.65,1792.19392,1747526399999,184916103.84686390,394718,681.72544000,70327276.32592930,0
1747526400000,103126.65,103409.98,103105.09,103295.7,913.9652,1747540799999,94387260.38216330,251564,423.24862000,43708332.41553980,0
1747540800000,103295.7,103988.0,103295.69,103919.39,1414.68073,1747555199999,146518338.31552140,227414,808.53727000,83753799.07241840,0
1747555200000,103919.39,104088.2,103800.0,103800.54,1574.15623,1747569599999,163586363.71232210,255909,860.94052000,89468868.74722300,0
1747569600000,103800.55,105680.0,103701.4,105518.0,4982.50382,1747583999999,522726120.00799380,545204,3137.24621000,329137570.27392310,0
1747584000000,105518.0,105980.0,103851.01,103883.97,5395.35549,1747598399999,566207006.66312260,711164,2733.75208000,286951733.22894240,0
1747598400000,103883.98,106660.0,103285.71,106454.26,7319.32579,1747612799999,768789882.99381520,1202045,3701.17434000,388894248.31715450,0
1747612800000,106454.27,107108.62,103534.47,103605.88,5830.4141,1747627199999,613972679.50196180,1121158,2890.50580000,304839454.81539660,0
1747627200000,103605.9,103779.99,102000.0,103226.29,7899.03768,1747641599999,812576882.55724470,1162776,3257.99150000,335271805.35778100,0
1747641600000,103226.29,103425.53,102782.6,102963.41,2683.33916,1747655999999,276620177.13536050,556279,1284.59197000,132442159.53122090,0
1747656000000,102963.4,104968.75,102126.16,104786.41,6071.83103,1747670399999,628993087.09502450,889576,3095.51691000,320736163.44674450,0
1747670400000,104786.42,105561.76,104491.53,105517.7,4503.35567,1747684799999,473238896.29512350,723621,2229.95820000,234329975.90746730,0
1747684800000,105517.64,105829.99,105016.27,105573.74,3272.0576,1747699199999,344922782.01073650,427961,1449.74462000,152833336.02554590,0
1747699200000,105573.73,106853.27,105533.01,105761.92,5750.55327,1747713599999,610461798.74083790,843042,3060.50928000,324907264.33022570,0
1747713600000,105761.92,106399.0,104928.44,105021.71,3035.55334,1747727999999,320734204.93101130,480982,1479.37814000,156389767.11169740,0
1747728000000,105021.7,105416.66,104847.16,105203.76,2326.54242,1747742399999,244675230.20803590,334627,1209.44874000,127209793.96063730,0
1747742400000,105203.75,105391.27,104184.72,105333.68,3799.70194,1747756799999,397803189.63440140,622852,2089.14724000,218745960.80079760,0
1747756800000,105333.67,107238.37,105090.9,107026.47,5057.29953,1747771199999,536665511.45380680,833265,2702.86782000,286876100.67027900,0
1747771200000,107026.47,107320.0,105935.83,106849.99,3735.83225,1747785599999,398762509.70150490,763583,1809.11153000,193144765.51588620,0
1747785600000,106850.0,107206.94,106186.79,106843.59,2584.02606,1747799999999,275890419.72216470,577148,1062.02409000,113409842.88164010,0
1747800000000,106843.6,107985.05,106454.54,106527.16,5791.25242,1747814399999,621536404.72422890,949984,2980.52085000,319852772.29591960,0
1747814400000,106527.17,106797.98,106100.01,106546.44,2982.12972,1747828799999,317338573.21519570,542267,1795.60860000,191088174.65490660,0
1747828800000,106546.43,109458.0,106329.47,108973.35,11705.49449,1747843199999,1265951744.16976480,1560513,6897.69099000,745475323.22500250,0
1747843200000,108973.34,109845.0,106117.67,108603.79,14958.19983,1747857599999,1612897473.52878710,2159102,6750.20424000,728541908.93900370,0
1747857600000,108603.79,110797.38,107725.0,109643.99,7509.937825,1747871999999,821094898.95988560,1046265,4175.60062500,457160459.10225330,0
1747872000000,109643.99,111880.0,109177.37,111780.84,9017.73168,1747886399999,996161048.79238070,1557843,4907.32904000,542178961.51567580,0
1747886400000,111780.84,111795.04,110461.87,111045.45,7103.40338,1747900799999,789767305.23593420,1129844,3801.35510000,422697590.88337770,0
1747900800000,111045.45,111326.2,110272.72,110981.97,4014.18788,1747915199999,444496797.00609990,745353,2113.33757000,234025431.11044800,0
1747915200000,110981.98,111626.43,110550.0,111290.86,6086.26018,1747929599999,676543999.17266800,1179845,3120.86417000,346919590.43407100,0
1747929600000,111290.85,111980.0,110916.4,111188.0,3260.6327,1747943999999,363687479.48256830,770897,1617.74807000,180463356.63934060,0
1747944000000,111188.0,111717.34,110763.27,111696.21,2148.55731,1747958399999,238776204.88376620,410434,1023.92898000,113798167.99987280,0
1747958400000,111696.22,111800.0,111000.13,111100.01,2834.29482,1747972799999,315753691.98864540,605403,1389.57771000,154823331.65092590,0
1747972800000,111100.0,111181.82,110407.89,110715.42,3226.515,1747987199999,357229286.77358590,503850,1415.73599000,156729530.29139760,0
1747987200000,110715.41,111381.61,108888.0,109076.35,4204.18634,1748001599999,463620844.79813630,683930,1959.56753000,216302606.82512920,0
1748001600000,109076.36,109992.75,107316.0,108940.0,13163.25808,1748015999999,1431385356.81934620,1779217,5659.55067000,615934915.70694390,0
1748016000000,108940.0,109809.53,108001.0,108716.07,4951.18081,1748030399999,539415749.02385590,927366,2426.56915000,264475187.78109000,0
1748030400000,108714.01,108727.28,106800.0,107318.3,3358.28804,1748044799999,362299516.98683500,751426,1458.31547000,157356868.93203040,0
1748044800000,107318.3,108367.54,106875.41,108366.3,2321.32073,1748059199999,249886763.94997150,656228,1175.01933000,126518123.48609080,0
1748059200000,108366.31,108582.33,107566.37,107587.75,1982.27366,1748073599999,214331036.78742630,377874,801.14186000,86638453.78914220,0
1748073600000,107587.75,109506.03,107587.74,109208.56,5417.04518,1748087999999,589431582.26087830,545712,3379.94233000,368109903.51909520,0
1748088000000,109208.57,109282.81,108540.0,108929.7,2666.17903,1748102399999,290242195.94026480,467283,1262.03783000,137395656.07271360,0
1748102400000,108929.71,109200.0,108682.36,108960.0,1015.55537,1748116799999,110613973.53865780,259220,575.85908000,62717371.17611150,0
1748116800000,108960.0,109125.0,107500.0,107761.91,3380.15732,1748131199999,365453267.29765990,499101,1592.90704000,172303585.27850370,0
1748131200000,107761.9,108257.14,107206.0,108095.75,2495.88081,1748145599999,268908816.75362670,595293,1272.74459000,137160459.12512350,0
1748145600000,108095.76,108288.69,107454.54,107681.81,1293.71165,1748159999999,139580018.95648040,288781,555.73637000,59955855.45333150,0
1748160000000,107681.82,107700.65,106708.98,107260.0,3399.35699,1748174399999,364131673.48384410,639342,1398.23445000,149775431.84495550,0
1748174400000,107259.99,107743.34,106600.64,106967.97,5093.14772,1748188799999,546045845.96496550,660123,2164.02008000,232137781.27837140,0
1748188800000,106967.97,107940.95,106640.52,107717.01,2103.88371,1748203199999,225250138.38447750,311695,733.10191000,78571983.94349810,0
1748203200000,107717.02,109299.99,107176.0,109004.19,3324.06607,1748217599999,360449961.88246380,655934,1743.32972000,189086623.36443360,0
1748217600000,109004.2,109844.91,108670.58,109623.53,3090.7964,1748231999999,338113769.46002950,603606,1641.89836000,179615118.31490430,0
1748232000000,109623.54,110228.11,109365.29,110094.62,2472.4091,1748246399999,271372863.51502040,361108,1124.61626000,123501472.78519180,0
1748246400000,110094.62,110173.92,109556.69,109772.72,1654.27634,1748260799999,181592048.18981660,319092,798.01994000,87602160.96276500,0
1748260800000,109772.73,110420.74,109494.74,110009.82,3113.22041,1748275199999,342044174.81311380,598615,1536.05064000,168796206.95124440,0
1748275200000,110009.83,110422.22,108858.28,109130.44,3037.99696,1748289599999,332410909.91317090,656499,1545.75152000,169133903.50302000,0
1748289600000,109130.44,109888.89,108940.0,109434.79,1280.41672,1748303999999,140044516.21675190,348943,654.77616000,71620158.67515420,0
1748304000000,109434.78,109666.0,107516.57,108892.16,4704.3073,1748318399999,510766736.21026320,898416,2114.70326000,229624869.95141020,0
1748318400000,108892.15,109636.37,108550.0,109547.16,3340.1595,1748332799999,364337211.14372300,532814,1688.19462000,184162828.05261660,0
1748332800000,109540.0,109899.0,109428.98,109585.49,1886.45358,1748347199999,206860201.62386070,305162,891.97185000,97814086.23336210,0
1748347200000,109585.49,110718.0,108670.29,110140.11,6777.89203,1748361599999,744534019.97309690,1029443,3154.24352000,346494027.67173700,0
1748361600000,110140.11,110499.64,109574.46,109877.87,2624.04806,1748375999999,288951599.12771870,521923,1074.30883000,118291290.00888370,0
1748376000000,109877.87,109897.49,108600.0,108938.17,1943.79588,1748390399999,212154083.04060260,447751,1046.47063000,114166522.54358960,0
1748390400000,108938.17,109284.7,108400.0,108863.64,2003.85357,1748404799999,218004240.42806060,448780,963.55132000,104837067.36983910,0
1748404800000,108863.64,109089.68,108624.43,108816.44,1391.51979,1748419199999,151505647.61205970,248061,604.29786000,65793646.98118270,0
1748419200000,108816.44,109130.44,108258.01,108870.38,1891.22828,1748433599999,205658874.10946950,372912,912.82962000,99261960.71236730,0
1748433600000,108870.39,109053.39,107045.45,107107.31,5751.05895,1748447999999,620113457.73307390,812749,2165.11124000,233566106.12590310,0
1748448000000,107107.31,107842.29,106938.24,106946.01,2757.68701,1748462399999,296276896.82407420,562584,1252.99520000,134649013.31964420,0
1748462400000,106946.0,108043.95,106769.43,107781.78,1838.44069,1748476799999,197577631.80629340,488176,978.48817000,105175172.21178320,0
1748476800000,107781.78,108484.61,107421.12,108044.88,3012.04609,1748491199999,325425420.68837020,586838,1440.17029000,155611181.27436750,0
1748491200000,108044.87,108106.94,106948.01,107880.72,2287.08404,1748505599999,246195578.25680290,383515,1082.37865000,116510683.82296500,0
1748505600000,107880.73,108891.91,107681.81,108779.84,2525.30968,1748519999999,273967847.61870650,399682,1320.53901000,143269685.76671610,0
1748520000000,108779.83,108797.25,106474.0,107019.89,5170.87467,1748534399999,556298787.03439650,973324,2373.81136000,255365781.38445030,0
1748534400000,107019.9,107168.23,105639.3,105731.74,4682.29852,1748548799999,498154223.90511320,1013958,2265.41915000,241039586.28003040,0
1748548800000,105731.74,106470.69,105322.86,105589.75,2157.08816,1748563199999,228597160.00477250,417609,975.17510000,103376853.02046050,0
1748563200000,105589.75,106214.93,104600.5,106024.33,4390.94984,1748577599999,463755417.82254200,806838,1949.49866000,205919727.46710360,0
1748577600000,106024.33,106313.12,104727.72,105028.02,4187.15493,1748591999999,442074746.88825770,513680,1825.56098000,192734196.85225370,0
1748592000000,105028.03,105981.75,104606.01,105880.51,3463.58178,1748606399999,364955681.89780860,651372,1771.12045000,186558921.87503230,0
1748606400000,105880.5,106000.0,105047.61,105543.0,4176.35736,1748620799999,440875825.61956790,890917,2009.69815000,212154739.90827000,0
1748620800000,105543.0,105560.98,103706.71,104640.5,5203.39187,1748635199999,543128192.89285070,891655,2540.14041000,265109951.70801510,0
1748635200000,104640.49,104878.05,103621.0,103985.48,2285.06221,1748649599999,238288684.47083400,553110,974.96881000,101681020.83291070,0
1748649600000,103985.47,104292.69,103068.55,103684.01,3246.32605,1748663999999,336519761.53928420,985309,1428.89579000,148163932.67104160,0
1748664000000,103684.0,103911.1,103487.99,103747.02,1424.77118,1748678399999,147770969.20034240,243774,660.23018000,68481289.64846880,0
1748678400000,103747.03,103809.51,103285.71,103498.18,1462.02815,1748692799999,151343372.53773710,271747,695.67916000,72013497.60564040,0
1748692800000,103498.17,104846.15,103480.11,104556.08,2862.31641,1748707199999,298339071.12241710,415759,1491.36822000,155395832.32677750,0
1748707200000,104556.08,104780.49,104261.39,104698.02,1237.73843,1748721599999,129413846.86133610,223868,516.61851000,54009195.91660110,0
1748721600000,104698.03,104900.0,104473.2,104591.88,1056.179,1748735999999,110613780.24592100,203330,486.15989000,50916882.68082840,0
1748736000000,104591.88,104647.11,103924.52,104381.03,1332.51766,1748750399999,138928610.31488290,305349,603.15210000,62889303.52038060,0
1748750400000,104381.03,104729.99,104195.12,104275.95,935.26236,1748764799999,97690941.73881290,193292,454.99038000,47525618.87349980,0
1748764800000,104275.95,104459.07,103752.49,104082.68,1515.57248,1748779199999,157662588.37059880,336262,694.01653000,72204780.67721510,0
1748779200000,104082.67,104809.53,103783.01,104715.1,1868.98228,1748793599999,195212691.25707250,333719,924.48227000,96545032.10141990,0
1748793600000,104715.1,105299.21,104319.79,105121.94,2430.98984,1748807999999,255216587.43923960,422759,1161.40361000,121925344.16638550,0
1748808000000,105121.95,105866.91,104893.72,105642.93,1626.37544,1748822399999,171477067.82999290,347978,802.30581000,84593387.59588340,0
1748822400000,105642.93,105735.42,104571.42,104829.27,1887.57513,1748836799999,198614469.62498650,367795,893.26044000,93988501.86600940,0
1748836800000,104829.27,105438.87,104610.13,105387.67,1324.62784,1748851199999,139114371.42552750,277046,637.37808000,66950551.64381230,0
1748851200000,105387.67,105935.63,103941.0,104047.64,3133.90977,1748865599999,328296593.17078700,571501,1394.88637000,146139956.12780830,0
1748865600000,104047.63,104679.25,103659.88,104438.79,3457.5451,1748879999999,360107642.30067380,822524,1816.32337000,189221115.81676570,0
1748880000000,104438.79,104731.95,104030.01,104425.63,1581.04916,1748894399999,164915085.03091530,490229,721.79973000,75287139.93581600,0
1748894400000,104425.64,105931.44,104425.64,105857.99,2069.28113,1748908799999,217956045.43348320,468561,1031.00698000,108590561.22420550,0
1748908800000,105858.0,106500.0,105340.18,105482.02,2370.68744,1748923199999,251326270.60196520,468486,1142.62296000,121137425.16179790,0
1748923200000,105482.03,105513.02,105116.2,105170.75,1808.4499,1748937599999,190456141.20940970,222536,838.66496000,88329549.57111560,0
1748937600000,105170.76,105349.94,104872.5,105287.24,1581.41246,1748951999999,166292074.74878010,205403,793.04221000,83403834.13781870,0
1748952000000,105287.24,106794.67,105031.6,106610.66,3944.17196,1748966399999,417996489.85554700,720032,1974.04528000,209186873.61551670,0
1748966400000,106610.66,106666.67,105592.17,106238.81,2007.43502,1748980799999,212976095.05268250,476122,866.43957000,91931171.64759640,0
1748980800000,106238.81,106254.92,105266.02,105376.89,1547.36956,1748995199999,163446675.13093730,378119,645.40938000,68172072.69027730,0
1748995200000,105376.9,105839.63,105132.27,105519.27,1468.56182,1749009599999,154970446.16107820,332826,649.93640000,68589999.05456580,0
1749009600000,105519.26,105611.96,105250.0,105320.75,2243.32025,1749023999999,236452160.14523160,227013,1198.13607000,126296938.80493430,0
1749024000000,105320.75,106000.0,105080.26,105084.36,3840.76425,1749038399999,405222621.89705870,346456,2110.46416000,222845232.34886380,0
1749038400000,105084.36,105542.0,104179.0,105298.27,3906.47888,1749052799999,409870404.83420590,690164,1969.33189000,206626643.94484620,0
1749052800000,105298.26,105483.14,104865.25,104913.52,1452.09412,1749067199999,152716557.47089870,371764,569.46680000,59886834.35680590,0
1749067200000,104913.52,105045.79,104407.16,104696.86,1123.6755,1749081599999,117696291.86040500,306241,482.61378000,50558108.90856780,0
1749081600000,104696.86,105240.84,104651.16,105047.15,1126.54275,1749095999999,118247907.98237800,267155,468.19062000,49147265.55528670,0
1749096000000,105047.15,105226.14,104380.0,104518.05,1593.6961,1749110399999,166883435.93518770,243475,716.78498000,75079939.64775350,0
1749110400000,104518.05,104920.0,104424.52,104827.8,1061.75675,1749124799999,111162468.12350100,190360,464.40468000,48623794.92056830,0
1749124800000,104827.79,105909.71,103900.0,104531.49,5067.78387,1749139199999,531291459.98269530,857478,2374.95843000,249029271.85691540,0
1749139200000,104531.5,104598.87,101596.62,101914.77,6187.5316,1749153599999,636706044.18023310,1215570,2611.76508000,268663708.43159810,0
1749153600000,101914.76,102171.44,100372.26,101508.68,7284.19047,1749167999999,737276576.32654960,1189257,3369.25640000,341124536.63058910,0
1749168000000,101508.69,102520.0,101095.8,102493.3,2752.42188,1749182399999,280337431.25985090,463227,1517.23506000,154550572.43867980,0
1749182400000,102493.3,103468.66,102387.38,103150.44,2278.64268,1749196799999,234519854.50265430,316808,1048.48975000,107933148.67460770,0
1749196800000,103150.44,103991.45,103150.43,103927.99,2218.22642,1749211199999,229913470.74904480,324584,1009.14771000,104601879.28150070,0
1749211200000,103927.99,105333.0,103513.7,105092.28,4660.37233,1749225599999,486546688.89961930,864287,2328.70892000,243215352.88597950,0
1749225600000,105092.28,105284.0,104013.21,104219.8,2762.90707,1749239999999,289329104.25328270,505866,1150.73834000,120522322.52117200,0
1749240000000,104219.8,104617.56,104167.98,104288.44,1166.50347,1749254399999,121735855.27112330,234555,601.28701000,62752545.63385350,0
1749254400000,104288.43,104910.77,103871.09,104871.58,1400.16428,1749268799999,146265247.24395720,316148,731.02498000,76374574.16844500,0
1749268800000,104871.59,105319.13,104643.62,104867.04,1309.06461,1749283199999,137352383.41611240,198415,614.14214000,64452315.29636420,0
1749283200000,104867.03,105264.0,104689.81,105150.01,1180.35371,1749297599999,123955243.71684370,205309,451.14730000,47381329.18094870,0
1749297600000,105150.01,105800.0,105150.0,105558.11,2197.72958,1749311999999,231765883.80562840,307646,1150.77241000,121342474.70158710,0
1749312000000,105558.11,105884.46,105279.06,105725.91,1536.04392,1749326399999,162256848.83542960,226137,688.02892000,72686033.14716350,0
1749326400000,105725.91,105900.0,105534.88,105552.15,721.57596,1749340799999,76319773.93685180,148839,334.90337000,35427472.69676270,0
1749340800000,105552.15,105786.33,105394.03,105471.59,1084.68276,1749355199999,114444443.80865320,154210,565.71738000,59686488.56252280,0
1749355200000,105471.59,105653.13,105408.38,105426.45,623.06268,1749369599999,65737115.47819390,115683,278.43323000,29378412.37552380,0
1749369600000,105426.46,105720.94,104964.14,105686.71,1672.01298,1749383999999,176135665.41665160,238274,940.62293000,99104051.57733830,0
1749384000000,105686.71,106160.19,105520.25,105984.52,2200.98155,1749398399999,232813856.36545020,320250,1429.40368000,151186872.76578810,0
1749398400000,105984.53,106360.0,105943.91,106289.99,1099.96633,1749412799999,116826393.16254400,207139,532.34251000,56538024.70192300,0
1749412800000,106289.99,106488.14,105545.71,105734.0,1367.35675,1749427199999,144929655.19680470,259598,614.90293000,65204656.10522800,0
1749427200000,105734.01,105966.33,105318.37,105659.13,1795.0497,1749441599999,189593192.59217350,325484,784.98097000,82903195.41613270,0
1749441600000,105659.14,105717.3,105319.0,105560.71,1470.33986,1749455999999,155180983.71680250,173955,653.71161000,68996839.40664630,0
1749456000000,105560.71,107806.0,105473.57,107759.21,4424.95656,1749470399999,473120285.02745830,527766,2690.67950000,287616731.75444000,0
1749470400000,107759.21,108020.0,106860.0,107635.91,3544.41855,1749484799999,381447359.43381960,598278,1797.54148000,193492007.85091610,0
1749484800000,107635.91,108767.24,107635.91,108564.72,2689.46607,1749499199999,291102291.59995970,511597,1263.21691000,136747168.43533520,0
1749499200000,108565.86,110530.17,108456.08,110263.02,6051.14377,1749513599999,664477909.85095920,702766,3433.75170000,377034122.65009130,0
1749513600000,110263.02,110311.82,109381.24,109568.02,2356.61975,1749527999999,258795023.54840100,377962,992.37561000,108979806.23596350,0
1749528000000,109568.03,109737.68,109095.67,109205.14,2317.07387,1749542399999,253367346.27809450,308891,931.06833000,101841409.34566350,0
1749542400000,109205.14,109851.8,109056.9,109541.28,2344.90457,1749556799999,256567638.23995450,368615,1292.48006000,141440607.03403550,0
1749556800000,109541.93,109900.81,108331.03,109015.42,5247.00781,1749571199999,572242992.47027030,823507,2268.71235000,247472041.86333440,0
1749571200000,109015.41,110400.0,108518.86,109526.3,2639.86004,1749585599999,288800370.80299200,605668,1481.75375000,162137663.37796820,0
1749585600000,109526.3,110299.73,109239.68,110274.39,2166.36235,1749599999999,237847178.85246060,518777,1042.90571000,114539746.53998370,0
1749600000000,110274.39,110274.4,109533.97,109722.95,1393.61311,1749614399999,153022600.78605590,332156,521.27421000,57240019.54393250,0
1749614400000,109722.95,109745.29,109373.67,109446.74,1000.47435,1749628799999,109599176.55279460,195722,360.83103000,39530956.07231600,0
1749628800000,109446.74,109675.69,109193.89,109252.09,1633.7552,1749643199999,178736867.67325990,187975,559.46100000,61206485.33842960,0
1749643200000,109252.1,110392.01,109008.82,109735.7,4399.26765,1749657599999,482990904.08559580,851848,2433.37006000,267158744.94484310,0
1749657600000,109735.7,109815.84,108412.01,108742.37,2837.53217,1749671999999,309559733.75746630,656391,1355.71391000,147922420.72768880,0
1749672000000,108742.37,109219.51,108064.0,108645.12,1851.2739,1749686399999,200975356.89545780,442922,800.31846000,86888591.37617690,0
1749686400000,108645.13,108813.55,107730.0,107860.05,3756.8345,1749700799999,406706749.37198780,498042,1682.19753000,182278745.97170490,0
1749700800000,107860.04,107993.58,107320.0,107633.53,2337.6809,1749715199999,251755740.01813990,311048,1147.15014000,123533636.40700220,0
1749715200000,107633.53,107835.83,106874.47,106900.95,1866.42836,1749729599999,200386361.95224860,385568,861.90316000,92567386.98996560,0
1749729600000,106900.95,107822.5,106600.0,107020.95,3201.2854,1749743999999,343181119.28775340,635073,1584.95699000,169930431.92912560,0
1749744000000,107020.96,108450.16,106680.0,106788.8,2559.00784,1749758399999,275585406.13736500,773724,1293.38747000,139354485.75840020,0
1749758400000,106789.8,106960.77,105671.72,105671.73,4057.43518,1749772799999,430693897.31933970,913965,1721.63119000,182755824.41424300,0
1749772800000,105671.74,105694.0,102664.31,104277.22,11535.37443,1749787199999,1198076597.88933900,1915386,5123.38754000,531939857.45649560,0
1749787200000,104277.22,104970.12,103782.75,104895.0,3355.01643,1749801599999,350214514.29091180,666305,1885.93155000,196957158.42431260,0
1749801600000,104895.01,105434.34,104425.79,105039.48,3146.66203,1749815999999,330123262.69873800,619698,1741.46629000,182779920.99986480,0
1749816000000,105039.48,105747.47,104118.0,105436.87,3901.15519,1749830399999,409648641.62863460,1025707,1931.56710000,202874563.51411730,0
1749830400000,105436.87,105981.0,104668.73,105110.0,2950.53869,1749844799999,310921173.16409160,857134,1385.45781000,146063615.83946030,0
1749844800000,105110.01,106179.53,105020.87,106066.59,1292.07057,1749859199999,136477701.02125520,368347,725.89676000,76685239.76096870,0
1749859200000,106066.59,106252.0,105197.96,105228.82,3017.48753,1749873599999,318910479.53963650,331857,1373.31624000,145242101.07608800,0
1749873600000,105228.83,105397.06,104792.98,105076.59,1002.68077,1749887999999,105458707.26951000,163176,457.96315000,48170785.43242910,0
1749888000000,105076.59,105132.36,104836.06,105082.01,786.7679,1749902399999,82605938.08161110,152044,359.37051000,37733270.96888700,0
1749902400000,105082.01,105131.25,104615.38,104841.3,1045.14048,1749916799999,109644890.01676680,222647,439.47679000,46110841.37258200,0
1749916800000,104841.29,105045.78,104359.08,104645.67,1687.29248,1749931199999,176564651.26703280,336509,673.14485000,70440041.98330550,0
1749931200000,104645.66,105480.0,104300.0,105414.64,1259.57053,1749945599999,132383948.00384930,315543,545.28344000,57304235.09298000,0
1749945600000,105414.63,105680.0,105264.75,105473.55,759.41728,1749959999999,80115866.04268140,140245,384.88723000,40603483.33200840,0
1749960000000,105473.54,106128.57,105200.0,105428.0,1381.52981,1749974399999,145914173.65243960,189645,710.27046000,75050121.72435550,0
1749974400000,105428.0,105482.4,104867.64,104970.51,1057.15319,1749988799999,111074906.34066160,217191,492.98713000,51799064.20803690,0
1749988800000,104970.51,105838.24,104955.48,105564.0,1245.40098,1750003199999,131340497.83484720,304364,605.35588000,63826669.39368780,0
1750003200000,105563.99,105777.09,105082.97,105294.19,975.97763,1750017599999,102942354.77293660,225378,417.79269000,44070382.18796910,0
1750017600000,105294.19,105617.82,104494.53,105594.01,1744.72158,1750031999999,183209089.23123400,487945,745.17573000,78258856.83931970,0
1750032000000,105594.02,105970.59,104980.37,105921.84,1680.0381,1750046399999,177466861.58254690,459688,815.10103000,86114500.41681780,0
1750046400000,105921.85,107262.31,105874.48,107061.8,2778.21159,1750060799999,296301104.24480940,372008,1456.99462000,155342857.65944000,0
1750060800000,107061.8,107255.01,106582.25,106883.99,2148.92551,1750075199999,229892836.47066360,268610,1037.93649000,111046045.37269880,0
1750075200000,106884.0,107784.26,106495.09,107424.96,2538.358,1750089599999,272091106.28241470,645288,1345.53148000,144242762.99410200,0
1750089600000,107424.96,108888.0,107309.15,108652.0,2748.12533,1750103999999,297097680.18967300,524006,1457.91430000,157627950.65197820,0
1750104000000,108652.01,108952.38,106700.0,106794.53,3029.00687,1750118399999,327000251.96241680,659398,1328.87129000,143490913.04158100,0
1750118400000,106794.53,107771.34,106115.35,107590.41,3025.95246,1750132799999,323600154.77631280,753665,1548.15056000,165570285.87621520,0
1750132800000,107590.41,107711.06,106481.6,106758.52,1696.95424,1750147199999,181643406.69676880,361963,733.98647000,78578949.52215650,0
1750147200000,106758.52,106822.78,105508.23,105641.47,2408.54535,1750161599999,255535721.24428490,404762,1127.10787000,119572082.67696340,0
1750161600000,105641.48,105862.03,104130.95,104241.63,4308.26392,1750175999999,452417553.05654770,790756,1749.84760000,183844743.49473350,0
1750176000000,104241.62,105336.82,103371.02,104686.12,4719.96669,1750190399999,491562436.89796270,982562,2186.68826000,227761213.32306960,0
1750190400000,104686.12,104898.81,104203.85,104551.17,1706.64759,1750204799999,178414212.22722290,429302,736.87214000,77038168.31821780,0
1750204800000,104551.17,105240.0,104379.52,105184.84,1346.38636,1750219199999,141177416.54061360,310318,624.79964000,65508527.12442410,0
1750219200000,105184.84,105550.27,104713.24,104973.24,1758.92527,1750233599999,185035535.78911380,255952,691.46899000,72756789.97282210,0
1750233600000,104973.24,105310.62,104175.87,104840.59,1900.45623,1750247999999,198912119.66657950,384413,938.90686000,98280837.06355450,0
1750248000000,104840.58,105325.83,103814.04,104801.01,4024.47787,1750262399999,420997350.77712160,976242,1971.13798000,206279809.44716450,0
1750262400000,104801.01,104836.64,103500.0,103808.41,3290.4773,1750276799999,342729497.36517770,1101033,1605.52094000,167242008.09692690,0
1750276800000,103808.41,105139.87,103652.0,104886.78,1647.91864,1750291199999,172531104.22360310,440212,824.48033000,86318874.98553750,0
1750291200000,104886.79,105226.17,104457.12,105100.02,1479.10507,1750305599999,155077662.10540460,333149,744.33032000,78048399.01985980,0
1750305600000,105100.01,105220.0,104617.69,104642.85,1132.25759,1750319999999,118746776.37050560,217457,458.05790000,48031292.29376940,0
1750320000000,104642.85,105073.53,104631.26,104776.23,949.58523,1750334399999,99609023.79006200,191761,394.80414000,41413143.45776160,0
1750334400000,104776.23,104917.05,104078.0,104096.93,1595.4989,1750348799999,166616785.10787520,351027,694.01098000,72458083.60042010,0
1750348800000,104096.94,104814.73,103929.27,104250.44,1624.22301,1750363199999,169508103.02296680,347182,901.92876000,94155280.79008250,0
1750363200000,104250.45,104898.31,104150.0,104658.59,897.93757,1750377599999,93844225.56523070,277469,390.06526000,40765208.24884000,0
1750377600000,104658.59,104820.0,104391.38,104596.63,1026.45735,1750391999999,107397845.64066690,227547,408.92728000,42785034.93088210,0
1750392000000,104596.64,105825.66,104238.02,105811.74,1878.07017,1750406399999,197132052.44357990,251910,982.33421000,103225566.38088440,0
1750406400000,105811.74,106524.65,105757.48,105977.82,2862.78664,1750420799999,303752741.20556110,442385,1450.22079000,153874816.17422580,0
1750420800000,105977.82,106149.17,103888.0,104217.99,3668.86931,1750435199999,384827914.68460590,860415,1515.70466000,159068797.03094310,0
1750435200000,104218.0,104269.64,102345.0,103307.22,5227.49835,1750449599999,539769357.74211100,902437,2043.73922000,210961862.65861640,0
1750449600000,103307.21,103828.0,102963.67,103297.99,1755.38101,1750463999999,181531999.29487690,344710,713.04423000,73733205.90446930,0
1750464000000,103297.98,103691.67,103127.48,103495.87,750.73411,1750478399999,77615423.95856030,157674,346.71845000,35845962.83385860,0
1750478400000,103495.86,103599.04,103330.0,103458.5,686.61118,1750492799999,71024294.03851810,113340,239.15095000,24736614.68996930,0
1750492800000,103458.5,103982.64,103458.49,103874.64,1188.56205,1750507199999,123339527.00319660,142035,446.79103000,46364674.50273810,0
1750507200000,103874.63,103946.47,103281.82,103560.9,1449.27436,1750521599999,150127857.90818930,312654,471.38813000,48833570.82429680,0
1750521600000,103560.9,103640.0,102210.43,102245.1,2365.40427,1750535999999,243312259.33381520,442371,973.97347000,100223586.40011580,0
1750536000000,102245.11,102888.88,100837.9,102120.01,4713.62735,1750550399999,479410422.48836230,1004504,2154.91500000,219266258.17169760,0
1750550400000,102120.02,103399.62,101839.96,102375.4,4339.90882,1750564799999,444714101.26093380,1044002,2095.06803000,214710472.01798020,0
1750564800000,102375.4,102946.47,102256.01,102424.61,1481.73109,1750579199999,152108170.15503010,322736,715.18984000,73416250.16975580,0
1750579200000,102424.61,102804.05,102080.0,102739.48,1801.30685,1750593599999,184630749.93946180,314592,730.77209000,74911999.37531230,0
1750593600000,102739.47,102831.0,98889.35,98906.21,12422.58545,1750607999999,1245285399.15979320,1440759,5110.13187000,512146575.69900170,0
1750608000000,98906.21,100380.0,98673.66,98882.84,4419.40202,1750622399999,439060976.87446910,898556,2190.33746000,217645916.29896950,0
1750622400000,98882.85,101034.65,98200.0,100963.87,4281.47649,1750636799999,426896010.41899990,1100664,2300.53036000,229556139.75562060,0
1750636800000,100963.87,101620.0,100494.25,101154.14,2930.22354,1750651199999,296003208.02516840,516364,1463.92713000,147942610.91259480,0
1750651200000,101154.13,102137.0,100980.0,101931.04,2509.06943,1750665599999,255118613.60239780,368321,1261.42105000,128324959.25859390,0
1750665600000,101931.04,102080.0,101102.76,101289.01,2527.52051,1750679999999,256701789.48541370,329772,1014.78726000,103065218.33988100,0
1750680000000,101289.0,102613.09,100792.16,101420.7,4451.665,1750694399999,453035160.30468930,1005511,1999.97568000,203605924.75971540,0
1750694400000,101420.71,103300.0,99613.33,103161.29,7496.3725,1750708799999,763055459.43567140,1516711,3668.96203000,373680409.84654860,0
1750708800000,103161.3,106074.2,102880.0,105333.93,7751.65511,1750723199999,812252600.19110820,1207528,3999.12848000,419035730.14113230,0
1750723200000,105333.94,105500.0,104720.82,104919.6,2882.14256,1750737599999,302791082.33759530,470629,1265.35285000,132969813.28162140,0
1750737600000,104919.6,105811.0,104704.91,104933.74,3158.97987,1750751999999,332679675.74291730,500672,1464.69987000,154300076.16664550,0
1750752000000,104933.74,105571.4,104622.02,105170.0,2216.8644,1750766399999,233003724.86314490,486532,1053.41850000,110727174.44482440,0
1750766400000,105169.99,105731.92,104800.98,105244.73,2933.73072,1750780799999,308840789.93748230,718312,1381.81583000,145498940.71552690,0
1750780800000,105244.72,106290.0,105172.64,105643.19,2366.40087,1750795199999,250345704.77585290,500316,1170.26966000,123840036.86957990,0
1750795200000,105643.2,106119.11,105435.45,106083.0,1093.57493,1750809599999,115790135.79936850,297020,512.76487000,54294963.81112830,0
1750809600000,106083.0,106791.18,105808.03,106232.01,2385.0945,1750823999999,253766046.55078880,520347,1233.11098000,131218925.38625710,0
1750824000000,106232.01,106702.0,106001.0,106600.01,1317.62334,1750838399999,140049796.28549640,253161,543.88020000,57815478.13998420,0
1750838400000,106600.0,107237.44,106343.13,107198.02,2272.81569,1750852799999,242902954.48013100,387452,1272.91627000,136075673.86796340,0
1750852800000,107198.02,108135.3,106752.36,107028.0,7497.00314,1750867199999,805938085.34363060,955677,4019.79694000,432372910.36263130,0
1750867200000,107027.99,107905.37,106931.0,107761.68,2109.69446,1750881599999,226604506.17644700,527877,979.48416000,105219551.47455000,0
1750881600000,107761.67,108000.0,107079.9,107340.58,1118.92438,1750895999999,120284082.10979620,344378,526.94854000,56650314.57502600,0
1750896000000,107340.59,108272.45,107105.43,107853.79,1896.83706,1750910399999,204351573.68606130,502189,995.64166000,107259670.59823170,0
1750910400000,107853.79,108085.92,107520.0,107813.99,1290.81871,1750924799999,139186158.82761010,291719,536.04741000,57802504.03054110,0
1750924800000,107813.99,108174.86,107117.65,107325.41,2010.44306,1750939199999,216128540.94734630,335341,835.52008000,89851754.65143370,0
1750939200000,107325.42,107765.55,106562.5,107313.6,2623.12904,1750953599999,281034932.10125820,676446,1199.57675000,128524081.74758510,0
1750953600000,107313.61,107669.74,107009.28,107532.98,1252.6466,1750967999999,134481790.65451290,405466,653.45840000,70164217.32295370,0
1750968000000,107532.97,108000.0,106850.0,106947.06,1499.39832,1750982399999,160910978.46481260,386581,762.84568000,81869299.84374740,0
1750982400000,106947.06,107515.28,106438.33,107477.76,1472.30428,1750996799999,157669727.40775090,317919,695.68318000,74512008.36932050,0
1750996800000,107477.76,107735.34,106850.0,106869.71,1946.05962,1751011199999,208643061.41413630,241342,635.03575000,68101799.08558530,0
1751011200000,106869.72,107159.95,106679.98,106983.6,2318.07544,1751025599999,247887872.16477780,312445,814.80191000,87134253.57439220,0
1751025600000,106983.6,107407.14,106356.76,107308.25,3704.52866,1751039999999,395417935.35077320,683384,1376.20607000,146971858.48927980,0
1751040000000,107308.25,107709.22,106446.45,106801.02,1987.48356,1751054399999,212704728.88199080,553298,930.51465000,99623397.91562300,0
1751054400000,106801.02,107277.99,106794.33,107047.59,803.98886,1751068799999,86097023.69058050,196111,410.03854000,43907940.94456560,0
1751068800000,107047.58,107347.1,106811.51,107300.13,775.04704,1751083199999,82962353.96659240,155293,374.90918000,40137601.28214060,0
1751083200000,107300.13,107496.12,107183.29,107485.0,497.62159,1751097599999,53417738.58942110,85227,259.47748000,27853139.99546470,0
1751097600000,107485.01,107493.07,107252.6,107373.39,416.2984,1751111999999,44682783.80348990,76746,171.56470000,18413758.11572170,0
1751112000000,107373.39,107577.75,107084.15,107449.28,714.87392,1751126399999,76688251.59641100,113989,318.20099000,34145842.33823940,0
1751126400000,107449.28,107542.5,107225.74,107225.74,499.08961,1751140799999,53589117.24463640,132871,223.67333000,24018743.43555190,0
1751140800000,107225.74,107378.37,107154.62,107296.79,379.24296,1751155199999,40685145.40256270,89179,166.59391000,17872078.84612130,0
1751155200000,107296.79,107500.0,107172.52,107210.78,534.03453,1751169599999,57324980.71958970,88458,279.68070000,30024538.57669360,0
1751169600000,107210.78,107402.18,107205.82,107402.18,340.57663,1751183999999,36547638.85605140,50988,188.95565000,20277232.42996610,0
1751184000000,107402.17,108484.0,107402.17,108477.11,1988.92767,1751198399999,214801127.19207270,271064,1214.10731000,131119649.29308490,0
1751198400000,108477.12,108528.5,107650.0,107750.72,1320.45894,1751212799999,142696314.02072630,264125,640.30336000,69199106.81491560,0
1751212800000,107750.72,107792.05,107316.46,107406.81,1188.5295,1751227199999,127800743.45197740,223755,670.93305000,72143786.44929210,0
1751227200000,107406.8,108436.47,107250.0,108356.93,1459.20913,1751241599999,157537385.70915090,324812,777.12888000,83888813.52812810,0
1751241600000,108356.93,108789.99,108255.81,108503.74,1564.16827,1751255999999,169812496.20899300,275475,773.88277000,84020280.36575430,0
1751256000000,108503.74,108538.76,107481.31,107614.08,1581.27553,1751270399999,170671513.09802890,220883,668.40382000,72107363.73818070,0
1751270400000,107614.07,107964.33,107400.0,107654.2,1242.20442,1751284799999,133689642.87428850,170564,580.79494000,62511994.26783480,0
1751284800000,107654.21,107858.79,106733.33,107580.46,2980.03437,1751299199999,319906008.33671370,565229,1260.03921000,135237843.40668340,0
1751299200000,107580.47,107807.94,107116.4,107745.97,1314.82691,1751313599999,141374468.97170990,326127,620.90681000,66759615.24596640,0
1751313600000,107745.97,107764.73,106900.02,107146.5,1071.61541,1751327999999,114953022.85532400,215207,427.35375000,45837440.76379260,0
1751328000000,107146.51,107540.0,107026.93,107192.38,973.46,1751342399999,104408384.42114990,229316,428.82279000,45990264.39715030,0
1751342400000,107192.39,107203.11,106615.97,107178.99,1267.97836,1751356799999,135558637.96495430,217668,561.02003000,59977395.89909550,0
1751356800000,107178.99,107178.99,106301.86,106605.8,1434.81634,1751371199999,152936770.88797680,261927,624.47379000,66554371.16207100,0
1751371200000,106605.79,107179.99,105623.39,105955.18,3974.69567,1751385599999,422558903.89205950,651087,1777.52682000,189036901.26781550,0
1751385600000,105955.19,106287.95,105387.68,105398.53,1690.90273,1751399999999,179006382.37400850,401818,732.10060000,77522695.65930550,0
1751400000000,105398.52,106100.0,105250.85,105681.14,1163.77127,1751414399999,122963866.35248760,251473,524.97324000,55467647.79834070,0
1751414400000,105681.13,106216.08,105100.19,106194.7,1453.64233,1751428799999,153659545.16799640,278146,660.18040000,69811274.35029630,0
1751428800000,106194.7,107186.78,106131.55,107080.0,1903.51108,1751443199999,203133552.79175810,227442,931.22914000,99363444.75634150,0
1751443200000,107080.0,107860.23,107080.0,107479.99,2147.6808,1751457599999,231148508.86028080,251471,984.42993000,105944651.95856320,0
1751457600000,107479.98,108759.2,107186.1,108737.74,3227.14121,1751471999999,348553235.48541150,567794,1759.59956000,190145339.28820830,0
1751472000000,108737.75,109730.0,108650.97,109676.14,5656.10907,1751486399999,618402032.26598860,797725,3457.76322000,378067654.66991230,0
1751486400000,109676.14,109676.14,108720.0,108849.6,3303.81143,1751500799999,360802131.30585430,322130,1455.22804000,158929373.18555360,0
1751500800000,108849.59,109115.03,108530.4,108628.21,1439.99562,1751515199999,156735199.72887730,291274,704.80511000,76724063.58327510,0
1751515200000,108628.2,109548.0,108566.14,109280.0,1560.58968,1751529599999,170410389.42009610,253465,827.35439000,90337396.43451380,0
1751529600000,109279.99,110273.21,109279.99,109599.19,3249.5488,1751543999999,356863247.05121300,398776,2028.27393000,222780401.58549120,0
1751544000000,109599.18,110529.18,108749.99,109127.84,4201.7259,1751558399999,461047557.45253790,1024223,2152.70217000,236318361.31644960,0
1751558400000,109127.85,109910.1,109020.8,109803.41,1688.44383,1751572799999,184886197.64769670,409043,898.70790000,98436336.22757060,0
1751572800000,109803.41,110000.0,109510.0,109584.78,906.77842,1751587199999,99516457.33790510,192163,350.05336000,38425588.76437670,0
1751587200000,109584.77,109767.59,109103.71,109235.57,1002.72236,1751601599999,109696511.74335660,243872,440.34578000,48177788.83973200,0
1751601600000,109235.58,109329.6,108700.0,108700.0,1609.06105,1751615999999,175331785.06255710,266587,602.65785000,65679935.08230490,0
1751616000000,108700.0,109111.0,108518.83,108888.0,1086.39121,1751630399999,118286241.00178680,214025,508.73831000,55389545.45146210,0
1751630400000,108888.0,108978.64,107505.0,107573.29,3616.08946,1751644799999,390584703.44582930,627971,1611.09807000,174018911.53787120,0
1751644800000,107573.29,107922.5,107245.0,107469.23,3431.70312,1751659199999,369211260.11692200,450795,1028.28640000,110643824.99617490,0
1751659200000,107469.22,108279.33,107440.63,107984.24,1047.89895,1751673599999,113104610.29791340,171962,596.67181000,64403221.05921090,0
1751673600000,107984.25,108259.99,107756.31,108154.72,766.63785,1751687999999,82824719.45822160,146244,436.76307000,47195931.15543050,0
1751688000000,108154.72,108420.56,108000.0,108053.46,660.13042,1751702399999,71391425.60862050,133005,241.61303000,26133771.68852270,0
1751702400000,108053.46,108219.19,107870.42,108112.21,675.37974,1751716799999,72993635.39130500,114990,260.45259000,28152891.60560830,0
1751716800000,108112.2,108232.29,107971.0,108058.0,564.4708,1751731199999,61036349.79563260,115622,287.59907000,31098920.29486070,0
1751731200000,108058.0,108167.23,107864.75,108141.78,586.1961,1751745599999,63319613.83398290,113054,303.71947000,32807203.42599600,0
1751745600000,108141.78,108250.0,107993.39,108198.12,484.16079,1751759999999,52362958.10898500,87105,273.53805000,29588089.19288290,0
1751760000000,108198.12,108268.35,108025.97,108050.49,397.25464,1751774399999,42964165.07796160,76009,193.10968000,20887137.26292700,0
1751774400000,108050.49,108218.0,107930.45,108040.31,497.89684,1751788799999,53800914.59920560,71517,236.68469000,25576783.94835300,0
1751788800000,108040.31,108111.0,107800.01,108076.01,740.99603,1751803199999,80007500.67398270,89136,387.09387000,41797315.52804610,0
1751803200000,108076.0,109127.03,108045.76,108905.99,2193.35606,1751817599999,238471695.56923850,349421,1061.54877000,115402701.66511220,0
1751817600000,108906.0,108966.62,108266.67,108538.46,922.00834,1751831999999,100170930.28655010,217171,482.49821000,52423824.88145070,0
1751832000000,108538.45,109700.0,108536.86,109203.84,1696.09509,1751846399999,185318093.30428140,453337,848.42380000,92692880.94728500,0
1751846400000,109203.85,109700.0,108679.75,109389.47,1313.66179,1751860799999,143512006.16837440,302304,663.10006000,72450310.89074110,0
1751860800000,109389.46,109447.54,108654.94,109061.08,1068.89272,1751875199999,116530792.49793170,171343,553.67363000,60349971.39399490,0
1751875200000,109061.07,109087.86,108572.52,108642.01,1793.43934,1751889599999,195094169.81579340,215319,613.55730000,66755976.94983230,0
1751889600000,108642.01,108660.0,107970.0,108292.59,2516.39623,1751903999999,272627274.04857640,542533,917.70866000,99403939.95983690,0
1751904000000,108292.59,108493.56,107513.2,108056.68,1826.11433,1751918399999,197272803.91452030,527560,744.57614000,80438510.10014240,0
1751918400000,108056.67,108300.0,107800.01,108262.94,886.8716,1751932799999,95811269.60850800,202881,428.30650000,46265392.50769110,0
1751932800000,108262.94,108525.0,107429.57,107901.52,2011.55999,1751947199999,217015425.04383970,367410,761.90914000,82256206.37431040,0
1751947200000,107901.52,108499.0,107750.0,108484.61,1010.06569,1751961599999,109318428.74606850,178868,501.95486000,54335837.79258970,0
1751961600000,108484.61,109005.0,108229.15,108756.37,1314.23794,1751975999999,142839081.78838140,198105,618.57998000,67221448.14679980,0
1751976000000,108756.37,109216.56,108217.07,108268.35,1848.45054,1751990399999,200911170.20029170,435650,927.66571000,100833301.18690410,0
1751990400000,108268.35,109147.56,108096.55,108771.88,2426.90745,1752004799999,264207724.56502270,402396,1265.25230000,137752289.71688520,0
1752004800000,108771.87,108974.0,108624.0,108922.98,604.79919,1752019199999,65820983.09629030,140815,296.62667000,32275275.78000070,0
1752019200000,108922.99,109136.0,108348.0,108376.41,994.80226,1752033599999,108129357.01247230,179569,416.09357000,45234379.17678870,0
1752033600000,108376.41,108942.2,108324.53,108714.39,1001.59915,1752047999999,108855052.31462690,175567,481.06080000,52272153.53616620,0
1752048000000,108714.39,109117.0,108553.18,109058.27,1275.99616,1752062399999,138906971.65909840,161421,739.47097000,80490998.73564210,0
1752062400000,109058.27,109769.39,108503.0,109071.32,4108.39131,1752076799999,448787915.99688690,585403,2058.33347000,224870102.05839090,0
1752076800000,109071.32,111999.79,109047.49,111750.0,6338.57455,1752091199999,701110536.73209270,620663,3647.11819000,403300993.20691140,0
1752091200000,111749.99,111952.33,110559.4,111233.99,3562.92307,1752105599999,396264910.47974680,605861,1593.62627000,177236882.03431450,0
1752105600000,111234.0,111581.0,110880.0,111074.51,1687.73466,1752119999999,187676577.26531820,251716,853.18602000,94893770.16617240,0
1752120000000,111074.52,111432.46,110898.0,111230.0,1667.11413,1752134399999,185317856.66679290,229139,735.43928000,81742525.27866190,0
1752134400000,111229.99,111398.96,110870.33,111019.99,1407.79297,1752148799999,156429497.48280120,214415,644.67007000,71629181.21056960,0
1752148800000,111019.99,111408.41,110500.0,111408.4,2221.21737,1752163199999,246563312.58575770,514879,1127.41131000,125154727.06342010,0
1752163200000,111408.4,113788.23,111322.32,113301.81,7461.037691,1752177599999,842928067.82746394,888088,3928.98803300,443669386.05900934,0
1752177600000,113301.8,116868.0,113270.98,116010.0,10438.553844,1752191999999,1207544968.61708940,1128780,5610.44075400,648687871.16324220,0
1752192000000,116010.01,116950.0,115222.22,116881.7,4456.671301,1752206399999,517817095.40634845,584612,2592.16106100,301442246.88402145,0
1752206400000,116881.69,118404.22,116500.0,117526.88,7940.173377,1752220799999,934425772.36826580,787849,3388.03749700,398590902.56364330,0
1752220800000,117526.88,118869.98,117526.88,117821.91,4664.06161,1752235199999,550913325.52769840,524926,2223.75605000,262692364.35092250,0
1752235200000,117821.91,118259.24,116724.66,116902.59,4711.37408,1752249599999,554423293.01593530,892240,2300.18312000,270759297.62945270,0
1752249600000,116902.58,118138.75,116604.87,118108.81,2754.72647,1752263999999,323551279.15334210,544319,1405.70872000,165127567.07996550,0
1752264000000,118108.81,118108.81,117146.8,117527.66,1346.51431,1752278399999,158391037.55565680,374248,593.08472000,69761955.44220690,0
1752278400000,117527.66,117847.66,117141.13,117774.42,1268.81982,1752292799999,149190585.41903350,209393,618.48719000,72734857.69278360,0
1752292800000,117774.42,118054.79,117506.37,117731.99,1157.69575,1752307199999,136356402.49260150,227920,523.17447000,61620095.99364700,0
1752307200000,117731.99,118200.0,117625.0,117810.0,1459.36466,1752321599999,172133723.12861370,228003,632.04924000,74551651.85845790,0
1752321600000,117810.0,117861.19,116900.05,117100.01,2887.39027,1752335999999,338989098.57959790,435095,1266.09087000,148672593.00694590,0
1752336000000,117100.0,117639.98,117045.86,117550.96,961.54328,1752350399999,112885629.85420090,173387,422.75466000,49626641.38910800,0
1752350400000,117550.96,117563.75,117000.01,117420.0,711.79059,1752364799999,83537913.93284290,168053,321.99576000,37790200.96503630,0
1752364800000,117420.0,117824.76,117224.79,117753.6,696.41148,1752379199999,81839856.56308580,163715,344.93436000,40532868.04905540,0
1752379200000,117753.59,118054.79,117684.22,117999.0,867.97982,1752393599999,102320232.37008670,117669,454.32543000,53564391.79262230,0
1752393600000,117998.99,118086.66,117689.63,118072.01,685.44893,1752407999999,80800840.38643510,117587,334.25137000,39404685.56642250,0
1752408000000,118072.01,119376.0,117989.53,118672.24,3891.104317,1752422399999,461985764.25957539,559913,2044.40768700,242755258.29286870,0
1752422400000,118672.23,119488.0,118382.56,118961.08,1749.40157,1752436799999,207998810.90343780,328666,839.18767000,99793969.58379440,0
1752436800000,118961.09,119367.37,118243.68,119086.64,1660.44683,1752451199999,197151352.52907080,362733,749.36779000,88973216.08762860,0
1752451200000,119086.65,121492.48,118905.18,120750.24,5418.532886,1752465599999,651037132.71958980,692269,3363.42548600,404127178.56883350,0
1752465600000,120750.25,123218.0,120557.63,122736.04,6981.800221,1752479999999,852109362.63775040,866474,3455.90310100,421830718.69687720,0
1752480000000,122736.04,122769.19,121355.55,121467.24,3279.33527,1752494399999,400232242.22611610,503688,1482.12699000,180856114.83096960,0
1752494400000,121467.23,122120.0,119611.7,119878.23,6047.71252,1752508799999,731816396.46387810,1066083,2835.01951000,343394817.52710690,0
1752508800000,119878.22,120526.03,119202.0,119939.41,4127.24496,1752523199999,494761697.05182450,655701,2234.39394000,267831194.50973050,0
1752523200000,119939.42,120447.0,119522.72,119841.18,1414.72302,1752537599999,169789349.97791450,291918,728.71172000,87465268.53120650,0
1752537600000,119841.17,119940.83,116840.01,117148.47,6623.40172,1752551999999,783226916.45577870,874968,2909.62982000,344104984.51740380,0
1752552000000,117148.46,117765.4,116250.0,116779.12,5478.80575,1752566399999,641355228.45018590,573273,2606.60779000,305212138.22520460,0
1752566400000,116779.13,117224.08,116300.0,117113.98,3612.34292,1752580799999,422113509.94886870,364506,1891.80304000,221076991.91705750,0
1752580800000,117113.98,118490.71,115736.92,116391.43,8662.27705,1752595199999,1013941396.81057640,1024457,4292.60749000,502708568.28735550,0
1752595200000,116391.43,117800.6,116019.05,116416.07,5395.39361,1752609599999,631363247.88108890,657429,2647.41249000,309819865.56343160,0
1752609600000,116416.07,117972.86,116192.27,117758.09,2246.23978,1752623999999,263258146.00677310,310741,1319.24445000,154655976.41341180,0
1752624000000,117758.08,118195.0,117017.29,117482.67,2060.70862,1752638399999,242327967.01613220,313454,1088.31117000,127999499.09573860,0
1752638400000,117482.67,118300.0,117275.63,118189.25,1653.72862,1752652799999,195026454.86122770,221969,835.49480000,98514735.99500100,0
1752652800000,118189.24,119310.75,118113.82,118769.06,2658.37376,1752667199999,315801512.91012080,289446,1365.83595000,162230883.94535070,0
1752667200000,118769.06,119794.8,118181.14,119095.76,4851.16642,1752681599999,576765577.03095750,803777,2197.79751000,261305746.87981340,0
1752681600000,119095.76,119904.13,118471.38,119230.16,2877.33424,1752695999999,343157215.33891100,482305,1507.48779000,179817665.72969280,0
1752696000000,119230.16,120063.84,118420.0,118630.43,2938.59685,1752710399999,350771656.56613810,318674,1361.04159000,162562439.72199380,0
1752710400000,118630.44,119158.28,117683.53,118128.8,2234.06203,1752724799999,264299834.05314440,393078,1018.31516000,120468752.66279620,0
1752724800000,118128.8,118772.0,117857.03,118311.75,2080.63383,1752739199999,246240844.72819140,284727,987.64960000,116904133.54169890,0
1752739200000,118311.75,119192.0,117974.99,117995.0,2041.88316,1752753599999,241920625.35006650,320017,939.75934000,111363307.61370250,0
1752753600000,117995.0,119073.46,117453.57,118881.99,3175.79483,1752767999999,375250071.44492860,478861,1643.04948000,194108780.78937470,0
1752768000000,118881.99,119880.13,118333.6,118959.66,2433.94045,1752782399999,290063401.19462050,332236,1230.08260000,146594696.94043910,0
1752782400000,118959.66,120998.71,118383.97,119177.56,3762.26221,1752796799999,451339578.35221290,539066,1877.32309000,225219536.02641640,0
1752796800000,119177.56,120785.49,119020.48,120223.09,2672.86935,1752811199999,320929647.66417850,476279,1293.73414000,155336175.70892390,0
1752811200000,120223.08,120820.71,119287.72,119339.51,3649.17934,1752825599999,438348974.83380560,440420,1546.94832000,185879918.73548840,0
1752825600000,119339.51,119469.21,118395.0,119171.34,3814.49483,1752839999999,453518238.51943080,431697,1656.20451000,196890589.16283170,0
1752840000000,119171.35,119531.48,117315.69,117860.25,5020.77844,1752854399999,594249403.09519530,671877,2313.38827000,273962356.06158550,0
1752854400000,117860.24,118054.92,117120.53,117374.76,2564.58563,1752868799999,301567308.64915220,455524,1104.71325000,129929300.07305160,0
1752868800000,117374.75,118021.62,116812.76,117924.84,2202.75507,1752883199999,258741945.70854550,329439,1036.39014000,121783717.73668150,0
1752883200000,117924.84,118371.42,117613.35,118322.54,1323.00452,1752897599999,156191669.09037470,221012,591.90911000,69886042.58821790,0
1752897600000,118322.53,118364.0,118044.19,118163.06,828.72543,1752911999999,97952430.20429080,142057,421.79748000,49850110.14075160,0
1752912000000,118163.07,118499.9,117943.25,118327.06,1123.42732,1752926399999,132876627.02304460,159063,537.06846000,63536777.88626490,0
1752926400000,118327.05,118327.06,117627.71,118058.11,1656.6673,1752940799999,195570823.89870700,240118,685.45418000,80917114.49793430,0
1752940800000,118058.1,118161.51,117605.26,118007.88,780.27633,1752955199999,92001612.07539650,172263,339.14349000,39992479.58631790,0
1752955200000,118007.88,118141.0,117277.34,117840.0,923.70216,1752969599999,108734736.20515600,198869,403.01048000,47443859.35080370,0
1752969600000,117840.01,118165.38,117650.0,117958.01,1216.03617,1752983999999,143416026.28468390,201023,571.77170000,67436785.49268320,0
1752984000000,117958.0,118218.0,117760.67,118029.49,940.72723,1752998399999,110956961.81347520,121825,466.49588000,55029163.59603270,0
1752998400000,118029.49,118277.17,117819.88,117878.46,1800.2823,1753012799999,212528108.11990910,178466,862.69717000,101839447.39237580,0
1753012800000,117878.46,118799.8,117723.23,118671.11,3280.10469,1753027199999,387792638.72320070,333805,1812.31454000,214303459.00022420,0
1753027200000,118671.12,118856.8,117960.0,118155.01,2119.12806,1753041599999,250843704.65925590,294012,1206.32020000,142778040.30165680,0
1753041600000,118155.0,118263.0,116467.02,117265.12,3606.65044,1753055999999,423327244.21555720,486804,1661.73422000,195070567.19885270,0
1753056000000,117265.11,118614.7,116515.0,118404.0,2794.62163,1753070399999,328680140.23903040,445960,1274.97945000,149941878.14901270,0
1753070400000,118404.01,119676.73,118188.95,119362.67,2783.66639,1753084799999,330931753.07277320,308494,1429.53030000,169894705.32448870,0
1753084800000,119364.18,119500.0,118070.16,118070.17,2511.88984,1753099199999,298295891.03517740,304887,1209.85672000,143652888.60334130,0
1753099200000,118070.17,119233.71,117778.7,118313.16,3505.38294,1753113599999,415708127.08311220,596880,1592.60231000,188791184.57870000,0
1753113600000,118313.16,118399.1,116666.0,116767.67,3816.98929,1753127999999,448592450.75134980,589071,1952.48192000,229548894.51914090,0
1753128000000,116767.67,117633.66,116656.88,117380.36,1694.78119,1753142399999,198574904.78192190,264251,966.86742000,113287690.49322580,0
1753142400000,117380.36,117950.0,116128.0,117210.0,3707.46413,1753156799999,434283334.52935230,518326,1659.92611000,194464129.88163510,0
1753156800000,117210.0,118594.55,116552.18,117983.68,4279.84175,1753171199999,503272541.91065420,478336,2449.44017000,288099364.10723740,0
1753171200000,117983.69,119188.3,117488.19,119154.99,3376.79135,1753185599999,399923323.45088550,421770,1677.73342000,198740860.37965970,0
1753185600000,119154.99,119573.53,117550.0,118912.04,4597.23931,1753199999999,546381636.16437150,662205,2219.70659000,263942435.04558780,0
1753200000000,118912.04,120183.96,118368.19,119282.1,3067.62854,1753214399999,366136746.14849940,480155,1658.33367000,198022960.26844010,0
1753214400000,119282.11,120247.8,119203.2,119954.42,1930.16465,1753228799999,231255181.44814770,217941,1146.31511000,137357464.94596230,0
1753228800000,119954.43,120090.0,118532.96,118614.17,2068.11927,1753243199999,246670807.77752390,286430,983.43945000,117270405.44093250,0
1753243200000,118614.16,119006.05,118288.2,118350.35,1564.23355,1753257599999,185581289.52336360,210026,740.28735000,87849403.83660910,0
1753257600000,118350.35,118619.79,117844.24,118538.46,1801.10341,1753271999999,212956680.73594660,236080,840.04900000,99324819.02439240,0
1753272000000,118538.46,118708.24,117301.0,118567.39,4037.18842,1753286399999,476107489.33420590,536893,1963.83915000,231631118.61981500,0
1753286400000,118567.39,118567.39,117331.63,118393.64,2651.82367,1753300799999,312834285.25425980,465671,1269.23393000,149689458.95615790,0
1753300800000,118393.64,118756.0,117381.8,118755.99,2436.28251,1753315199999,287976434.26136120,366304,1273.23813000,150501122.86677620,0
1753315200000,118756.0,119273.36,118466.71,118488.92,1878.28334,1753329599999,223390146.97679550,262145,894.14417000,106359236.44299100,0
1753329600000,118488.92,118610.25,117103.1,118416.21,3786.93245,1753343999999,446192759.36418650,463426,1886.33429000,222254409.89141130,0
1753344000000,118416.21,118814.47,117955.59,118600.0,2404.15809,1753358399999,284956988.24205380,285251,1111.38254000,131716453.37183720,0
1753358400000,118600.0,119450.0,117832.32,119092.65,4139.29216,1753372799999,491283511.04943310,499364,2136.93193000,253568859.68704480,0
1753372800000,119092.65,119395.81,118350.0,118943.42,2166.82662,1753387199999,257751716.26355190,361734,906.57801000,107858838.68242440,0
1753387200000,118943.42,119010.64,118166.94,118340.99,1431.39777,1753401599999,169606531.30578660,209515,716.36898000,84861286.52788440,0
1753401600000,118340.98,118451.57,115330.86,115419.66,11127.20493,1753415999999,1298474353.40452260,739701,4416.98646000,515362738.63692700,0
1753416000000,115419.65,116144.63,114723.16,115320.01,8835.25163,1753430399999,1019700087.71836450,741259,3725.58838000,430086009.36972880,0
1753430400000,115320.01,116782.13,115008.85,116543.58,7216.21136,1753444799999,834883190.78143950,579645,3316.92189000,384050717.08869570,0
1753444800000,116543.59,116656.99,114908.0,115727.08,6361.79335,1753459199999,736297597.76443080,692851,3050.58270000,353139174.23870190,0
1753459200000,115727.07,116997.21,115455.46,116688.6,3089.40882,1753473599999,359266206.92258350,354424,1718.99538000,199877953.97637480,0
1753473600000,116688.6,117630.0,116578.02,117614.31,1776.47864,1753487999999,208157350.02915320,174475,813.69874000,95357127.58604420,0
1753488000000,117614.31,117750.0,117138.38,117489.62,1222.24277,1753502399999,143573522.92391580,170152,479.80654000,56369943.71460950,0
1753502400000,117489.61,117547.92,117304.46,117304.47,1006.48005,1753516799999,118156813.37364540,92424,333.54040000,39159929.85089870,0
1753516800000,117304.47,118217.45,117304.46,117776.11,1549.30958,1753531199999,182516444.84357960,153476,858.09409000,101082519.25000320,0
1753531200000,117776.1,118220.0,117772.13,118130.1,1303.59734,1753545599999,153859195.95728980,155222,596.95661000,70460231.21172900,0
1753545600000,118130.1,118297.35,117941.96,118232.11,1051.39337,1753559999999,124173515.19992870,110349,556.03714000,65676327.54099610,0
1753560000000,118232.11,118276.66,117883.86,117919.99,858.64895,1753574399999,101349587.45095100,108749,343.44877000,40541358.64819870,0
1753574400000,117919.99,118358.18,117825.5,118182.83,1007.50696,1753588799999,119027557.08593030,112389,575.64347000,68009812.95415000,0
1753588800000,118182.83,118438.83,118066.74,118095.95,808.21213,1753603199999,95561585.86911340,104278,390.89967000,46221367.12602860,0
1753603200000,118095.95,118292.86,117859.98,118072.71,835.9696,1753617599999,98708410.16136550,120595,388.89313000,45917656.82305550,0
1753617600000,118072.71,118588.0,117890.0,118585.74,1586.05165,1753631999999,187626934.03330280,182821,894.22688000,105793419.62169720,0
1753632000000,118585.75,119540.01,118585.75,118960.0,3418.37234,1753646399999,407360766.69086950,354026,2213.46507000,263777127.92719770,0
1753646400000,118960.01,119766.65,118713.74,119415.55,1672.19651,1753660799999,199598288.32021670,220971,775.17536000,92542176.79859870,0
1753660800000,119415.56,119800.0,118960.5,119287.99,1824.53168,1753675199999,217797781.98470390,289119,835.00751000,99693864.72561300,0
1753675200000,119287.99,119701.07,118774.31,118900.0,2360.0622,1753689599999,281402696.38436020,233844,1325.92556000,158105257.64512300,0
1753689600000,118900.01,119102.69,118475.47,118827.49,2060.1822,1753703999999,244734013.26132420,212608,1199.17319000,142442771.81538390,0
1753704000000,118827.49,119093.68,117895.73,118174.9,3792.61028,1753718399999,449216545.14388690,519386,1973.63361000,233868099.64591840,0
1753718400000,118174.89,118376.61,117427.5,118068.73,2575.55527,1753732799999,303595815.91548300,339420,1162.08076000,137000465.18141000,0
1753732800000,118068.73,118350.01,117500.09,118062.32,1348.80591,1753747199999,159135383.20675980,230400,729.09711000,86017895.20996050,0
1753747200000,118062.32,118800.0,117450.0,118764.85,2242.87768,1753761599999,264931696.50738920,338133,1064.89944000,125786428.91931720,0
1753761600000,118764.85,119273.36,118416.66,118882.37,2579.99271,1753775999999,306618607.48295110,246815,1366.61947000,162425984.93775510,0
1753776000000,118882.37,119051.0,118160.87,118592.38,1962.95351,1753790399999,232866007.20018230,254130,1149.33314000,136328523.16735520,0
1753790400000,118592.38,119080.81,117272.0,117400.01,4173.95638,1753804799999,493253408.48979560,537143,2136.27132000,252608273.25779040,0
1753804800000,117400.02,118057.05,116950.75,117525.29,2441.06334,1753819199999,286940381.00647480,348254,1310.73632000,154102943.12500350,0
1753819200000,117525.28,118000.0,117094.96,117950.76,1737.09083,1753833599999,204071982.99885330,232219,961.07767000,112910646.66736600,0
1753833600000,117950.75,118250.0,117412.53,118161.87,1226.38506,1753847999999,144627350.19250080,204212,577.29595000,68094460.43263800,0
1753848000000,118161.86,118412.11,117667.33,118123.01,1232.08963,1753862399999,145539686.03839050,163007,584.57123000,69050731.03533750,0
1753862400000,118123.0,118481.81,117358.84,117579.99,2228.01795,1753876799999,263126870.00675140,269076,1355.22594000,160120274.35017970,0
1753876800000,117579.99,118792.0,117358.84,118000.01,3794.91612,1753891199999,447809337.55603830,531501,1801.39831000,212515821.49137400,0
1753891200000,118000.01,118037.18,115796.23,116916.73,5721.15052,1753905599999,669195849.83574750,634913,2682.71622000,313703390.33402680,0
1753905600000,116916.73,117908.4,116880.64,117840.3,1384.17703,1753919999999,162397784.59355740,194660,802.40669000,94148212.59009660,0
1753920000000,117840.29,118600.0,117781.87,118466.14,2307.57332,1753934399999,273029834.87625920,229192,1101.81254000,130368526.60297830,0
1753934400000,118466.15,118922.45,118287.63,118665.97,1907.96734,1753948799999,226269774.17070440,169906,993.07835000,117797073.44015820,0
1753948800000,118665.98,118770.07,118278.91,118371.25,1290.20631,1753963199999,152936940.90352170,133783,621.28930000,73645567.11696990,0
1753963200000,118371.25,118702.1,117807.35,118306.18,3457.28095,1753977599999,408607161.84151310,436764,1809.57930000,213890978.32444580,0
1753977600000,118306.18,118879.14,116763.43,116785.79,4228.22018,1753991999999,497971783.61370450,468442,2111.35785000,248807747.26664130,0
1753992000000,116785.78,116990.04,115500.0,115764.08,3818.7592,1754006399999,444054521.29653970,421445,1676.39882000,195009469.31734890,0
1754006400000,115764.07,116052.0,114313.13,115648.03,5440.32571,1754020799999,627188117.32296190,650051,2522.97319000,290948735.01040860,0
1754020800000,115648.03,115916.43,114633.18,115081.77,2952.50734,1754035199999,340199535.79870660,411115,1345.40877000,154984984.83842860,0
1754035200000,115081.76,115340.0,114116.0,115305.65,3338.52917,1754049599999,383326052.96004840,463102,1553.96108000,178459723.08960990,0
1754049600000,115305.64,116019.3,113988.47,115357.82,5325.96286,1754063999999,613558143.14864540,1084066,2524.83820000,291034014.42167780,0
1754064000000,115357.82,115695.52,113221.93,113328.68,4135.47502,1754078399999,472437940.42125180,924319,1966.15620000,224637144.46577310,0
1754078400000,113328.67,114094.08,112722.58,113297.93,3294.30196,1754092799999,373558787.49975580,628176,1573.88376000,178528816.23535680,0
1754092800000,113297.92,113921.94,113198.63,113909.86,1422.97261,1754107199999,161699096.20081790,346530,710.60713000,80745020.26571740,0
1754107200000,113909.87,114063.49,113469.43,113982.49,1674.39001,1754121599999,190562803.04439680,227553,838.67346000,95432539.11819060,0
1754121600000,113982.49,114040.29,113425.58,113787.12,1135.36227,1754135999999,129100147.29776490,222031,456.36308000,51889678.52989690,0
1754136000000,113787.11,113787.12,112802.31,112840.71,1922.72871,1754150399999,217838216.01231600,320277,761.89323000,86333566.24300680,0
1754150400000,112840.7,113420.0,112003.0,112229.42,3414.70659,1754164799999,384611629.97070750,639368,1372.46140000,154627663.10634820,0
1754164800000,112229.42,113058.82,112069.86,112546.35,1937.17409,1754179199999,218070844.80071890,409955,920.01005000,103557915.80857140,0
1754179200000,112546.35,113740.69,111920.0,113604.2,2106.5441,1754193599999,237947445.47649270,418118,954.66072000,107943735.79204510,0
1754193600000,113604.2,113720.16,113341.06,113700.0,764.27697,1754207999999,86778251.94677570,130998,368.11441000,41801748.61287170,0
1754208000000,113700.0,114260.31,113551.0,113862.18,1260.20877,1754222399999,143489089.11397830,156276,725.50976000,82603501.58516330,0
1754222400000,113862.19,114098.45,113579.69,113959.06,1131.56686,1754236799999,128830422.64836460,251886,558.89691000,63627834.54520130,0
1754236800000,113959.06,114799.97,113775.55,114313.19,1254.96509,1754251199999,143410319.15863650,246789,702.85838000,80315428.02462050,0
1754251200000,114313.19,114612.24,114066.56,114208.8,880.19867,1754265599999,100634505.81000630,215214,428.14313000,48953972.73562850,0
1754265600000,114208.81,115000.0,114107.6,114570.61,1525.00586,1754279999999,174778603.67585500,304162,749.69907000,85930718.27213140,0
1754280000000,114570.61,114778.5,114148.58,114652.97,1221.27307,1754294399999,139739546.26412080,197361,526.28258000,60226436.98126630,0
1754294400000,114652.98,114750.0,114217.97,114493.09,1188.64494,1754308799999,136090921.96312800,247694,515.96378000,59076360.92978970,0
1754308800000,114493.09,115466.0,114121.0,114826.0,2885.46126,1754323199999,331541729.67811560,530974,1497.28882000,172049625.15537430,0
1754323200000,114826.01,115720.0,114732.65,114777.62,1843.11618,1754337599999,212273932.32412840,412414,942.51512000,108540416.74690340,0
1754337600000,114777.62,115340.0,114616.33,115055.03,1004.17785,1754351999999,115514140.15762300,261625,483.54414000,55619716.72390960,0
1754352000000,115055.03,115127.81,114256.85,114256.85,1398.92395,1754366399999,160455069.04299710,287638,652.16816000,74827506.76525640,0
1754366400000,114256.85,114500.66,113725.72,113969.7,2125.54323,1754380799999,242804599.54892070,261124,882.25638000,100789177.32516810,0
1754380800000,113969.7,115096.73,113928.87,114827.07,1593.56232,1754395199999,182617724.54586360,317175,877.52425000,100547792.88685630,0
1754395200000,114827.07,114893.13,112650.0,112934.0,4590.4684,1754409599999,520992544.53318060,1006379,2107.07878000,239124723.51650150,0
1754409600000,112934.0,113763.27,112815.68,113616.52,1434.52074,1754423999999,162586192.65822270,478510,673.47754000,76323722.19165300,0
1754424000000,113616.51,114228.88,113304.0,114129.75,899.77214,1754438399999,102405616.81743190,230226,430.16243000,48957851.41563310,0
1754438400000,114129.75,114139.38,113400.0,113509.97,1061.53764,1754452799999,120724616.06978040,286080,408.49037000,46459434.27880910,0
1754452800000,113509.98,114417.02,113355.13,114227.91,1437.03071,1754467199999,163790419.89220040,302903,717.83329000,81849402.02118460,0
1754467200000,114227.9,114404.23,113727.57,114226.69,1280.29764,1754481599999,146061959.12462190,269803,657.13818000,74963935.36910360,0
1754481600000,114226.68,115515.09,113579.9,115413.87,3509.68013,1754495999999,402461313.76963260,704802,1966.03693000,225500696.20519320,0
1754496000000,115413.87,115716.0,114942.18,115259.99,1727.95909,1754510399999,199297200.14588150,308639,796.77912000,91906515.33393940,0
1754510400000,115260.0,115260.0,114793.01,114992.27,744.64797,1754524799999,85693223.85680160,154273,325.96959000,37513224.46884210,0
1754524800000,114992.27,115185.58,114404.22,114546.03,1192.91433,1754539199999,136893563.39058050,198112,576.15563000,66121446.95062500,0
1754539200000,114546.03,114876.79,114259.0,114787.99,1290.96115,1754553599999,147895974.17281160,209354,642.22974000,73587812.71544700,0
1754553600000,114787.99,116828.93,114787.98,116519.53,3698.10885,1754567999999,428983588.28952740,492704,2172.12244000,251905570.66366380,0
1754568000000,116519.54,116791.11,116035.84,116689.81,2746.73177,1754582399999,319832114.29082850,546103,1392.81119000,162191741.76677130,0
1754582400000,116689.8,117520.0,115632.31,117461.98,2735.62556,1754596799999,319105083.73857840,558042,1355.20075000,158156893.97553170,0
1754596800000,117461.99,117621.0,117012.0,117472.01,1804.22097,1754611199999,211743973.95460060,310356,870.21778000,102125404.37259320,0
1754611200000,117472.02,117630.0,116694.28,116737.35,2393.91974,1754625599999,280094573.21877490,511625,1027.18014000,120182644.98185050,0
1754625600000,116737.34,116973.3,116401.0,116817.19,1456.27491,1754639999999,169950858.20349400,224401,651.58146000,76032292.33163510,0
1754640000000,116817.2,116914.6,116317.08,116891.51,1108.98011,1754654399999,129319112.12395610,268792,500.07248000,58317543.84967950,0
1754654400000,116891.51,117271.73,115878.71,116207.69,2540.81848,1754668799999,296106840.90685470,544209,1165.72876000,135864534.51828190,0
1754668800000,116207.7,116900.0,116006.14,116453.41,1690.79713,1754683199999,196921937.46157410,394422,897.94096000,104583069.38222230,0
1754683200000,116453.41,116980.0,116319.06,116674.74,854.52241,1754697599999,99806456.80960090,151855,342.40194000,39990513.40508090,0
1754697600000,116674.74,116750.0,116299.13,116384.01,971.89236,1754711999999,113203432.96729540,135431,363.74375000,42373446.36462610,0
1754712000000,116384.01,116980.0,116339.45,116756.01,2021.01259,1754726399999,235841895.56564860,278492,1064.09266000,124184023.88844800,0
1754726400000,116756.0,117944.05,116756.0,117110.0,2353.3714,1754740799999,276230205.14161790,354468,1301.13377000,152715702.36481770,0
1754740800000,117110.0,117238.04,116700.01,116892.47,1382.66437,1754755199999,161718872.45679210,247175,725.15110000,84820284.11578380,0
1754755200000,116892.48,116947.16,116500.0,116535.69,1202.78039,1754769599999,140321045.55335640,167656,648.16143000,75620589.85457250,0
1754769600000,116535.68,117021.16,116359.89,116462.25,1582.41033,1754783999999,184522150.01766180,207729,767.57145000,89514254.52874650,0
1754784000000,116462.25,118500.0,116460.63,118500.0,3892.68324,1754798399999,458141314.95796170,470884,2375.20894000,279581483.76813730,0
1754798400000,118500.0,118741.77,117466.34,117808.3,2444.0838,1754812799999,288972231.84477770,431454,1147.37239000,135694183.56681510,0
1754812800000,117808.29,118500.0,117608.01,118330.58,1506.32503,1754827199999,178057964.90205020,346119,810.23724000,95770671.91276980,0
1754827200000,118330.58,119113.94,118232.0,118815.0,2809.2276,1754841599999,333423155.38639830,437945,1512.40831000,179523977.42781020,0
1754841600000,118815.0,118944.24,118433.8,118663.08,995.85812,1754855999999,118153752.24991770,213690,508.95628000,60381942.81299010,0
1754856000000,118663.09,119311.11,118074.99,119294.01,2674.59294,1754870399999,317450328.53076520,416973,1669.25197000,198130214.23279950,0
1754870400000,119294.27,122164.07,118972.59,121728.99,7626.19257,1754884799999,921251175.81507960,1013671,4168.58541000,503187520.39857680,0
1754884800000,121729.0,122335.16,121466.08,121537.15,4279.8879,1754899199999,521892702.93019280,571340,1995.64419000,243413431.60808960,0
1754899200000,121537.14,121823.0,120286.4,120561.54,4216.26732,1754913599999,510604967.33673560,566188,2009.30795000,243363090.73219670,0
1754913600000,120561.53,120667.54,119382.91,120314.4,5236.26223,1754927999999,628472627.86360910,907593,2755.26055000,330700606.76292750,0
1754928000000,120314.4,120794.05,118604.17,119089.3,2812.92272,1754942399999,336787744.58204000,546834,1178.39313000,141139661.18345410,0
1754942400000,119089.3,119172.63,118050.11,118686.0,2322.80155,1754956799999,275602312.01341220,416117,1136.23823000,134836150.95783210,0
1754956800000,118686.0,119275.46,118593.39,118857.7,1894.63528,1754971199999,225356508.46322640,299409,991.91785000,117983741.14562760,0
1754971200000,118857.7,119158.06,118424.86,118986.72,3135.38397,1754985599999,372768949.64902420,286057,1943.73871000,231145984.33742430,0
1754985600000,118986.73,119058.43,118207.47,118522.22,2346.379,1754999999999,278386557.94518650,313590,1302.79783000,154614971.11551760,0
1755000000000,118522.22,119960.0,118285.0,119933.0,4914.05441,1755014399999,585444041.27978050,916587,2630.84115000,313496129.45013710,0
1755014400000,119933.0,120192.1,119172.62,119665.27,2309.07117,1755028799999,276328760.25884310,537021,1187.53513000,142136568.06655550,0
1755028800000,119665.27,120324.43,119485.84,120134.08,2120.5851,1755043199999,254477655.98919700,385177,1208.22895000,144990604.08090950,0
1755043200000,120134.09,120192.1,119094.28,119482.01,2361.00135,1755057599999,282270802.47443370,373931,993.87621000,118817933.77903870,0
1755057600000,119482.01,119820.18,118920.92,119580.4,2324.10298,1755071999999,277456148.01295650,346612,1164.99875000,139112413.80885710,0
1755072000000,119580.4,120732.94,119446.22,120570.41,3213.18528,1755086399999,386212646.90826060,414155,1742.78544000,209457283.68930130,0
1755086400000,120570.41,122200.0,120106.02,120920.62,7228.67197,1755100799999,876073760.93010120,1223418,3448.06635000,417943044.85693230,0
1755100800000,120920.61,122839.47,120920.61,122744.21,4167.90157,1755115199999,508080168.05941110,716576,2589.17326000,315617346.50495580,0
1755115200000,122744.22,123667.79,122298.2,123306.43,3915.20787,1755129599999,481487822.00229430,638125,1992.36824000,245097965.40922940,0
1755129600000,123306.44,124474.0,123250.5,123337.14,3481.676316,1755143999999,430716617.87809690,617531,1608.17731600,198973024.48032700,0
1755144000000,123337.14,123428.6,121313.86,121725.31,3755.65744,1755158399999,458788510.16118820,539320,1768.22072000,215899266.56434690,0
1755158400000,121725.31,122045.9,120694.0,120949.67,3456.28874,1755172799999,419594475.26750270,441000,1710.19796000,207713575.62730400,0
1755172800000,120949.66,121183.06,117632.0,118257.25,11617.06761,1755187199999,1381540969.81337900,1687597,5493.20366000,653319261.60213050,0
1755187200000,118257.26,118535.0,117180.0,117945.92,3545.40524,1755201599999,417837878.03212400,703952,1709.97434000,201572968.09206640,0
1755201600000,117945.92,118516.81,117302.33,118295.09,2124.85224,1755215999999,250649939.95623300,361049,1112.30448000,131241488.50355880,0
1755216000000,118295.09,119077.71,118032.32,118968.91,1883.55436,1755230399999,223413129.69180380,427333,862.49336000,102299646.53472930,0
1755230400000,118968.91,119216.82,118629.58,118956.45,1732.90691,1755244799999,206149632.50697560,314291,769.91399000,91583236.49876010,0
1755244800000,118956.45,119144.5,118600.0,119006.01,1129.82607,1755259199999,134389731.26065360,277559,554.91425000,66017792.30555360,0
1755259200000,119006.01,119130.77,116827.29,117275.22,5128.8936,1755273599999,604073837.83902830,1056138,2121.84638000,249971034.61203400,0
1755273600000,117275.23,117882.35,116803.99,116936.27,2393.46089,1755287999999,280682572.64475020,597487,1156.02326000,135609226.00175510,0
1755288000000,116936.28,117761.88,116862.5,117342.05,1354.69691,1755302399999,158900425.74188960,222208,676.22584000,79318699.86441460,0
1755302400000,117342.04,117898.99,117231.14,117429.63,1420.5255,1755316799999,167039941.70739580,275371,694.26476000,81634732.56507140,0
1755316800000,117429.63,117884.0,117278.0,117596.07,925.25596,1755331199999,108775709.73159160,203205,487.86019000,57355488.27601250,0
1755331200000,117596.07,117703.92,117143.98,117378.52,1206.0413,1755345599999,141632924.33217130,223925,555.80229000,65262409.11239150,0
1755345600000,117378.52,117825.0,117327.63,117676.7,1191.50027,1755359999999,140188940.06324620,209982,581.96097000,68475509.59156970,0
1755360000000,117676.7,117817.65,117629.94,117672.12,817.42683,1755374399999,96233958.53678290,121434,386.26416000,45473516.04058040,0
1755374400000,117672.13,117713.51,117219.34,117380.66,832.93131,1755388799999,97847917.40117600,145925,289.07628000,33957125.51082960,0
1755388800000,117380.66,117771.37,117172.21,117684.95,770.53091,1755403199999,90497907.75013060,177443,366.14855000,43006974.08611990,0
1755403200000,117684.96,118230.82,117684.95,118005.98,1109.68335,1755417599999,130931507.91083150,177443,590.28392000,69648555.70073640,0
1755417600000,118005.98,118484.0,117922.0,118308.01,1007.67549,1755431999999,119183257.33457440,197461,550.06661000,65051754.07597330,0
1755432000000,118308.0,118575.0,118059.12,118246.16,974.27271,1755446399999,115208961.89534390,178505,420.11469000,49689616.72569290,0
1755446400000,118246.15,118316.01,117321.53,117570.07,1326.17558,1755460799999,156204693.65765280,270938,570.31811000,67171534.11733170,0
1755460800000,117570.07,117995.37,117371.65,117405.01,710.30388,1755475199999,83602869.35527410,175773,307.79925000,36231013.38451120,0
1755475200000,117405.01,117543.75,115000.0,115319.0,5801.42298,1755489599999,673780931.17651780,973728,2456.39552000,285283810.78122810,0
1755489600000,115319.0,115712.49,114878.71,115205.98,3433.42415,1755503999999,395866077.87857660,570851,1405.82751000,162118689.09352320,0
1755504000000,115205.99,115402.51,114640.14,114947.27,2793.98984,1755518399999,321376818.73935550,485363,1159.25007000,133348030.77238320,0
1755518400000,114947.27,116186.97,114825.0,116145.34,2772.17945,1755532799999,319990073.13056000,650916,1456.17184000,168133589.66489520,0
1755532800000,116145.34,116800.0,115818.86,116313.99,1731.37273,1755547199999,201448268.70422980,418825,715.63515000,83277668.62901580,0
1755547200000,116314.0,116980.0,115980.32,116227.05,1213.55039,1755561599999,141351915.84253780,246597,454.42658000,52947190.54770300,0
1755561600000,116227.05,116725.69,114787.23,114810.0,2390.89748,1755575999999,276523497.66327090,629615,974.28091000,112696255.70555230,0
1755576000000,114810.01,115483.24,114366.0,114978.14,2499.12321,1755590399999,287170834.57208710,563407,1161.24152000,133455731.77954870,0
1755590400000,114978.15,115650.0,114804.0,115508.71,1471.04277,1755604799999,169605923.13183090,298029,843.37696000,97223158.10172680,0
1755604800000,115508.71,115875.84,113587.68,113786.38,5294.46316,1755619199999,605597290.21785770,857149,2543.82655000,291010341.64676160,0
1755619200000,113786.39,113897.58,112767.06,113132.48,3784.35052,1755633599999,428905575.20465540,591076,2018.11062000,228747669.66903240,0
1755633600000,113132.49,113589.48,112732.58,112872.94,2625.5971,1755647999999,297207775.06876440,351906,1068.57714000,120960388.69180030,0
1755648000000,112872.95,113636.13,112566.01,113525.91,3116.70576,1755662399999,352631514.87738570,510162,1164.01315000,131714471.25126240,0
1755662400000,113525.9,113837.93,113432.0,113490.13,1367.41482,1755676799999,155379967.26592940,226386,683.43432000,77663127.05745590,0
1755676800000,113490.14,114016.77,113060.08,113666.68,2352.50644,1755691199999,267518086.25844220,377977,1066.60404000,121301550.14080420,0
1755691200000,113666.69,114326.35,112380.0,113353.94,4605.43198,1755705599999,522278044.57226530,980643,2123.07459000,240877531.68571480,0
1755705600000,113353.94,114444.0,113264.01,114276.66,2624.00614,1755719999999,298829017.13062470,634049,1342.66385000,152899931.09307650,0
1755720000000,114276.66,114615.38,114000.0,114271.24,1570.2768,1755734399999,179512936.02012630,269153,829.79580000,94874358.98754810,0
1755734400000,114271.23,114821.76,113906.01,113954.62,1626.72781,1755748799999,185841315.90159620,376353,808.20883000,92356069.79020040,0
1755748800000,113954.62,114033.84,113582.43,113896.03,1612.36321,1755763199999,183481882.07337650,278315,870.46157000,99045269.10060130,0
1755763200000,113896.03,113990.0,113000.0,113148.66,1509.65106,1755777599999,171287136.95961630,338663,634.87235000,72052473.70516610,0
1755777600000,113148.65,113995.11,112608.64,112792.08,2521.11028,1755791999999,285394179.23457840,562395,1189.66013000,134689675.90509470,0
1755792000000,112792.08,112969.47,112015.67,112193.71,2468.80417,1755806399999,277549685.11226940,499262,1258.41931000,141481694.24451910,0
1755806400000,112193.71,112870.94,112067.46,112500.0,1101.03582,1755820799999,123819589.33412610,302392,584.85788000,65775158.70891120,0
1755820800000,112500.0,113525.0,112335.6,112929.24,1610.19525,1755835199999,182026286.43214790,367861,995.49538000,112552643.57663110,0
1755835200000,112929.24,113394.76,112708.81,113094.83,1656.2572,1755849599999,187332321.37900830,331580,887.04271000,100334516.09173060,0
1755849600000,113094.83,113319.3,112177.27,112320.0,1932.43574,1755863999999,217921342.75416910,317304,924.65796000,104288496.33898460,0
1755864000000,112320.01,117296.12,111684.79,116370.75,11505.26127,1755878399999,1319396835.13821840,1584774,6041.80772000,693092581.05100730,0
1755878400000,116370.75,117429.05,116116.0,116655.79,4307.94644,1755892799999,502648352.26454390,577064,2128.81326000,248441571.90658640,0
1755892800000,116655.79,117174.43,116550.96,116935.99,2115.99447,1755907199999,247299984.30969890,259935,865.78008000,101197902.90772930,0
1755907200000,116936.0,117030.0,115458.2,115568.77,2647.58419,1755921599999,307518062.91591250,507557,1007.23464000,117041716.91650450,0
1755921600000,115568.77,116034.53,115551.2,115799.47,2258.18362,1755935999999,261617133.78858280,247598,1110.53791000,128658846.83235600,0
1755936000000,115799.46,115861.8,115223.43,115310.13,1313.89391,1755950399999,151932657.12032250,171068,625.01231000,72288422.77567940,0
1755950400000,115310.13,115486.97,114560.0,114812.87,3027.56166,1755964799999,348062480.90316210,373481,1303.05919000,149801287.58571390,0
1755964800000,114812.88,115190.74,114684.11,115133.91,1105.55067,1755979199999,127121304.50689660,151735,446.56857000,51348035.30536820,0
1755979200000,115133.92,115454.12,115001.88,115438.05,976.58792,1755993599999,112573788.77948210,108130,590.93752000,68135583.71582130,0
1755993600000,115438.06,115666.68,114934.21,115036.0,1995.92433,1756007999999,230109582.59534010,291862,1007.06495000,116114555.08681210,0
1756008000000,115036.01,115283.21,114846.14,114888.19,1715.6873,1756022399999,197387179.73029000,205688,587.93262000,67632167.10410240,0
1756022400000,114888.19,115060.99,114600.0,114730.22,2223.47925,1756036799999,255263363.45455190,267625,995.18062000,114257369.62055180,0
1756036800000,114730.22,114869.41,114350.57,114400.0,2662.01905,1756051199999,305089212.15292840,339333,1116.24094000,127945653.39436890,0
1756051200000,114400.01,114917.1,110680.0,112600.0,8322.01988,1756065599999,943283691.76260140,791837,3650.90078000,413888935.50766550,0
1756065600000,112600.0,113692.97,111632.85,113493.59,4256.85481,1756079999999,480151576.49346460,677561,1967.74719000,222016520.62081160,0
1756080000000,113493.59,113667.28,112159.0,112916.84,2384.9729,1756094399999,269655699.25748960,665721,1121.82787000,126832729.81323790,0
1756094400000,112916.84,113059.52,111284.05,111511.55,4054.02521,1756108799999,454597068.91029520,667424,1925.81482000,215964679.10904130,0
1756108800000,111511.56,111850.13,110929.48,111214.97,4028.25788,1756123199999,448564942.27145510,624668,1929.68354000,214949901.61912730,0
1756123200000,111214.97,112580.0,110588.0,112200.64,4593.3206,1756137599999,513032034.67396390,914685,2398.82756000,267986773.11341450,0
1756137600000,112200.65,112937.26,110655.01,110716.13,3109.40411,1756151999999,348208706.36696460,685712,1261.82967000,141419773.48185360,0
1756152000000,110716.13,111092.54,109274.1,110111.98,7012.81309,1756166399999,771512202.15085460,1137508,2749.59824000,302509128.20750530,0
1756166400000,110111.98,110111.98,108666.66,109879.56,4155.39206,1756180799999,455011698.22493690,1097720,1983.06646000,217185031.08963400,0
1756180800000,109879.57,110547.31,109765.93,110303.2,1910.05232,1756195199999,210359826.37700550,624551,1025.54731000,112960716.09120120,0
1756195200000,110303.2,110455.13,109570.34,109876.52,1852.10166,1756209599999,203892967.45228500,344139,870.12354000,95800304.58410740,0
1756209600000,109876.53,110818.6,109393.93,109666.33,4559.68511,1756223999999,501940355.73113050,1065558,2450.01989000,269746462.00346270,0
1756224000000,109666.34,111162.59,109450.0,111116.03,3548.51055,1756238399999,391349262.89399800,569890,2212.50107000,244219208.03903890,0
1756238400000,111116.03,112371.0,110918.26,111763.22,2426.69707,1756252799999,270883236.82058330,375616,1322.17330000,147556771.78951970,0
1756252800000,111763.22,111825.16,110918.26,111418.15,2172.27313,1756267199999,241949639.30677750,410582,925.30522000,103068605.98792800,0
1756267200000,111418.15,111737.26,110622.5,110725.18,1809.80294,1756281599999,201194156.60015460,370060,762.79756000,84846421.76324390,0
1756281600000,110725.19,111374.45,110345.42,111322.07,1594.26753,1756295999999,176776430.32148620,317061,785.60547000,87145518.07569220,0
1756296000000,111322.07,112625.0,111019.02,112000.0,3310.1006,1756310399999,369950416.97553700,824967,1672.05486000,186863860.89385300,0
1756310400000,111999.99,112600.0,111541.23,112080.69,1902.42552,1756324799999,213222697.39975690,506775,907.01397000,101668324.69289520,0
1756324800000,112080.68,112452.05,110921.79,111262.01,2603.73903,1756339199999,290681586.58711960,682051,1209.06842000,134993612.76386730,0
1756339200000,111262.01,112042.04,110862.42,112000.01,1203.77782,1756353599999,134253218.26864630,375072,597.52028000,66649542.65631200,0
1756353600000,112000.0,113360.0,111945.07,113114.11,2481.91862,1756367999999,280232965.37310330,395525,1238.58901000,139818288.77542760,0
1756368000000,113114.11,113351.51,112826.22,112909.18,1419.04336,1756382399999,160395511.26407400,164734,540.02909000,61048034.11729170,0
1756382400000,112909.18,113485.9,112391.56,112678.53,3088.9335,1756396799999,348792906.07042900,597709,1381.73513000,156076823.95085140,0
1756396800000,112678.53,113186.56,111901.35,111901.36,1813.29699,1756411199999,203973679.42619300,360972,798.74966000,89870954.53001890,0
1756411200000,111901.36,112575.98,111872.06,112566.9,1097.30715,1756425599999,123140201.54287620,172768,582.84192000,65402359.65391320,0
1756425600000,112566.9,112638.64,111302.27,111704.23,2123.00621,1756439999999,237282218.20052350,405287,965.39965000,107902817.37234550,0
1756440000000,111704.24,111850.56,109899.99,110019.38,4260.9718,1756454399999,472460597.88746470,499168,1929.05760000,213853323.43897240,0
1756454400000,110019.38,110270.3,109414.18,110098.81,2848.31026,1756468799999,313002938.91835020,448903,1604.11242000,176286557.33932710,0
1756468800000,110098.81,111517.07,108103.0,108386.23,7729.2804,1756483199999,845034516.96281830,1246052,3797.67907000,415295549.56517970,0
1756483200000,108386.23,108832.0,107934.24,108212.01,2605.64538,1756497599999,282494047.12716180,591209,1064.08261000,115386931.30598950,0
1756497600000,108212.01,108549.99,107463.9,108377.4,3013.0964,1756511999999,325218173.48121120,416340,1256.02509000,135596334.08264290,0
1756512000000,108377.4,108436.21,107350.1,108436.2,3244.13736,1756526399999,350563966.56231610,430111,1572.81933000,169958646.69980130,0
1756526400000,108436.21,108697.28,108120.0,108524.26,3052.32523,1756540799999,330960187.67573420,285923,1928.41443000,209129100.05219530,0
1756540800000,108524.26,108777.43,108400.0,108680.01,1416.9539,1756555199999,153824302.46667540,167658,803.45769000,87222342.94688020,0
1756555200000,108680.01,108926.15,108190.52,108869.98,1540.53972,1756569599999,167213327.05550190,272361,744.34436000,80816639.28406480,0
1756569600000,108869.98,108900.0,108625.46,108828.33,677.58629,1756583999999,73708948.90090160,133138,358.75258000,39025143.87433790,0
1756584000000,108828.32,108838.27,108468.77,108816.33,776.84909,1756598399999,84396040.07762310,121849,389.38944000,42305921.98612150,0
1756598400000,108816.33,109480.02,108801.35,109223.84,1756.83146,1756612799999,191851864.51821470,262048,907.25205000,99101944.62700990,0
1756612800000,109223.84,109231.41,108523.49,108708.26,1177.25929,1756627199999,128038261.11718590,168415,433.77972000,47170551.15249270,0
1756627200000,108708.25,109100.0,108303.21,108389.76,1590.89462,1756641599999,172733411.24566250,234357,619.64134000,67289247.58149260,0
1756641600000,108389.77,108858.43,108191.29,108818.69,2441.88905,1756655999999,264753055.11295950,277584,1270.38908000,137781179.95396140,0
1756656000000,108818.69,109237.51,108555.0,108930.0,1232.50315,1756670399999,134226505.07892460,189011,701.32991000,76368930.44484660,0
1756670400000,108930.0,109230.0,108076.93,108246.35,1290.13839,1756684799999,140203797.27838460,235218,641.21848000,69695034.40938510,0
1756684800000,108246.36,108482.98,107393.0,107660.01,3206.34097,1756699199999,345784012.64506980,678736,1375.11859000,148293046.64138160,0
1756699200000,107660.0,109432.99,107255.0,109432.99,2904.1728,1756713599999,314052268.67128990,493783,1561.84645000,169036237.61859190,0
1756713600000,109432.99,109912.4,108186.41,108782.88,3111.29125,1756727999999,339723577.21505800,498993,1419.73877000,155028031.51873520,0
1756728000000,108782.89,109520.0,108566.0,108784.33,2266.34513,1756742399999,247152798.24657160,411529,1002.90732000,109391704.18917580,0
1756742400000,108784.33,109329.65,108391.3,109217.64,1553.15049,1756756799999,169171627.41311090,266402,729.82289000,79485942.09904600,0
1756756800000,109217.65,109442.95,107459.49,109237.42,3012.30155,1756771199999,326632354.59003500,379941,1443.55699000,156495986.91750290,0
1756771200000,109237.43,110623.97,108883.8,110322.18,3166.02008,1756785599999,347302857.09203740,400395,1758.40749000,192932933.82073590,0
1756785600000,110322.19,110610.5,110000.0,110233.92,1952.71608,1756799999999,215347311.92848680,328089,994.93733000,109733095.59170230,0
1756800000000,110233.91,110711.1,109563.87,109733.34,2462.01591,1756814399999,271307194.73283180,361037,1048.27551000,115579298.95149500,0
1756814400000,109733.33,111771.52,108393.39,110829.17,6768.89317,1756828799999,747343925.58072980,880798,3315.12492000,366060490.73815770,0
1756828800000,110829.16,111119.58,110200.0,110806.0,2585.23037,1756843199999,286198581.18941530,430929,1163.37175000,128803940.00837420,0
1756843200000,110806.01,111538.17,110716.77,111240.01,1575.41195,1756857599999,175181581.37813730,195080,808.60027000,89923046.42633440,0
1756857600000,111240.01,111782.21,110892.14,111054.01,2263.61693,1756871999999,251962277.51238080,400128,1035.13985000,115264434.13091300,0
1756872000000,111054.0,111151.99,110528.71,111099.88,1539.69973,1756886399999,170595738.50876580,260732,572.85090000,63480328.84472480,0
1756886400000,111099.87,111708.0,110889.29,111437.77,1514.83708,1756900799999,168636555.41170260,286651,811.07758000,90303943.38083840,0
1756900800000,111437.77,112500.0,111031.61,112222.74,3550.00487,1756915199999,396916280.07101570,746472,1807.53585000,202109934.96599240,0
1756915200000,112222.73,112575.27,111686.24,112193.74,1957.30873,1756929599999,219492588.71274140,351115,913.79838000,102476028.15755290,0
1756929600000,112193.74,112250.0,111613.98,111705.71,948.2535,1756943999999,106159177.12705820,169151,398.89206000,44659007.02749640,0
1756944000000,111705.72,112180.0,111136.0,111148.97,1484.75903,1756958399999,165748620.00623790,303729,652.02619000,72804148.40546280,0
1756958400000,111148.97,111318.84,110279.68,110463.36,2293.72804,1756972799999,253892672.88128080,341359,895.54519000,99123553.26362450,0
1756972800000,110463.36,111154.93,110415.72,110810.0,1251.00126,1756987199999,138632770.05667890,246423,668.87931000,74125292.96236330,0
1756987200000,110810.0,111123.99,109329.12,109510.31,3057.95062,1757001599999,336674953.01896190,635685,1500.41170000,165173050.41215980,0
1757001600000,109510.32,110218.39,109363.26,109799.99,2124.63495,1757015999999,233220356.07925450,376615,1370.88022000,150452129.13521630,0
1757016000000,109800.0,111765.31,109755.59,110730.87,1991.06146,1757030399999,220861953.48967060,326444,983.03890000,109003011.64688340,0
1757030400000,110730.87,111482.09,110435.75,111311.77,1665.5758,1757044799999,184903566.38100620,310264,896.56239000,99523095.37650180,0
1757044800000,111311.78,112999.0,111144.51,112954.32,3481.17531,1757059199999,390189332.51001230,410628,1791.39517000,200892965.23502570,0
1757059200000,112954.32,112985.0,112131.02,112354.0,1956.82884,1757073599999,220089308.29147490,280041,945.71148000,106345395.03086400,0
1757073600000,112354.0,113384.62,110286.91,110716.82,9805.88987,1757087999999,1098894219.30964330,1310302,5024.28213000,563019857.17222220,0
1757088000000,110716.82,111627.51,110206.96,111614.54,2167.09419,1757102399999,240396957.97819890,350335,1005.04190000,111487864.14964540,0
1757102400000,111614.54,111700.0,110375.6,110659.99,2510.84487,1757116799999,278658816.15298940,308849,1124.81820000,124797084.26294190,0
1757116800000,110660.0,111307.7,110552.56,111082.22,800.18218,1757131199999,88738263.42799800,140100,353.50927000,39209399.27270470,0
1757131200000,111082.23,111082.23,110687.69,110825.6,687.98406,1757145599999,76249293.02100220,94842,247.55686000,27432976.90144220,0
1757145600000,110825.59,110968.0,110675.58,110781.02,621.90211,1757159999999,68882709.44001820,93699,313.76931000,34752578.20476860,0
1757160000000,110781.03,110999.83,110358.11,110384.15,886.00942,1757174399999,98108968.71789900,142658,460.89526000,51042181.36652530,0
1757174400000,110384.16,110402.0,109977.0,110038.41,1391.66059,1757188799999,153326892.03409560,233868,605.91642000,66759272.27371200,0
1757188800000,110038.42,110282.82,110034.44,110187.97,612.56061,1757203199999,67479809.90245690,90034,327.18585000,36041018.92685820,0
1757203200000,110187.98,110733.12,110180.0,110629.15,948.63792,1757217599999,104787931.40718370,116828,389.49018000,43022071.94874020,0
1757217600000,110629.15,110911.42,110463.1,110753.42,872.74711,1757231999999,96571750.76981000,108685,381.50211000,42229956.33231190,0
1757232000000,110753.41,111377.19,110720.01,111292.13,1214.41306,1757246399999,134950562.86242730,190930,552.37185000,61369941.35678530,0
1757246400000,111292.12,111412.0,111042.6,111329.99,837.52385,1757260799999,93137851.40595570,142417,344.09796000,38265361.05512750,0
1757260800000,111329.99,111371.35,110861.2,111259.99,940.48526,1757275199999,104481951.63920650,147101,469.78447000,52170540.84610150,0
1757275200000,111259.99,111600.0,111001.45,111137.34,867.49224,1757289599999,96517902.07428570,169000,433.60542000,48246052.00139590,0
1757289600000,111137.35,111372.0,110621.78,111052.11,1701.47085,1757303999999,188935229.57061340,308906,836.79910000,92904009.12259770,0
1757304000000,111052.11,111609.04,110899.69,111280.39,1330.12513,1757318399999,147913206.12595220,184140,701.81909000,78044546.82714720,0
1757318400000,111280.4,112186.98,111252.9,112052.43,2723.68786,1757332799999,304673937.23712620,309105,1317.82578000,147374478.79212260,0
1757332800000,112052.43,112924.37,111877.64,112631.75,3018.22348,1757347199999,339071513.52155890,466756,1572.71776000,176693309.59464820,0
1757347200000,112631.74,112670.06,111978.67,112097.31,1681.81458,1757361599999,188910893.98617280,316939,615.64599000,69157804.79041590,0
1757361600000,112097.31,112512.71,111896.0,112065.23,1127.08021,1757375999999,126399082.02353680,158752,486.85197000,54599126.23069910,0
1757376000000,112065.23,112104.41,111111.0,111708.0,2091.77038,1757390399999,233281366.99759270,364708,1119.70716000,124850202.96638540,0
1757390400000,111708.01,113293.29,111624.12,112991.11,2906.5944,1757404799999,327413687.28500880,352029,1393.69534000,156948740.48939340,0
1757404800000,112991.11,113176.51,112403.91,112433.59,1848.92022,1757419199999,208676364.39617630,210918,778.05933000,87830424.61282960,0
1757419200000,112433.59,112950.0,110766.66,110880.76,4662.13241,1757433599999,521744273.15140730,742791,2061.34504000,230751567.39885640,0
1757433600000,110880.76,111388.04,110788.0,111301.53,2121.49527,1757447999999,235604707.70760970,252884,1219.72460000,135439035.79615950,0
1757448000000,111301.53,111745.69,111090.07,111546.39,1748.3698,1757462399999,194745598.36857120,219912,1024.84891000,114153204.91394410,0
1757462400000,111546.38,111586.26,110917.45,111545.88,1667.04272,1757476799999,185465386.61559640,285335,805.56444000,89625575.41568200,0
1757476800000,111545.88,112602.35,111372.42,112553.65,2477.2586,1757491199999,277249952.52496740,275054,1291.20908000,144582430.69017270,0
1757491200000,112553.65,112859.8,112097.2,112299.99,2579.59736,1757505599999,290014477.68668190,286707,1008.77698000,113415730.16324630,0
1757505600000,112300.0,114313.13,112299.99,113853.99,6630.72074,1757519999999,752976102.98552950,774516,3390.81038000,384880932.48969830,0
1757520000000,113853.99,114074.46,113155.03,113574.52,2628.46871,1757534399999,298513456.48038900,357649,953.94643000,108328664.73569500,0
1757534400000,113574.53,114025.78,113528.01,113960.0,1534.3301,1757548799999,174615373.92914730,203273,824.33267000,93813363.98783810,0
1757548800000,113960.0,114434.23,113669.82,114400.01,1596.62879,1757563199999,182015809.94844740,263136,961.52159000,109618338.08634040,0
1757563200000,114400.01,114459.65,113957.2,114083.58,1954.14285,1757577599999,223126882.04170470,250844,925.38594000,105675000.56733420,0
1757577600000,114083.58,114200.0,113776.0,113999.99,1512.60333,1757591999999,172426276.75729320,230229,687.23071000,78339092.89556980,0
1757592000000,113999.99,114715.02,113430.0,114180.31,5143.69337,1757606399999,586732694.63006630,862926,2412.18460000,275257309.96635390,0
1757606400000,114180.32,114605.54,114102.0,114419.99,1437.71411,1757620799999,164436578.72479370,279325,662.48431000,75761951.15958420,0
1757620800000,114420.0,115488.09,114246.04,115482.69,2031.94874,1757635199999,233502902.85423570,279899,1095.49278000,125943730.01533880,0
1757635200000,115482.69,116331.81,115045.45,115194.14,3703.00155,1757649599999,428356309.20896320,563995,1926.14769000,222855145.58434580,0
1757649600000,115194.14,115656.87,115086.7,115086.7,1630.41759,1757663999999,188078296.73253520,252459,713.19737000,82280586.33433440,0
1757664000000,115086.7,115273.12,114888.01,114913.45,1958.78975,1757678399999,225295701.80976550,242507,1059.45555000,121850301.85111830,0
1757678400000,114913.45,115500.95,114740.99,115121.18,2042.13901,1757692799999,235016851.08326300,545024,1043.10430000,120057659.02116840,0
1757692800000,115121.18,116665.63,115030.3,116632.51,3863.84437,1757707199999,448507362.63907920,485400,2325.63773000,269971516.79455820,0
1757707200000,116632.51,116632.51,115752.68,116029.42,2125.91492,1757721599999,246867748.02825740,392106,928.03012000,107760180.27141450,0
1757721600000,116029.41,116298.78,115576.26,115957.0,2254.31226,1757735999999,261424386.40744380,283017,797.29772000,92472022.51640340,0
1757736000000,115957.0,115957.01,115657.81,115778.71,1062.2047,1757750399999,122972028.19498550,141293,452.32207000,52362368.88514660,0
1757750400000,115778.72,116166.71,115767.33,115974.11,1228.90503,1757764799999,142484356.35699640,143877,653.86468000,75813012.04637850,0
1757764800000,115974.11,116060.0,115603.98,115768.68,1373.33567,1757779199999,159057213.32081700,243380,622.10718000,72047224.87732550,0
1757779200000,115768.68,115817.37,115127.27,115797.12,1589.96184,1757793599999,183620137.42837770,291478,742.20207000,85724072.03629970,0
1757793600000,115797.12,115991.29,115797.11,115918.29,760.68444,1757807999999,88166098.94114070,120590,322.29987000,37354329.07779900,0
1757808000000,115918.29,116109.0,115651.99,115679.98,879.64203,1757822399999,101912530.94192830,182719,448.54268000,51966994.55571050,0
1757822400000,115679.99,115936.0,115449.59,115805.39,914.78349,1757836799999,105892525.68561350,131190,504.47234000,58398068.43394520,0
1757836800000,115805.39,116165.19,115748.78,115794.91,840.40714,1757851199999,97461407.15320890,148132,364.91910000,42315741.29929630,0
1757851200000,115794.92,115878.49,115141.8,115224.01,2036.51269,1757865599999,235055297.99864420,365569,1029.19419000,118798605.60387380,0
1757865600000,115224.01,115657.5,115193.9,115634.99,869.12927,1757879999999,100365108.81303440,166241,529.68951000,61162930.28544920,0
1757880000000,115634.99,116087.35,115135.0,115268.01,1167.12735,1757894399999,135075494.37616980,243367,530.08995000,61334719.12526710,0
1757894400000,115268.01,115594.9,114825.0,115445.45,1291.49944,1757908799999,148755333.59167810,309719,645.87650000,74396767.24585490,0
1757908800000,115445.46,116757.99,115400.0,115806.62,2645.45158,1757923199999,307301863.21300750,460919,1400.41903000,162689713.37340390,0
1757923200000,115806.62,115806.62,114625.87,115070.0,3497.27876,1757937599999,402341170.19463320,597624,1627.73693000,187272169.64518180,0
1757937600000,115070.01,115099.0,114384.0,114842.9,2995.41636,1757951999999,343782363.52896000,770538,1546.13431000,177457203.01098530,0
1757952000000,114842.9,115570.0,114600.0,115307.78,1872.69025,1757966399999,215446534.44747110,524766,1032.15362000,118739803.15764560,0
1757966400000,115307.78,115605.07,115200.07,115349.71,910.1751,1757980799999,105020970.24776540,194423,369.04321000,42582929.25195340,0
1757980800000,115349.71,115520.0,114945.01,115307.25,864.47636,1757995199999,99591672.05962510,245700,315.94643000,36392856.36049060,0
1757995200000,115307.26,116009.62,114930.0,115840.0,1899.99942,1758009599999,219806608.63743820,299283,925.54470000,107072896.84875460,0
1758009600000,115839.99,115981.17,115206.15,115287.83,1345.53241,1758023999999,155508383.82022350,239032,642.66269000,74263269.63666950,0
1758024000000,115287.84,115905.89,114737.11,115905.88,2622.65829,1758038399999,302186446.59042710,530203,1256.64052000,144829750.86593250,0
1758038400000,115905.88,116870.76,115608.28,116800.12,2955.38019,1758052799999,343968787.58147110,534667,1561.23821000,181675574.32735700,0
1758052800000,116800.13,116964.27,116584.45,116788.96,1238.86273,1758067199999,144717388.82774170,198173,590.15110000,68948220.95271430,0
1758067200000,116788.96,117077.16,116371.81,116372.04,1657.75299,1758081599999,193491339.81008770,290146,815.63490000,95235176.22922890,0
1758081600000,116372.05,117286.73,116160.22,117162.48,2485.03317,1758095999999,290584490.39789000,331949,1244.97129000,145570415.80491210,0
1758096000000,117162.48,117189.86,116253.27,116258.13,1655.0881,1758110399999,193052633.85378710,275626,616.39614000,71876604.82226690,0
1758110400000,116258.12,116516.93,115432.0,115875.32,2848.33061,1758124799999,330110290.72195140,580758,1431.82591000,165929205.94850880,0
1758124800000,115875.33,116333.33,114720.81,115652.02,5738.81221,1758139199999,663313189.17896010,1271634,2797.54671000,323392837.82956480,0
1758139200000,115652.02,116990.68,115307.33,116447.59,2369.22832,1758153599999,275531760.65906940,477305,1068.62695000,124277870.19859750,0
1758153600000,116447.6,117896.0,116092.76,117581.66,3081.68078,1758167999999,360962395.08196600,545534,1552.10912000,181734851.19817400,0
1758168000000,117581.67,117750.0,116888.02,117086.01,1789.62789,1758182399999,209885864.13961750,336315,688.09658000,80699444.82398450,0
1758182400000,117086.01,117413.04,117010.59,117063.4,1165.75229,1758196799999,136644267.16767080,265319,615.10674000,72102169.69079360,0
1758196800000,117063.41,117843.83,116977.59,117583.56,2416.33194,1758211199999,283846467.09226430,482957,1302.94828000,153061674.61871160,0
1758211200000,117583.56,117900.0,117196.33,117450.21,1828.6235,1758225599999,215116042.78037830,374290,981.62432000,115472670.55768360,0
1758225600000,117450.21,117657.17,116612.03,117073.53,1375.21725,1758239999999,161058311.22461250,248239,577.46034000,67629742.04538040,0
1758240000000,117073.53,117459.99,116871.61,116977.58,1326.38784,1758254399999,155402024.03295700,312981,533.62089000,62517867.86585390,0
1758254400000,116977.58,117100.0,116633.86,116909.97,1538.09106,1758268799999,179715411.02232820,281722,576.66272000,67382362.12074040,0
1758268800000,116909.98,117090.36,116300.0,116394.72,1243.82831,1758283199999,145090230.80511020,210628,486.01225000,56690954.63572180,0
1758283200000,116394.72,116529.08,115464.19,115884.03,2657.87565,1758297599999,308378000.22729850,466145,1293.13634000,150024130.86997050,0
1758297600000,115884.03,116136.0,115112.58,115125.12,1413.65495,1758311999999,163452273.25479540,290425,676.66257000,78251783.94873560,0
1758312000000,115125.13,115657.28,115100.0,115632.38,812.25284,1758326399999,93754462.11074960,170570,454.72006000,52478883.63765770,0
1758326400000,115632.39,115730.41,115408.47,115445.0,717.06298,1758340799999,82888500.38146520,124296,346.11885000,40008333.14995570,0
1758340800000,115445.0,115985.2,115409.08,115968.56,759.46126,1758355199999,87855071.45374150,110606,467.47497000,54074433.54654270,0
1758355200000,115968.56,115968.57,115664.11,115894.06,793.04586,1758369599999,91828050.91084840,136003,360.32496000,41724695.46654950,0
1758369600000,115894.05,116121.81,115804.47,115986.69,836.91424,1758383999999,97054572.13504620,133819,365.84809000,42427792.07254300,0
1758384000000,115986.7,116079.46,115698.08,115702.0,898.20806,1758398399999,104049061.31061800,121605,392.98161000,45522079.38976900,0
1758398400000,115702.0,115944.7,115603.42,115685.63,670.23512,1758412799999,77589017.04997010,114122,343.41635000,39754136.21789890,0
1758412800000,115685.63,115732.94,115441.83,115669.41,919.05922,1758427199999,106244847.86826770,138632,382.21256000,44187619.19627150,0
1758427200000,115669.42,115815.98,115487.56,115815.97,806.9398,1758441599999,93317224.35886330,135618,396.77304000,45885341.45019600,0
1758441600000,115815.98,115819.06,115329.03,115603.45,786.85295,1758455999999,90947602.10522750,168670,343.18454000,39664581.11508440,0
1758456000000,115603.45,115747.23,115473.19,115531.61,671.3204,1758470399999,77628802.41639730,148679,286.47799000,33124406.79987650,0
1758470400000,115531.62,115665.52,115209.02,115480.05,781.11646,1758484799999,90162089.93084310,192628,363.97115000,42014901.11311980,0
1758484800000,115480.05,115545.43,115188.0,115232.29,546.23336,1758499199999,62999184.47081070,161738,244.10561000,28154689.07244490,0
1758499200000,115232.29,115379.25,114150.0,114649.89,3078.59053,1758513599999,352684754.11777710,736906,1425.26822000,163246716.89603170,0
1758513600000,114649.89,114649.9,111800.0,112519.99,7290.80289,1758527999999,823530281.51200680,728222,3253.38510000,367502330.86163850,0
1758528000000,112520.0,112976.02,112173.52,112876.97,3052.23045,1758542399999,343444834.82094120,432429,1529.16275000,172070503.33346660,0
1758542400000,112876.97,113432.76,112380.0,112815.5,3313.50245,1758556799999,374108351.03113050,540240,1462.92194000,165183779.00933880,0
1758556800000,112815.5,112888.0,111936.4,112122.9,2731.51753,1758571199999,307062428.91799760,394676,1008.47504000,113372531.37514730,0
1758571200000,112122.9,112977.41,111975.28,112650.99,1315.06971,1758585599999,148041861.29902190,213403,633.14472000,71308405.42256470,0
1758585600000,112650.99,112833.09,111478.0,112339.99,2398.09582,1758599999999,269043870.04109740,423585,1029.92621000,115566420.27788150,0
1758600000000,112339.99,113114.01,111876.15,113090.13,2504.81638,1758614399999,282369160.46170410,475088,1192.47496000,134434490.33527400,0
1758614400000,113090.13,113281.5,112683.33,112975.99,1814.57634,1758628799999,205068866.18582340,305733,821.37518000,92832278.57402130,0
1758628800000,112975.99,113290.5,112496.61,112882.19,1948.83266,1758643199999,219993237.52754170,451279,823.53111000,92978126.21790460,0
1758643200000,112882.2,112958.58,111540.2,111655.29,2394.18192,1758657599999,268491504.71853940,575584,1073.49522000,120384847.72395070,0
1758657600000,111655.29,112220.54,111458.73,111998.8,1240.81718,1758671999999,138903161.33899710,224460,602.55822000,67469495.59100070,0
1758672000000,111998.8,112500.0,111683.09,111683.09,2848.03309,1758686399999,319231715.78306920,450413,1269.95521000,142335429.33395300,0
1758686400000,111683.1,112779.37,111042.66,112583.54,2905.68984,1758700799999,325878156.69843920,422986,1541.70360000,172928360.70714090,0
1758700800000,112583.54,113162.17,112405.62,113029.46,1567.72874,1758715199999,176833681.46212980,250830,860.06127000,97021284.84561540,0
1758715200000,113029.45,113890.0,112808.0,113346.41,2535.05067,1758729599999,287303312.80478710,552852,1318.87422000,149507527.40252870,0
1758729600000,113346.4,113940.0,113163.21,113420.01,1318.69585,1758743999999,149795073.91134420,322583,604.02160000,68627497.35902840,0
1758744000000,113420.0,113647.58,113204.71,113307.0,1194.06148,1758758399999,135428687.84281250,230173,506.07897000,57406181.57221060,0
1758758400000,113307.01,113510.23,112214.74,112546.21,3049.61418,1758772799999,344005575.81568140,658203,1427.22747000,160957165.18388540,0
1758772800000,112546.22,112614.43,111450.42,111766.72,2930.2095,1758787199999,327663142.00683150,596111,1372.57018000,153492918.47400550,0
1758787200000,111766.73,112246.46,111283.63,111348.0,2287.76235,1758801599999,255646380.39669940,406141,980.94778000,109635663.45243120,0
1758801600000,111347.99,111729.52,110629.99,111580.77,4734.75828,1758815999999,527008326.88953170,1120064,2052.45708000,228443277.30341460,0
1758816000000,111580.77,111672.58,108631.51,109360.0,6129.42446,1758830399999,672975159.27256590,1060870,2585.28818000,283641411.30006550,0
1758830400000,109360.0,109685.72,108765.0,108994.49,2099.3808,1758844799999,229341105.54390470,568564,1092.58868000,119357100.05464250,0
1758844800000,108994.49,109798.84,108809.24,109580.01,2323.19574,1758859199999,254245438.68470750,534083,1052.66880000,115195891.11143690,0
1758859200000,109580.0,109625.94,108913.0,109320.02,3055.89804,1758873599999,333796210.85090300,475637,1727.78782000,188665223.80385670,0
1758873600000,109320.02,109690.98,108620.07,109133.5,2675.46214,1758887999999,291980121.86979700,532784,991.18565000,108189935.86158570,0
1758888000000,109133.5,109779.73,108764.76,109027.78,3241.9244,1758902399999,354169754.92829400,961751,1645.14827000,179782119.84430670,0
1758902400000,109027.79,110300.0,109027.78,109172.2,2093.42859,1758916799999,229566570.70964500,543828,1090.71555000,119610460.27671280,0
1758916800000,109172.21,109687.69,109087.57,109643.46,853.107,1758931199999,93340818.89591310,209072,470.78424000,51511811.85450120,0
1758931200000,109643.46,109743.91,109324.42,109553.77,1041.65919,1758945599999,114071463.21404600,170335,510.68488000,55917374.07404540,0
1758945600000,109553.77,109742.27,109332.02,109411.2,908.84116,1758959999999,99561610.80098340,118897,406.08444000,44487440.48758670,0
1758960000000,109411.19,109477.69,109064.4,109310.21,1356.29029,1758974399999,148229649.56176290,194483,596.20681000,65164372.50049190,0
1758974400000,109310.22,109477.59,109193.0,109402.24,1151.38343,1758988799999,125875777.06509470,178012,511.03924000,55871636.53244890,0
1758988800000,109402.25,109440.0,109243.89,109424.2,590.81859,1759003199999,64619444.69863240,145696,234.92135000,25691898.22871310,0
1759003200000,109424.21,109699.98,109362.72,109635.85,452.79377,1759017599999,49589643.65655710,112171,264.32214000,28947779.17090940,0
1759017600000,109635.85,109787.75,109325.05,109436.0,822.14827,1759031999999,90044713.87016250,223878,412.28027000,45150225.50851850,0
1759032000000,109436.0,109537.8,109260.0,109513.06,569.05076,1759046399999,62257046.29739510,92356,294.31340000,32198424.27673750,0
1759046400000,109513.06,109585.39,109250.0,109369.02,862.93461,1759060799999,94420289.04633350,183426,420.99379000,46061702.51652680,0
1759060800000,109369.02,110037.93,109189.99,110037.93,1349.20291,1759075199999,147898941.38906380,288876,555.96741000,60956478.86828100,0
1759075200000,110037.92,110393.63,110008.54,110337.6,1215.77694,1759089599999,134010225.16023950,241509,612.71660000,67540466.26410240,0
1759089600000,110337.61,112350.0,110294.78,112163.95,2723.21811,1759103999999,303623728.55714090,454821,1485.60459000,165588459.73518380,0
1759104000000,112163.96,112310.0,111588.07,111857.51,2297.47362,1759118399999,257214538.02497690,442060,1048.98960000,117456642.63784110,0
1759118400000,111857.51,111904.34,111560.65,111865.95,1831.36016,1759132799999,204592458.62763950,299499,1004.26408000,112180456.46137010,0
1759132800000,111865.96,112421.99,111865.95,112100.0,2126.24195,1759147199999,238342829.85522600,324984,1077.07667000,120736060.17852760,0
1759147200000,112100.0,114231.56,111901.26,113815.57,5064.79852,1759161599999,573716293.18183780,789340,2663.77606000,301574004.71322660,0
1759161600000,113815.57,114390.93,113449.74,114265.55,2716.40525,1759175999999,309483410.94878900,354517,1227.93720000,139934824.24231550,0
1759176000000,114265.56,114400.0,114020.0,114311.96,1504.84055,1759190399999,171898105.23266680,232253,814.64407000,93052999.33547210,0
1759190400000,114311.97,114792.0,114040.35,114376.39,2494.38118,1759204799999,285442214.86781880,444227,1122.69104000,128499719.71322000,0
1759204800000,114376.39,114376.4,113585.0,113699.23,2326.82117,1759219199999,265116049.17012070,334134,947.88151000,107991936.52511960,0
1759219200000,113699.24,113741.37,112656.27,113055.01,2869.29172,1759233599999,324570286.34938870,462307,1534.32514000,173519351.10107890,0
1759233600000,113055.0,113677.23,112866.11,113106.16,2840.28661,1759247999999,321540741.98797550,878794,1300.30916000,147218631.20985640,0
1759248000000,113106.15,114563.46,112800.0,114359.99,2535.88761,1759262399999,288029255.11497640,512164,1287.09650000,146251134.04037590,0
1759262400000,114359.99,114754.87,113765.42,114048.93,1977.48804,1759276799999,226014719.63981540,386705,993.41819000,113563688.68053070,0
1759276800000,114048.94,114551.76,113966.67,114176.92,2042.57116,1759291199999,233499606.04922240,365189,973.35718000,111273026.30331280,0
1759291200000,114176.93,114740.0,114151.0,114539.02,1996.43364,1759305599999,228584340.51596940,453781,805.82104000,92262770.03152040,0
1759305600000,114539.02,116795.85,114484.43,116789.58,5217.93036,1759319999999,604751911.29038270,730334,2969.42682000,343980662.63906420,0
1759320000000,116789.57,117649.99,116363.38,117423.73,4518.346,1759334399999,528495971.58234100,849968,2190.22932000,256223578.84746030,0
1759334400000,117423.73,118199.0,116724.56,117439.53,3814.32316,1759348799999,448255889.93332880,583662,1823.08956000,214253035.20857870,0
1759348800000,117439.53,118649.1,117163.25,118594.99,2446.79084,1759363199999,288509261.89468920,447409,1309.11700000,154429584.37658100,0
1759363200000,118594.99,119456.92,118368.05,118733.99,4187.34775,1759377599999,497627797.11437860,736652,2192.53340000,260588560.74015300,0
1759377600000,118733.99,118930.29,118279.31,118489.76,1772.36438,1759391999999,210107178.01584700,347710,665.88412000,78943010.65534770,0
1759392000000,118489.76,118926.49,118354.61,118765.73,1460.00845,1759406399999,173263672.07406360,264264,747.60980000,88726117.37654980,0
1759406400000,118765.72,119910.79,118516.39,119910.78,5099.16626,1759420799999,608427409.90587330,967574,2836.67768000,338496859.04429270,0
1759420800000,119910.78,121022.07,119359.63,120836.49,4869.11141,1759435199999,585412473.74573860,780175,2457.56897000,295486797.20501880,0
1759435200000,120836.49,120914.0,120072.46,120529.35,2282.83678,1759449599999,275022596.48867940,375698,852.80451000,102745078.96844550,0
1759449600000,120529.35,120550.9,119820.0,120225.89,2268.65523,1759463999999,272710904.27956340,425555,853.57434000,102601163.44525290,0
1759464000000,120225.88,120324.53,119610.59,119640.21,2293.91523,1759478399999,274941005.21233860,319426,763.91801000,91596948.73996820,0
1759478400000,119640.22,120515.89,119248.3,120334.5,3467.40526,1759492799999,416272468.78557710,428903,1447.39533000,173798057.30156550,0
1759492800000,120334.51,122366.0,119881.24,122258.05,4929.42106,1759507199999,596531230.46443710,1074937,2734.65596000,331036842.48699540,0
1759507200000,122258.04,123894.99,121466.25,122660.99,9447.66952,1759521599999,1159833334.65435830,1647932,4768.99657000,585662876.94861530,0
1759521600000,122661.0,122734.92,121999.33,122232.0,1529.2617,1759535999999,187092133.28504430,350067,720.08334000,88096718.69122410,0
1759536000000,122232.21,122325.6,121684.97,122243.99,1730.5772,1759550399999,211099963.95431260,424870,816.50953000,99613426.53432030,0
1759550400000,122243.99,122800.0,122219.3,122324.08,1516.17531,1759564799999,185707032.54270780,298681,710.92006000,87079947.34376070,0
1759564800000,122324.08,122539.83,121962.81,121973.26,1268.73633,1759579199999,155133843.53270200,219801,623.33043000,76223673.62505060,0
1759579200000,121973.26,122509.52,121698.88,121791.31,1464.05666,1759593599999,178686185.50319400,361807,623.71437000,76136650.14428400,0
1759593600000,121791.31,121964.95,121510.0,121959.25,1443.23464,1759607999999,175708446.32154880,245128,615.43498000,74935077.83484410,0
1759608000000,121959.25,122410.0,121871.01,122391.0,785.38664,1759622399999,95937431.49018200,153303,377.89398000,46165657.64140220,0
1759622400000,122390.99,124362.28,122136.0,123776.22,4212.02615,1759636799999,520334194.48993320,691499,2464.54974000,304379319.50981660,0
1759636800000,123776.23,125708.42,123734.0,124713.63,7342.549203,1759651199999,918195583.57300200,999184,4023.05115300,503093246.96551080,0
1759651200000,124713.63,124838.37,122520.24,123464.64,4455.30964,1759665599999,550076667.52752170,798480,2105.16480000,259759835.85968740,0
1759665600000,123464.64,123464.65,122675.0,122803.17,2233.09004,1759679999999,274872969.06457120,362179,1132.83436000,139463431.11552050,0
1759680000000,122803.17,123464.0,122301.63,122591.79,2386.1605,1759694399999,293327214.60724370,500385,1262.23472000,155197705.07311310,0
1759694400000,122591.8,123548.83,122473.62,123482.31,1413.96202,1759708799999,174010841.67729220,338943,792.83763000,97584862.38734790,0
1759708800000,123482.32,124358.46,123084.0,123839.09,3025.28443,1759723199999,374435028.79986240,822567,1514.54440000,187472078.53372990,0
1759723200000,123839.09,124165.56,123280.49,123390.47,2210.62835,1759737599999,273410254.40127530,473306,912.42819000,112855684.84648900,0
1759737600000,123390.47,124531.66,123390.46,124215.0,2768.21181,1759751999999,343203564.65059130,423106,1659.13306000,205727617.78519450,0
1759752000000,124215.0,125408.29,124178.0,125000.0,4567.6948,1759766399999,570039253.68215230,1183562,2348.48905000,293097929.81617900,0
1759766400000,125000.0,126199.63,124800.0,125410.81,4722.172353,1759780799999,592646648.27343420,853093,2580.04856300,323906136.90161590,0
1759780800000,125410.8,125534.0,124511.15,124658.54,2200.63705,1759795199999,275094202.45800280,450533,948.36489000,118565681.83451000,0
1759795200000,124658.54,125082.27,124101.26,124329.74,1773.60979,1759809599999,220920573.76823910,491779,864.88818000,107758799.10802200,0
1759809600000,124329.74,124654.47,123567.6,123667.99,2455.2259,1759823999999,304622336.04908810,470777,978.62711000,121447489.71830410,0
1759824000000,123668.0,124509.6,123322.9,124453.38,2444.73415,1759838399999,303046034.76347480,452817,1222.21828000,151582526.91055010,0
1759838400000,124453.37,125126.0,121172.89,121846.01,7360.01455,1759852799999,905286859.80157790,1464124,3253.15942000,400336339.53722110,0
1759852800000,121846.01,122084.14,120574.94,121637.17,5726.896,1759867199999,695188027.58233990,1000405,2550.82405000,309673616.05836590,0
1759867200000,121637.18,122292.62,121258.08,121332.95,1873.51346,1759881599999,228341967.90582880,510883,829.63395000,101148970.36644260,0
1759881600000,121332.96,122229.66,121200.0,121374.75,2406.76826,1759895999999,293072607.11187850,691439,1164.40966000,141825662.06698160,0
1759896000000,121374.76,121910.24,121066.14,121597.06,2670.85944,1759910399999,324564761.87183740,585514,1288.46007000,156576311.28406210,0
1759910400000,121597.05,123200.0,121524.01,122884.14,3408.74044,1759924799999,417698564.08653910,681423,2059.58628000,252263865.08248720,0
1759924800000,122884.14,123350.0,121649.68,122189.72,3373.3683,1759939199999,413472933.84703670,1039222,1761.36381000,215957082.10997720,0
1759939200000,122189.72,124197.25,122110.08,123450.0,3795.53021,1759953599999,468725361.06308990,896830,2110.11538000,260570178.91050690,0
1759953600000,123450.01,123737.0,122794.4,123306.0,1357.35135,1759967999999,167308614.46123530,290569,655.12702000,80783165.24084460,0
1759968000000,123306.01,123348.32,121475.98,122038.01,2319.17839,1759982399999,283578287.06055600,548381,1061.61448000,129742045.29798820,0
1759982400000,122038.01,122264.0,121724.71,121906.1,1451.1479,1759996799999,177032613.48002480,351374,678.82991000,82810764.94710660,0
1759996800000,121906.09,122833.02,121145.49,122737.57,2689.44106,1760011199999,327913491.37966740,614086,1321.39836000,161086013.21581150,0
1760011200000,122737.56,123762.94,120673.99,121147.14,6566.062,1760025599999,802158864.04645970,1257871,3132.48226000,382886650.71182700,0
1760025600000,121147.15,121481.9,119651.47,120951.72,6174.05969,1760039999999,744428050.47005680,1020022,2595.55881000,312958583.58452960,0
1760040000000,120951.72,121900.0,120838.0,121662.4,2359.47103,1760054399999,286326781.12996840,439433,1354.26982000,164398775.80697600,0
1760054400000,121662.41,121874.13,120900.0,121026.01,2094.68145,1760068799999,254275035.70168650,516650,955.65412000,116026684.80004380,0
1760068800000,121026.0,121754.34,120855.41,120932.05,2566.54979,1760083199999,311351111.01304550,596873,1052.11332000,127707284.61349640,0
1760083200000,120932.05,121777.07,120916.44,121554.55,1553.83694,1760097599999,188695320.93428830,445775,835.88684000,101510363.65615800,0
1760097600000,121554.55,122550.0,118500.0,119018.98,7767.59253,1760111999999,934592515.31947690,1732958,3669.89821000,441938383.39794500,0
1760112000000,119018.99,119456.28,115952.47,116661.5,8454.54427,1760126399999,994807629.57088090,2022673,3793.97209000,446619279.93523020,0
1760126400000,116661.5,117214.64,102000.0,112774.5,41734.73429,1760140799999,4666029292.50177920,6089593,20194.61839000,2259496456.44313430,0
1760140800000,112774.49,113322.39,111019.43,112300.01,11533.52669,1760155199999,1293681040.67509890,2026502,5110.80551000,573335130.39242580,0
1760155200000,112300.0,112991.16,110090.29,110384.61,7142.76272,1760169599999,797960337.70062370,1228503,3044.40272000,340310800.09882880,0
1760169600000,110384.6,112359.67,110162.23,112280.0,5929.13992,1760183999999,661351285.92256900,1017523,2692.80191000,300419021.08388840,0
1760184000000,112280.01,112500.0,111793.2,111793.2,3681.24351,1760198399999,412916020.17511150,650037,1364.49025000,153067514.69771550,0
1760198400000,111793.21,112185.53,110865.82,111178.31,3138.91159,1760212799999,350434516.21946350,678020,1392.25845000,155445077.55367720,0
1760212800000,111178.3,111368.29,109561.59,110644.4,4022.93209,1760227199999,444726272.53826970,1061344,1771.18912000,195852055.74041650,0
1760227200000,110644.4,111368.14,109565.06,110676.0,4785.58424,1760241599999,527734464.99480780,1108600,2476.96052000,273173790.56971350,0
1760241600000,110676.0,112125.51,110617.1,111525.2,2731.29761,1760255999999,304716749.81612510,607932,1477.25750000,164825649.67710120,0
1760256000000,111525.19,112133.33,111139.87,111848.36,2810.82095,1760270399999,313927758.07705480,603209,1642.22975000,183428181.66277760,0
1760270400000,111848.35,113745.84,111177.75,113198.2,9020.41664,1760284799999,1014104335.29719340,1362515,4653.69522000,523225849.13482730,0
1760284800000,113198.2,114700.0,113198.2,114342.28,6635.34892,1760299199999,756389128.24520870,1144133,3685.75078000,420151541.27759350,0
1760299200000,114342.28,115770.0,114217.75,114958.8,6271.83436,1760313599999,721674092.30976600,1222186,2979.55156000,342871466.85523780,0
1760313600000,114958.81,115963.81,114619.45,114821.12,4123.60858,1760327999999,475323620.27149950,1164854,2174.32736000,250632301.02132630,0
1760328000000,114821.13,115554.83,114398.24,115399.67,3437.01313,1760342399999,394916947.33842730,736105,1463.28676000,168265163.29489260,0
1760342400000,115399.66,115438.17,113616.5,114180.0,4560.86246,1760356799999,523095735.56426370,873810,1919.26850000,220015762.35308800,0
1760356800000,114180.0,115530.0,113800.01,114312.1,5538.12887,1760371199999,634545221.89615510,1607879,2528.50751000,289748367.09501470,0
1760371200000,114312.09,115891.3,114215.79,115792.84,3368.92301,1760385599999,387384812.75319190,929742,1926.78270000,221567028.23752510,0
1760385600000,115792.84,115868.0,115005.44,115166.0,1528.70428,1760399999999,176565323.16221170,426962,698.72440000,80721961.84061980,0
1760400000000,115166.0,115409.96,113279.76,113500.0,3456.84461,1760414399999,394674575.75338980,805132,1323.21364000,150943873.64252020,0
1760414400000,113500.0,113691.0,111355.01,111724.41,6286.29915,1760428799999,707088652.31309020,1394120,2719.93617000,305898644.00992760,0
1760428800000,111724.41,112140.0,110012.24,111313.98,5281.83478,1760443199999,587216179.59909420,1285881,2512.77526000,279377550.88687940,0
1760443200000,111313.98,112943.82,109866.0,112900.43,7186.98731,1760457599999,799750593.43009110,1807844,3813.50177000,424684587.78846380,0
1760457600000,112900.44,113544.53,111692.31,112613.7,7436.01163,1760471999999,838223618.24299450,1608065,3642.46928000,410719177.73103840,0
1760472000000,112613.69,113577.0,112230.46,113028.14,2222.35226,1760486399999,251187159.46983890,524600,932.29585000,105387558.57555130,0
1760486400000,113028.13,113612.35,111825.93,112024.29,3526.54912,1760500799999,397532853.03578300,952530,1322.04541000,149048214.45436080,0
1760500800000,112024.3,112680.0,111746.76,112584.5,3442.20374,1760515199999,386508741.52025990,684213,1626.18854000,182636474.79341180,0
1760515200000,112584.49,113520.88,111693.26,111905.73,3699.08334,1760529599999,416606520.08440720,682792,1814.49868000,204405905.07585880,0
1760529600000,111905.72,112238.41,110400.0,110798.01,6590.50038,1760543999999,733692945.28886140,1400159,3070.62390000,341849663.57600090,0
1760544000000,110798.01,111557.7,110164.0,111271.73,3317.74779,1760558399999,367768608.86049960,900352,1590.42532000,176349438.25173040,0
1760558400000,111271.73,111556.27,110500.0,110763.28,2410.40374,1760572799999,267529972.56295750,623095,1075.53646000,119389098.76941120,0
1760572800000,110763.28,111867.17,110361.0,111329.48,2715.42468,1760587199999,301615168.74998910,687631,1221.15877000,135759727.12809650,0
1760587200000,111329.48,111773.7,110553.19,110584.2,3097.1426,1760601599999,344138789.93560110,607552,1467.52379000,163043206.55192590,0
1760601600000,110584.21,111728.7,109635.15,111404.72,5282.11808,1760615999999,585711124.99510880,846206,2170.84547000,240725496.97367200,0
1760616000000,111404.73,111982.45,108361.69,108549.21,8252.81169,1760630399999,908795953.14954920,1477274,3577.93392000,394363524.07099250,0
1760630400000,108549.21,109254.0,107577.57,108197.66,8255.26892,1760644799999,893885761.44353560,1758203,3666.66106000,397060507.69159610,0
1760644800000,108197.67,108500.0,107427.0,108194.28,2254.40655,1760659199999,243449696.48813560,750228,1022.82818000,110464412.71009410,0
1760659200000,108194.27,109240.0,107934.4,109176.74,2417.89309,1760673599999,262915949.64678930,657181,1309.43949000,142426417.46825860,0
1760673600000,109176.74,109236.01,105542.09,105633.75,8020.07533,1760687999999,857923296.86673990,1248905,3466.17504000,370683205.32271730,0
1760688000000,105633.75,106651.22,103528.23,105683.72,13908.33322,1760702399999,1461210664.78745070,2109169,6475.98178000,680680009.37603140,0
1760702400000,105683.71,106852.14,104533.21,106803.53,7847.34313,1760716799999,828727762.14203950,1868165,3982.71375000,420695579.78051330,0
1760716800000,106803.52,107575.6,106071.42,106454.72,3916.46744,1760731199999,418155597.41056440,1193604,1951.77304000,208397224.00649760,0
1760731200000,106457.24,107440.02,106342.47,106431.68,1810.55617,1760745599999,193712364.36761810,493661,810.91636000,86772051.50220260,0
1760745600000,106431.68,107306.06,106322.2,107070.4,2668.3034,1760759999999,285143227.21919690,488768,1167.19239000,124722456.75520810,0
1760760000000,107070.41,107499.0,106439.38,106665.0,2976.33507,1760774399999,318150467.67952250,378449,1207.02099000,129059224.78808610,0
1760774400000,106665.01,107222.0,106605.93,107208.6,2336.72819,1760788799999,249659994.42995920,363923,996.76784000,106514411.98271140,0
1760788800000,107208.61,107300.0,106739.33,106948.75,1425.61863,1760803199999,152511346.81025600,365786,659.35452000,70540224.50488860,0
1760803200000,106948.75,107091.87,106484.0,107080.14,911.25891,1760817599999,97309012.85446310,268451,409.53078000,43731737.45734410,0
1760817600000,107080.14,107339.03,106851.84,107185.01,804.94346,1760831999999,86228950.14971530,240073,405.98989000,43497661.17357460,0
1760832000000,107185.0,107367.16,106734.17,107275.78,1058.1121,1760846399999,113246566.50249440,305193,572.41603000,61273472.66982330,0
1760846400000,107275.79,107290.0,106558.61,106786.0,1247.19589,1760860799999,133330673.61976110,272779,361.59131000,38656942.27153640,0
1760860800000,106786.0,108260.5,106103.36,107783.47,5059.55867,1760875199999,542791265.76612820,948083,2432.26809000,261073470.30236680,0
1760875200000,107783.47,108621.68,107355.02,108486.7,3636.47308,1760889599999,392685804.18583840,731160,1585.52233000,171308469.11391470,0
1760889600000,108486.71,109450.07,108240.0,108908.43,2430.56297,1760903999999,264893608.88442130,535349,1325.22838000,144435789.74854060,0
1760904000000,108908.43,109370.99,108471.1,108642.78,2048.76152,1760918399999,223126160.62159090,413076,823.28399000,89675391.71155600,0
1760918400000,108642.77,110427.86,107402.52,110145.44,3683.55508,1760932799999,400176360.51037360,862320,1992.32352000,216654841.64830770,0
1760932800000,110145.45,111445.67,109951.96,111169.92,3967.97672,1760947199999,439977425.89974130,790304,1907.72918000,211492108.07026680,0
1760947200000,111169.91,111679.25,110608.27,111016.75,3452.86704,1760961599999,383080871.95537960,590987,1486.07636000,164926436.98444480,0
1760961600000,111016.75,111705.56,110588.23,111144.55,3006.20504,1760975999999,334068083.14582060,771423,1648.65176000,183249326.62701760,0
1760976000000,111144.55,111303.05,109855.83,110803.22,3716.65669,1760990399999,411207595.25859160,889862,1643.19253000,181822061.23186200,0
1760990400000,110803.22,111272.0,110418.25,110532.09,1366.18103,1761004799999,151401848.82356160,378646,602.52740000,66781014.15980020,0
1761004800000,110532.09,110532.09,109052.09,109059.22,2405.81342,1761019199999,264127437.21169580,608324,963.84762000,105811746.73016580,0
1761019200000,109059.23,109059.23,107473.72,108086.37,4930.3268,1761033599999,532321148.44264440,940512,2446.76182000,264160920.63192270,0
1761033600000,108086.38,108811.47,107484.22,108580.01,2989.72657,1761047999999,322984406.77116010,559059,1544.84835000,166933622.99076850,0
1761048000000,108580.0,113557.62,107922.06,113422.61,10002.10737,1761062399999,1110813673.19708970,1543981,5298.66251000,588737592.25422460,0
1761062400000,113422.6,114000.0,111324.29,111780.39,10731.47816,1761076799999,1207361848.57936080,1252490,4129.02854000,464925674.40134800,0
1761076800000,111780.4,111801.41,108045.81,108297.67,6168.56427,1761091199999,676869335.73010330,1099697,2650.92271000,290758194.32618320,0
1761091200000,108297.66,108678.21,107841.2,108216.02,4851.56459,1761105599999,524908590.84702240,840507,2194.03944000,237412756.45514790,0
1761105600000,108216.03,108638.99,107610.0,108321.63,3883.15964,1761119999999,419961683.11696630,613952,1887.78021000,204123537.55507380,0
1761120000000,108321.64,108358.76,106708.18,107555.05,4012.65986,1761134399999,432338324.06202630,727719,1930.54933000,208061542.90295110,0
1761134400000,107555.04,109163.88,107443.01,108416.5,7925.67327,1761148799999,857769493.46711660,1583429,4129.73038000,447004110.56004140,0
1761148800000,108416.5,108796.42,107463.29,107870.35,4008.05438,1761163199999,433349013.24843580,1045907,1834.81673000,198388126.94250520,0
1761163200000,107870.35,108069.93,106666.69,107567.44,3929.67277,1761177599999,421964601.70241430,736389,1789.67252000,192189829.18425940,0
1761177600000,107567.45,108720.39,107500.0,108377.96,2373.50317,1761191999999,256864135.28960750,464589,1373.58763000,148679711.22645820,0
1761192000000,108377.96,110298.29,108350.36,109269.9,3314.78585,1761206399999,362892986.84639030,570401,1722.12985000,188470327.31864090,0
1761206400000,109269.9,109903.83,109100.4,109253.89,2204.01103,1761220799999,241264711.48125920,502649,923.15956000,101051716.92231110,0
1761220800000,109253.88,110109.99,108685.72,109908.28,4284.59025,1761235199999,468467126.05045160,1007719,2008.23313000,219658516.82841870,0
1761235200000,109908.29,111293.61,109647.34,110200.0,3640.32069,1761249599999,402236205.45681640,768104,1754.75645000,193897589.02789710,0
1761249600000,110200.01,110200.01,109341.28,110078.18,1755.88195,1761263999999,192857124.28686880,408152,793.47054000,87147456.37968470,0
1761264000000,110078.19,110829.67,109983.93,110441.46,1538.88446,1761278399999,169931815.11104180,426487,769.67825000,84994925.61602570,0
1761278400000,110441.46,111522.3,110332.0,111054.61,2705.19443,1761292799999,300689589.96854450,509244,1279.54685000,142216068.54217700,0
1761292800000,111054.61,111482.99,110600.0,111066.29,1981.64658,1761307199999,220141112.18637800,471346,923.35826000,102590422.05462070,0
1761307200000,111066.29,112104.98,109700.01,110046.91,5533.12257,1761321599999,612803819.68739330,1129774,2878.10124000,318815710.87111490,0
1761321600000,110046.92,110945.39,109797.13,110615.07,1470.06782,1761335999999,162275454.82058950,449401,724.51583000,79977673.90280560,0
1761336000000,110615.07,111138.62,110478.0,111004.89,1776.25327,1761350399999,196964973.17938530,254770,936.04297000,103795653.82087870,0
1761350400000,111004.9,111226.67,110672.86,111029.99,829.34913,1761364799999,92046527.25413000,194895,367.77401000,40820815.41895470,0
1761364800000,111029.99,111820.87,111029.99,111489.6,1417.09029,1761379199999,157850455.66227980,227170,724.70347000,80727189.87474580,0
1761379200000,111489.59,111850.13,111375.81,111563.81,1378.18654,1761393599999,153829671.01956260,266206,653.34634000,72934111.00710620,0
1761393600000,111563.81,111943.19,111311.19,111385.18,1254.08497,1761407999999,140016832.32685150,244526,638.99355000,71348352.93527360,0
1761408000000,111385.18,111731.78,111164.39,111623.45,963.51944,1761422399999,107373824.60536790,163190,469.08267000,52279905.65885200,0
1761422400000,111623.46,111683.64,111342.25,111646.27,565.73827,1761436799999,63084022.10693060,142212,233.18656000,26003556.90501290,0
1761436800000,111646.27,111899.56,111260.45,111260.46,1026.78183,1761451199999,114618902.34025810,243633,493.56294000,55102642.18806540,0
1761451200000,111260.46,111724.96,111260.46,111723.98,665.50994,1761465599999,74245097.48287320,135224,295.10796000,32917227.94134560,0
1761465600000,111723.98,113466.23,111708.63,113286.09,2987.57218,1761479999999,336251998.90545930,530342,1692.61555000,190470997.02635120,0
1761480000000,113286.09,114000.0,113279.85,113694.97,3506.31151,1761494399999,398495383.47311540,638258,1810.59530000,205784535.04910010,0
1761494400000,113694.97,113793.93,113290.62,113585.99,1360.11589,1761508799999,154479293.13946870,264232,700.62746000,79576417.30422390,0
1761508800000,113585.98,115466.8,112901.0,114559.4,3908.18602,1761523199999,447017960.53365430,652262,1989.67233000,227610529.84251940,0
1761523200000,114559.41,115445.39,114362.26,114958.51,3281.65267,1761537599999,377376939.95511680,577231,1589.72571000,182815398.58710630,0
1761537600000,114958.52,116400.0,114938.01,115554.6,5478.9455,1761551999999,633955282.06237310,586816,2646.60413000,306259140.24850200,0
1761552000000,115554.59,115607.48,114814.69,115362.02,3701.92326,1761566399999,426625263.46932380,613711,1915.00076000,220708684.50489810,0
1761566400000,115362.02,115437.48,114503.99,114969.68,4493.43933,1761580799999,516855472.91437840,851039,2572.36483000,295949796.01883060,0
1761580800000,114969.68,115790.0,114790.81,114942.64,2258.20754,1761595199999,260415633.17640470,566697,1231.23640000,141982997.80594250,0
1761595200000,114942.64,114942.64,113830.01,114107.65,2236.06411,1761609599999,255644152.97137130,464994,1014.76999000,116037519.83211030,0
1761609600000,114107.65,114547.2,113569.91,113908.24,2184.14279,1761623999999,249078499.17575480,534662,1062.96518000,121263244.50565580,0
1761624000000,113908.25,114364.99,113483.3,114188.37,2190.6787,1761638399999,249610851.30832060,440948,1177.15207000,134176578.42595450,0
1761638400000,114188.38,114673.68,114113.3,114357.73,1236.93368,1761652799999,141553113.37531410,319441,693.52322000,79367303.02501140,0
1761652800000,114357.72,116086.0,114138.06,114641.38,4008.51256,1761667199999,461318636.60888170,953393,2144.82032000,246823604.61125620,0
1761667200000,114641.38,115591.41,113566.44,113689.99,2719.79536,1761681599999,311866109.38281170,808093,1185.87128000,135977926.47220320,0
1761681600000,113689.0,113703.32,112211.0,112898.45,3183.35948,1761695999999,359326320.01319140,773308,1500.98367000,169423028.97629140,0
1761696000000,112898.44,112975.75,112100.0,112523.49,2076.22141,1761710399999,233656087.46441260,535194,1052.79215000,118493920.49103820,0
1761710400000,112523.49,113577.9,112505.58,113577.9,2036.63326,1761724799999,230406563.47121770,476864,1223.31581000,138415870.08883500,0
1761724800000,113577.9,113624.12,112732.91,113132.36,1970.99326,1761739199999,222834417.53913540,499662,930.48855000,105201400.17206480,0
1761739200000,113132.35,113643.73,111401.5,111509.74,4606.39611,1761753599999,518205638.83404190,909507,2103.06792000,236646386.00103010,0
1761753600000,111509.74,112030.23,109200.0,110640.0,7741.83881,1761767999999,858061551.38728850,1495250,3882.32757000,430461370.18229960,0
1761768000000,110640.0,111800.0,109733.22,110021.29,2647.63091,1761782399999,293551727.83744950,565003,1215.08033000,134766660.42164080,0
1761782400000,110021.3,111011.99,109703.43,110751.47,2342.18582,1761796799999,258931839.89521190,739026,1268.55359000,140259365.83410840,0
1761796800000,110751.48,111592.0,107925.06,111366.72,6581.76635,1761811199999,721393750.98240340,1411519,3091.55131000,339023420.52186120,0
1761811200000,111366.72,111467.01,109692.3,109717.29,2970.54213,1761825599999,328280743.30532370,654575,1446.01162000,159930939.73422950,0
1761825600000,109717.19,109777.93,107328.0,107711.56,6544.11088,1761839999999,708189412.36955010,1517196,2818.22871000,304917344.57699070,0
1761840000000,107711.56,108214.85,106304.34,106536.39,4367.26208,1761854399999,468198728.55431050,1236676,2160.61074000,231675933.97527400,0
1761854400000,106536.39,108334.53,106316.17,108322.88,3182.96112,1761868799999,342226812.31599810,814459,1766.17547000,189864832.10312860,0
1761868800000,108322.87,110042.16,108275.28,109227.86,4174.2813,1761883199999,455966040.94216250,960277,2155.33116000,235335604.37036930,0
1761883200000,109227.87,110215.0,109114.88,109449.31,3598.46922,1761897599999,394846317.42010490,658157,1883.72644000,206691602.44366120,0
1761897600000,109449.32,110550.0,109214.13,110415.61,2439.82294,1761911999999,268095333.79047240,774441,1270.09048000,139585215.28066720,0
1761912000000,110415.62,111190.0,109366.91,110202.9,6113.3169,1761926399999,674176528.02866320,1364081,3026.98946000,333794177.44850030,0
1761926400000,110202.9,110300.0,108635.0,109828.78,3864.41061,1761940799999,422927587.12721600,1112496,1832.91090000,200615614.15076200,0
1761940800000,109828.78,109828.79,109329.15,109608.01,1327.90342,1761955199999,145578630.63279160,387420,629.49094000,69012077.22981970,0
1761955200000,109608.01,110315.54,109394.81,110226.37,1329.53082,1761969599999,146006095.13733150,385004,653.50096000,71803407.48244760,0
1761969600000,110226.38,110564.49,109933.86,110071.4,1273.91172,1761983999999,140381375.20220160,380643,639.76727000,70516318.61621290,0
1761984000000,110071.4,110270.9,109854.72,110137.59,1127.98746,1761998399999,124209420.19100380,295459,472.46328000,52025258.51342440,0
1761998400000,110137.59,110348.0,109702.66,110310.65,1527.00509,1762012799999,168019813.01416150,382377,660.93732000,72733912.50921440,0
1762012800000,110310.65,110529.99,110192.0,110299.99,1247.33562,1762027199999,137620948.55515930,289313,518.27214000,57179425.63534000,0
1762027200000,110300.0,110516.17,109858.44,110098.1,872.7336,1762041599999,96151564.33482210,261418,461.74304000,50868633.32433290,0
1762041600000,110098.1,110263.91,109879.39,110053.23,856.27323,1762055999999,94206511.20791700,267327,394.71748000,43427375.81639130,0
1762056000000,110053.22,111045.09,110030.06,110895.53,4429.20302,1762070399999,489250033.64313090,461181,2123.47602000,234576743.35384980,0
1762070400000,110895.53,111229.78,110346.15,111196.99,2428.29839,1762084799999,269043636.51866950,459169,1376.45057000,152531674.26447490,0
1762084800000,111196.99,111250.01,110096.32,110117.48,1689.37947,1762099199999,186792574.79959330,635447,684.37845000,75667811.83595660,0
1762099200000,110117.49,110331.0,109735.59,110180.84,1185.47603,1762113599999,130460363.67125550,393116,548.03472000,60313933.34489600,0
1762113600000,110180.85,110742.26,109471.34,110540.68,1518.37073,1762127999999,167117411.30093510,435948,794.80729000,87499411.63940910,0
1762128000000,110540.69,110750.0,107907.44,107937.45,3966.5295,1762142399999,432603763.74470690,1081477,1549.53784000,169089269.75014650,0
1762142400000,107937.45,108075.0,107006.05,107468.23,3863.52296,1762156799999,415777364.35502580,1021779,1732.68723000,186488212.40925550,0
1762156800000,107468.23,107920.92,106726.63,107787.42,3470.56341,1762171199999,372521974.05006570,843738,1336.89855000,143566135.88646470,0
1762171200000,107787.42,108333.0,105511.0,105745.71,6164.15776,1762185599999,658853370.06006160,1406770,2736.08562000,292713084.95608620,0
1762185600000,105745.71,107783.2,105306.56,107090.0,7788.41484,1762199999999,831009280.84604140,1607380,3941.81189000,420832902.89159470,0
1762200000000,107090.0,107169.68,105755.59,106583.04,3427.99932,1762214399999,365240898.94566620,1113402,1550.06461000,165179500.77463000,0
1762214400000,106583.05,107298.74,105852.37,107158.79,4088.97853,1762228799999,436423930.82185960,1143312,2165.32008000,231160851.19730460,0
1762228800000,107158.79,107299.0,104200.0,104490.72,8029.86674,1762243199999,843886603.04962230,1331077,3545.81771000,372635866.52159020,0
1762243200000,104490.73,104699.07,103605.0,104584.76,5321.10046,1762257599999,553645646.13641240,1134201,2356.12744000,245227214.89426040,0
1762257600000,104584.75,104842.63,102915.05,103197.01,7422.89891,1762271999999,771384225.02818840,1426626,3369.74360000,350343743.47787130,0
1762272000000,103197.02,103500.05,100010.73,100542.64,13452.93585,1762286399999,1365558040.85499980,2318110,5835.50979000,592159463.66141540,0
1762286400000,100542.64,101893.09,98944.36,101497.22,12219.09327,1762300799999,1226799189.32133060,1746283,6116.47171000,614659573.41808790,0
1762300800000,101497.23,102272.23,98966.8,102130.0,11012.84461,1762315199999,1112866261.74712390,1673739,5994.42193000,606434384.07175410,0
1762315200000,102130.0,102370.0,101500.0,101993.02,4661.84078,1762329599999,475097234.83173590,851440,2746.17482000,279901652.57416230,0
1762329600000,101993.03,102203.48,101176.47,102070.61,3577.50149,1762343999999,363913571.27303160,951725,1707.09793000,173678197.12994540,0
1762344000000,102070.62,103798.37,101916.77,103728.3,6345.91865,1762358399999,653026807.78414900,1351515,3373.83408000,347148140.13919310,0
1762358400000,103728.3,104529.41,103057.56,104008.09,5492.77185,1762372799999,570411754.09405680,1024155,2970.15061000,308477445.34230220,0
1762372800000,104008.09,104534.74,103305.05,103885.16,2687.89833,1762387199999,278958292.97028780,647794,1335.16891000,138592457.77565400,0
1762387200000,103885.16,103933.33,102716.26,103636.03,3781.79437,1762401599999,390929714.24654910,780423,1749.99479000,180979875.21861050,0
1762401600000,103636.92,104200.0,102910.66,103185.48,2970.86552,1762415999999,307362272.81810780,691840,1440.19015000,149002888.02251960,0
1762416000000,103184.75,103440.0,102651.63,103227.58,2657.25315,1762430399999,273797105.78150730,601119,1218.27403000,125558071.41161330,0
1762430400000,103227.59,103626.46,101630.0,102014.48,6680.54627,1762444799999,684922658.90816760,1423851,3077.74547000,315571206.30049840,0
1762444800000,102014.49,102393.51,100300.95,101388.81,6059.2639,1762459199999,614113022.67704130,1486946,2872.87721000,291193915.75492790,0
1762459200000,101388.82,101643.28,100541.17,101346.04,3664.89818,1762473599999,370643071.87445390,770822,1613.46631000,163168216.31225870,0
1762473600000,101346.04,102500.0,100749.94,101916.29,3965.61372,1762487999999,403088110.39778900,943483,2128.87551000,216449745.77954460,0
1762488000000,101916.3,102527.0,101582.92,102010.0,3062.61099,1762502399999,312471284.79447900,509762,1574.51690000,160653541.84645480,0
1762502400000,102009.99,102050.0,99803.58,100411.89,6600.41114,1762516799999,664666294.16890730,918643,2879.09401000,289994391.35709790,0
1762516800000,100411.89,101253.99,99260.86,100797.95,8633.01674,1762531199999,866264177.91528510,1737051,4148.59622000,416359938.74405480,0
1762531200000,100797.95,103395.25,100517.06,103395.25,6836.56812,1762545599999,697868477.57218250,1502726,3813.60430000,389443591.17201650,0
1762545600000,103395.92,104096.36,102958.0,103339.08,2961.28871,1762559999999,306754634.45724110,724094,1512.11888000,156662950.21741130,0
1762560000000,103339.09,103406.22,102539.49,102592.76,2401.80651,1762574399999,247393811.11030640,629572,1113.71411000,114721359.99916640,0
1762574400000,102592.76,102836.0,101902.64,102352.96,2041.96251,1762588799999,209096178.94724760,476427,926.76290000,94914090.68317130,0
1762588800000,102352.96,102687.72,101715.76,101857.1,1838.21057,1762603199999,188094724.24426800,312208,946.25001000,96870375.41308650,0
1762603200000,101857.1,102186.99,101454.0,101711.45,3063.13156,1762617599999,311920799.26898880,599586,1422.70684000,144874458.84453080,0
1762617600000,101711.46,102219.39,101522.08,101989.65,2120.40711,1762631999999,216053546.78948290,466017,1020.21972000,103954201.07156040,0
1762632000000,101989.65,102482.2,101957.94,102312.94,925.26159,1762646399999,94606505.01497640,260009,433.00619000,44276869.35563130,0
1762646400000,102312.95,102337.89,101400.0,101662.05,2156.33613,1762660799999,219537593.39204380,616651,908.61541000,92497094.64735000,0
1762660800000,101662.05,102130.61,101635.96,101944.59,1101.66332,1762675199999,112197860.87614880,363847,619.14252000,63055519.23332330,0
1762675200000,101944.6,102307.68,101500.0,102239.41,1825.56978,1762689599999,185981154.42502120,353586,835.87780000,85164742.76543920,0
1762689600000,102239.41,104168.0,102050.64,103762.17,4687.64884,1762703999999,483748413.73318440,722447,2499.46338000,257925660.77049640,0
1762704000000,103762.18,104805.57,103316.23,104805.57,2824.51417,1762718399999,293847990.86660870,607461,1503.79538000,156497160.61093190,0
1762718400000,104805.57,105495.62,104058.59,104722.96,3743.23872,1762732799999,391707809.07381390,740212,1858.05490000,194480479.05936890,0
1762732800000,104722.95,106670.11,104265.02,106027.97,6501.34292,1762747199999,688330751.36494140,1105300,3466.31181000,367007356.66590460,0
1762747200000,106027.97,106539.4,105846.26,106461.45,2684.13909,1762761599999,285126740.59654170,551715,1261.23025000,133980596.15078910,0
1762761600000,106461.46,106599.47,105836.0,106176.5,2356.44228,1762775999999,250303165.19680590,517348,1127.69901000,119810855.03326120,0
1762776000000,106176.5,106589.89,104667.0,105079.99,5720.78074,1762790399999,603764964.61561580,1082422,2898.48369000,305814225.76834470,0
1762790400000,105079.99,106094.31,104784.36,105817.99,2756.40939,1762804799999,290768599.34062960,824659,1450.70631000,153091630.45769770,0
1762804800000,105818.0,106299.22,105280.0,106011.13,2663.14231,1762819199999,281847443.27480730,629513,1391.38837000,147261224.67077250,0
1762819200000,106011.13,107500.0,105500.0,106456.0,4935.02762,1762833599999,525356395.76815770,1218316,2617.96478000,278682284.14789340,0
1762833600000,106456.0,106546.0,104741.2,104783.98,3316.23424,1762847999999,349279323.97086470,762108,1407.46249000,148211331.68933010,0
1762848000000,104783.99,105497.99,104762.23,105311.9,1804.62899,1762862399999,189782002.69277480,556080,897.09756000,94346867.69019270,0
1762862400000,105311.9,105500.0,103170.33,103455.99,8851.069,1762876799999,922656573.81633210,1300049,3063.03921000,319059751.49052540,0
1762876800000,103455.99,103730.0,102840.22,103126.39,2547.95909,1762891199999,263209913.29398040,951372,1328.94058000,137297054.02384740,0
1762891200000,103126.39,103224.29,102476.09,103058.99,2741.58824,1762905599999,281994861.46481180,744224,1402.52933000,144293295.15798750,0
1762905600000,103059.0,103440.96,102687.72,103310.0,2672.05561,1762919999999,275664621.79534140,712109,1480.03804000,152691305.04303470,0
1762920000000,103310.0,103654.38,103011.0,103112.66,2165.62446,1762934399999,223876678.59250970,456907,1018.37117000,105290412.13916740,0
1762934400000,103112.65,105200.0,103112.24,105020.83,3543.70691,1762948799999,370288160.23051800,859788,1825.19245000,190745516.86616060,0
1762948800000,105020.82,105333.33,101961.97,102173.51,5192.00313,1762963199999,538988254.46131070,1263432,2521.51117000,261973942.44819200,0
1762963200000,102173.51,102285.18,100813.59,101297.31,4869.26591,1762977599999,494776144.55708840,1384266,2243.41540000,227983243.98082900,0
1762977600000,101297.31,101999.35,101141.03,101654.37,2014.98304,1762991999999,204920545.62410900,637630,1067.19272000,108529642.66090330,0
1762992000000,101654.37,102604.0,100922.55,102130.21,3586.47221,1763006399999,365966664.77125300,997540,1921.36522000,196165514.15192480,0
1763006400000,102130.21,104085.01,101665.59,103475.66,4325.82278,1763020799999,445801818.96748210,1055068,2133.16561000,219842704.78862690,0
1763020800000,103475.66,103811.49,102553.63,102936.5,3138.63943,1763035199999,323760207.89943510,710617,1347.00783000,138967377.84552530,0
1763035200000,102936.49,103483.83,101184.14,101382.64,6264.43277,1763049599999,641236574.50672240,1473530,3143.15912000,321699438.80366230,0
1763049600000,101382.63,101540.93,98147.4,98682.14,12921.08077,1763063999999,1287758119.74310280,2330556,5791.94365000,577182744.55559680,0
1763064000000,98682.13,100501.31,98000.4,99692.02,5962.05975,1763078399999,590174640.65238510,1558093,2913.58283000,288591337.43102460,0
1763078400000,99692.03,99866.02,98700.0,99139.38,5839.81569,1763092799999,579385672.37833360,1486546,2349.26877000,233173956.01174150,0
1763092800000,99139.38,99178.58,95933.75,97151.98,11116.73192,1763107199999,1082194107.92546890,1934993,4907.35592000,477783627.13180640,0
1763107200000,97151.97,97553.7,95711.0,96167.44,5255.60132,1763121599999,508642583.37145060,1178503,2404.70579000,232864999.50434640,0
1763121600000,96167.45,97322.35,94560.48,96796.14,14312.72078,1763135999999,1368309339.18178380,2297886,6690.99008000,640143497.18921060,0
1763136000000,96796.14,97411.11,94800.55,95778.29,5605.64502,1763150399999,538749646.77808850,1457872,2651.43720000,254866154.48602630,0
1763150400000,95778.3,95940.0,94012.45,94594.0,5157.63008,1763164799999,488803807.11208140,1195225,2181.15742000,206710052.54035230,0
1763164800000,94594.0,96846.68,94558.49,96417.12,4376.79077,1763179199999,419031979.36271250,1195381,2164.97401000,207241482.17042330,0
1763179200000,96417.12,96570.65,95921.21,96333.86,2543.94362,1763193599999,244679611.03326390,641163,1090.17010000,104866837.92376120,0
1763193600000,96333.87,96350.52,95630.0,95696.87,2336.22638,1763207999999,224112917.96833200,674696,990.39475000,95026053.49157890,0
1763208000000,95696.86,96471.22,95565.17,96260.0,1987.28578,1763222399999,191000911.96519870,613438,1162.56841000,111745008.83106870,0
1763222400000,96259.99,96419.65,95731.32,96012.01,1880.65231,1763236799999,180615313.35485050,606029,785.62033000,75444815.98978360,0
1763236800000,96012.01,96012.01,95119.94,95596.24,1985.99505,1763251199999,189633285.38312800,532851,922.05438000,88034762.34742640,0
1763251200000,95596.23,95979.79,94841.62,95825.02,1896.67006,1763265599999,180972003.22498100,707070,817.99101000,78073689.15646770,0
1763265600000,95825.02,96192.0,95650.72,96099.99,1279.33932,1763279999999,122697999.08792990,382061,606.20691000,58143485.30782890,0
1763280000000,96099.98,96635.11,95500.0,95627.13,2585.38054,1763294399999,248513218.16087690,623310,1235.02376000,118734930.74980170,0
1763294400000,95627.13,95900.0,94368.24,94573.46,2546.31874,1763308799999,242632992.92647710,690257,1202.65843000,114625248.94724590,0
1763308800000,94573.46,95567.79,93770.48,94020.0,9045.25375,1763323199999,853639465.41080210,1473727,3975.70515000,375378868.46303270,0
1763323200000,94020.49,94739.74,93005.55,94261.44,6536.44269,1763337599999,612839846.00627230,1264969,2991.04226000,280583918.68680970,0
1763337600000,94261.45,95559.99,93767.27,95496.77,4124.53725,1763351999999,391504736.33196490,1135975,2086.79653000,198101893.68423010,0
1763352000000,95496.77,95880.0,94849.37,95653.77,3839.84656,1763366399999,365771025.07187880,788414,1581.42331000,150719106.59748580,0
1763366400000,95653.78,96026.71,95309.68,95565.38,3415.65942,1763380799999,326842370.10440800,679485,1656.65060000,158554635.92651990,0
1763380800000,95565.38,96043.0,93571.3,93959.67,8085.63652,1763395199999,764814718.28653650,1983815,3751.03663000,354852583.01150780,0
1763395200000,93959.68,94419.88,91588.0,91678.93,11700.57582,1763409599999,1085955476.33903480,2188278,5558.63017000,516145425.08954060,0
1763409600000,91678.93,92399.48,91220.0,92215.14,8052.34249,1763423999999,739673744.10478300,1358355,4055.65521000,372605823.47697650,0
1763424000000,92215.14,92357.51,89700.0,90842.72,10647.23561,1763438399999,969857683.61861830,2138663,4600.11000000,419264962.33422470,0
1763438400000,90842.72,90851.66,89253.78,90512.1,9028.06735,1763452799999,812809745.08583180,1837168,4673.42212000,420828764.72921890,0
1763452800000,90512.1,91617.17,90509.79,91517.82,5777.46408,1763467199999,526929876.28048180,1109288,3206.70333000,292532261.13856550,0
1763467200000,91517.83,93049.91,90905.7,92910.1,7097.51563,1763481599999,652476690.14981110,1705672,3807.31402000,350283547.56134820,0
1763481600000,92910.1,93836.01,92579.23,93195.61,4917.36921,1763495999999,459032298.34487840,1387970,2625.81615000,245152627.06361290,0
1763496000000,93195.61,93423.74,92462.72,92960.83,2367.49581,1763510399999,219926892.82083700,607832,1217.59395000,113114442.31485330,0
1763510400000,92960.83,92980.22,91660.49,91874.52,3065.15376,1763524799999,282892410.44712200,878701,1329.84380000,122784923.37921700,0
1763524800000,91874.51,92028.92,90025.06,91863.64,5635.23952,1763539199999,513241437.17218060,1010213,2641.69703000,240555347.15700840,0
1763539200000,91863.64,91950.0,91072.41,91410.22,2540.86239,1763553599999,232472194.87887110,595720,1166.20226000,106718077.63735760,0
1763553600000,91410.23,92384.61,89880.0,89951.7,6014.09197,1763567999999,548507714.83717340,1395185,2964.08986000,270478563.32944690,0
1763568000000,89951.7,90232.56,88630.71,88884.56,8787.19485,1763582399999,785175046.25513890,1789579,3784.52139000,338295751.83120720,0
1763582400000,88884.56,91594.0,88608.0,91554.96,6244.09511,1763596799999,563484847.66547190,1152776,3173.73017000,286368145.84032000,0
1763596800000,91554.96,92798.14,91185.26,92440.32,3929.05974,1763611199999,362738132.57146210,861074,2031.33559000,187558182.62072890,0
1763611200000,92440.33,93160.0,91687.07,92320.18,3791.89,1763625599999,350450961.49088700,689632,1763.83980000,163087598.97480520,0
1763625600000,92320.18,92400.94,91440.55,91934.0,3200.83736,1763639999999,294143817.00132010,604208,1551.98113000,142618379.29251410,0
1763640000000,91934.01,92541.92,89835.34,89869.88,6162.85424,1763654399999,561744726.37044170,1523260,2615.11965000,238591097.86580910,0
1763654400000,89869.88,89911.73,86100.0,86921.28,17595.68288,1763668799999,1539224276.09231090,2861076,8021.76303000,701877036.20336760,0
1763668800000,86921.27,88250.0,86325.23,86637.23,5052.86651,1763683199999,440648421.57200000,1302145,2299.80127000,200524196.00020720,0
1763683200000,86637.22,87498.94,85360.0,85821.34,6428.51913,1763697599999,555093018.38532410,1586552,2850.59083000,246120061.01423810,0
1763697600000,85821.35,86459.53,82000.0,84049.39,14205.49105,1763711999999,1199795118.92597370,1641145,6018.86321000,509307222.62611350,0
1763712000000,84049.38,84709.89,81648.0,82309.66,16184.92659,1763726399999,1343106329.74399040,2251660,7626.86024000,632811393.45202680,0
1763726400000,82309.67,85496.0,80600.0,82932.47,23041.35364,1763740799999,1917924309.59135180,3417829,11122.21930000,926495562.18345080,0
1763740800000,82932.46,85572.82,82333.0,84209.3,8107.54282,1763755199999,682501538.15676000,1954647,4221.23064000,355432155.64908400,0
1763755200000,84209.3,85416.66,83464.96,85129.43,4288.29356,1763769599999,362928441.53816410,974647,2232.09406000,188966828.29913910,0
1763769600000,85129.42,85620.0,84212.39,84440.47,2923.21557,1763783999999,247913204.00942630,991735,1233.41344000,104665711.77468120,0
1763784000000,84440.48,84799.54,83832.91,84580.06,2218.31844,1763798399999,186898532.63640570,819905,1020.44136000,85998303.27599470,0
1763798400000,84580.06,84586.62,83500.0,84098.94,3342.45829,1763812799999,280746105.59709510,901844,1426.28561000,119835427.36174190,0
1763812800000,84098.94,84755.83,83620.16,84284.01,2668.44444,1763827199999,224607385.26724750,882768,1422.65951000,119778809.51688000,0
1763827200000,84284.01,84899.0,84219.62,84609.76,1351.08151,1763841599999,114287671.10103310,553793,733.49477000,62044122.75828370,0
1763841600000,84609.77,85260.0,84237.7,84739.74,1690.41438,1763855999999,143204456.35783080,547548,852.49959000,72239774.24981170,0
1763856000000,84739.75,86349.84,84667.57,86308.54,4004.15131,1763870399999,343235336.54313660,1032051,2249.66409000,192852878.21068280,0
1763870400000,86308.54,86860.0,85420.0,85782.19,2913.01357,1763884799999,251077917.70524020,746069,1398.30044000,120590948.75614450,0
1763884800000,85782.18,86465.24,85768.22,86331.28,2087.40357,1763899199999,179759555.46693780,565039,1080.39479000,93050358.61197190,0
1763899200000,86331.28,87244.51,86271.1,87087.44,3471.36676,1763913599999,301124160.41489580,973649,1804.76785000,156567936.53609740,0
1763913600000,87087.44,87689.47,86502.47,87325.01,3711.9574,1763927999999,323385633.81381870,852740,2046.61852000,178331250.35239460,0
1763928000000,87325.01,88127.64,86701.54,86830.0,3546.57157,1763942399999,310102426.33584040,893945,1826.77134000,159817141.05315610,0
1763942400000,86830.0,88059.44,85946.65,87460.02,4318.16094,1763956799999,375876420.91017020,1236315,2217.03652000,193080558.48555680,0
1763956800000,87460.03,87837.57,86450.0,87050.39,3276.3396,1763971199999,285255612.78226370,936876,1668.21376000,145237135.72371850,0
1763971200000,87050.39,87050.39,85696.56,86264.72,3484.50939,1763985599999,300365800.24993410,780595,1403.39685000,121012754.00588290,0
1763985600000,86264.71,86741.5,85272.0,86616.44,4635.50962,1763999999999,399404588.44611180,1222371,2278.54073000,196393624.09932300,0
1764000000000,86616.44,88834.62,86616.43,88327.29,6003.91247,1764014399999,527992281.98086590,1336207,3277.84441000,288194443.12252840,0
1764014400000,88327.29,89228.0,88252.5,88300.01,2944.69593,1764028799999,261498982.55097260,676792,1593.84291000,141566873.58640710,0
1764028800000,88300.01,88300.01,87457.53,87822.12,2506.39849,1764043199999,220331553.16672260,718329,1223.39995000,107562812.64240410,0
1764043200000,87822.12,88519.99,87300.0,87384.81,3032.60485,1764057599999,266408589.14111840,530000,1333.93744000,117217700.55097520,0
1764057600000,87384.81,87606.57,86666.0,87361.71,3402.11161,1764071999999,296473926.99285390,640821,1492.00874000,130057562.54292380,0
1764072000000,87361.71,87792.2,86116.0,86988.94,4897.6285,1764086399999,426141853.51535020,1307941,2646.42207000,230328719.62996010,0
1764086400000,86988.93,88155.65,86182.49,86882.85,3228.35208,1764100799999,281469175.04755410,941495,1516.86464000,132303120.26940380,0
1764100800000,86882.84,87889.38,86565.48,87369.96,2499.94557,1764115199999,218163902.17533790,700161,1210.54701000,105653609.50458890,0
1764115200000,87369.97,88224.0,87069.97,87119.92,2235.2732,1764129599999,195922182.28300760,643805,1061.72153000,93124293.21482020,0
1764129600000,87119.93,87970.0,86909.99,87935.05,1828.65169,1764143999999,160001922.21216130,436112,836.95215000,73237632.98798660,0
1764144000000,87935.05,87941.58,86670.36,87095.79,2199.53135,1764158399999,191569271.07884760,427447,989.08919000,86134594.90022960,0
1764158400000,87095.78,87693.21,86306.77,86978.0,4198.26229,1764172799999,365237565.81206700,1082707,2221.78476000,193333966.49631390,0
1764172800000,86977.99,90418.39,86956.61,89957.36,7510.43418,1764187199999,670312427.56363130,1372233,3656.19817000,326029626.66545540,0
1764187200000,89957.37,90656.08,89508.85,90484.02,3703.66968,1764201599999,333808527.72025410,705976,2117.86483000,190905261.55157750,0
1764201600000,90484.01,91950.0,90089.91,91091.68,5743.81731,1764215999999,523694098.00392460,994376,3707.80474000,338255832.24514020,0
1764216000000,91091.68,91554.49,90889.11,91408.34,2443.78349,1764230399999,223017837.19275820,576372,1210.68643000,110483816.24660460,0
1764230400000,91408.34,91940.18,91221.17,91371.88,2353.99141,1764244799999,215497148.10776660,503281,1064.90174000,97491722.27523480,0
1764244800000,91371.87,91457.36,90438.43,90958.3,2921.51001,1764259199999,265400566.64045560,722578,1254.74921000,113994226.69029900,0
1764259200000,90958.29,91843.59,90850.77,91528.21,2279.61546,1764273599999,208448052.27199800,723061,1149.92802000,105125494.56393510,0
1764273600000,91528.22,91600.0,91114.52,91333.95,1090.79164,1764287999999,99720404.36180480,400504,510.28821000,46654406.73827380,0
1764288000000,91333.94,91417.99,90652.55,91208.85,1930.05393,1764302399999,175658067.20114440,516691,805.80353000,73338642.00541100,0
1764302400000,91208.85,91707.79,90867.43,90910.87,1873.92377,1764316799999,171144098.05291390,398306,930.22241000,84983808.37248780,0
1764316800000,90910.87,92030.0,90907.98,91437.64,3175.31997,1764331199999,290621530.77934650,636485,1963.70870000,179804767.14592430,0
1764331200000,91437.64,93092.0,91380.94,92362.49,5046.613,1764345599999,465677668.28387990,1169797,2755.25249000,254272858.08989090,0
1764345600000,92362.5,92376.0,90180.63,91157.44,5779.19663,1764359999999,524932988.20583360,1123919,2085.02780000,189528664.32606160,0
1764360000000,91157.44,91247.16,90705.57,90890.7,1025.75282,1764374399999,93383682.55644130,384556,421.63219000,38386988.97891540,0
1764374400000,90890.71,91119.99,90546.36,90680.26,940.81817,1764388799999,85440015.27930880,272716,397.75977000,36129166.55533520,0
1764388800000,90680.26,90931.56,90311.92,90567.67,1229.54953,1764403199999,111405939.65704580,281479,607.30263000,55032867.81293620,0
1764403200000,90567.66,90738.17,90376.37,90673.19,957.44805,1764417599999,86728867.46260490,262722,459.08625000,41587415.50628420,0
1764417600000,90673.2,91110.36,90530.93,91063.5,1148.02698,1764431999999,104197481.43103250,260166,577.64245000,52436029.71421620,0
1764432000000,91063.5,91165.65,90155.47,90640.78,2192.51887,1764446399999,198659741.92350080,374175,937.92616000,84981827.96218730,0
1764446400000,90640.77,91051.87,90400.21,90802.44,961.52131,1764460799999,87293607.22527270,226602,379.33206000,34446911.59429920,0
1764460800000,90802.44,91055.5,90471.0,90909.35,1115.17062,1764475199999,101298590.10184710,344851,580.74626000,52757294.39540860,0
1764475200000,90909.35,91037.72,90670.4,90968.16,549.91781,1764489599999,49969473.93384670,188119,289.72643000,26328773.27059640,0
1764489600000,90968.16,91632.0,90927.16,91048.78,2515.69204,1764503999999,229620466.05286470,468615,1567.74523000,143099036.20063740,0
1764504000000,91048.79,92000.01,91009.0,91435.31,2629.14986,1764518399999,240851279.94911190,455275,1250.72975000,114604685.13901560,0
1764518400000,91435.31,91850.0,91159.42,91460.79,1049.01646,1764532799999,95980059.47904230,279043,518.18064000,47415252.67805240,0
1764532800000,91460.79,91626.75,90336.9,90360.0,1828.79496,1764547199999,166331903.64882110,418127,795.83867000,72401448.43661420,0
1764547200000,90360.01,90417.0,86161.61,86346.13,10249.65966,1764561599999,897849123.32293470,1722973,4191.17162000,367273730.33779700,0
1764561600000,86346.13,86578.06,85604.0,86550.3,4937.16707,1764575999999,425115017.96600560,893445,2255.05761000,194226852.17226640,0
1764576000000,86550.3,86938.01,86131.01,86149.15,3005.76787,1764590399999,260281847.23506650,691575,1246.98554000,108038831.50814500,0
1764590400000,86146.59,86674.0,83822.76,84677.87,8124.37241,1764604799999,694074542.67680660,1860732,3634.31812000,310708906.57400690,0
1764604800000,84677.87,85555.0,84030.95,85024.5,4598.10295,1764619199999,390099606.47917200,1456458,2365.71048000,200745256.41412170,0
1764619200000,85024.5,86860.0,85007.69,86286.01,3593.94231,1764633599999,309603909.54317530,1084502,1831.09009000,157725216.99497530,0
1764633600000,86286.01,87350.0,86184.39,86976.99,3245.81604,1764647999999,281278192.56528880,988788,1587.16677000,137592391.83866540,0
1764648000000,86977.0,87288.48,86818.14,87012.65,1733.23534,1764662399999,150818966.70392480,565292,966.30676000,84088679.11595250,0
1764662400000,87012.64,87628.78,86296.21,87368.92,3361.03567,1764676799999,292051091.32580030,691900,1527.03312000,132822108.30764050,0
1764676800000,87368.92,91200.0,87032.75,90850.01,9300.50019,1764691199999,828829075.36829370,1777835,4675.20580000,416512652.33953740,0
1764691200000,90850.01,92307.65,90201.0,91903.39,6152.68006,1764705599999,562560814.08737910,1475045,3016.32759000,276018814.36236220,0
1764705600000,91903.38,92000.0,90720.87,91277.88,4416.96002,1764719999999,403977037.61167810,898439,1740.29945000,159165252.32999310,0
1764720000000,91277.88,93087.09,90990.23,92628.91,4425.07634,1764734399999,407605964.31150600,1098418,2511.58280000,231412016.91213310,0
1764734400000,92628.91,93958.58,92625.0,92999.99,4546.45939,1764748799999,424081680.75505260,1111918,2318.08523000,216256878.98971090,0
1764748800000,93000.0,93389.62,92666.0,93005.68,2770.10259,1764763199999,257454271.63370650,768262,1298.84422000,120744517.91503270,0
1764763200000,93005.68,93700.0,91697.0,92373.3,6523.23972,1764777599999,604028242.31178360,1739446,2958.74846000,274114818.79846940,0
1764777600000,92373.3,93500.0,91786.99,93024.99,3624.68485,1764791999999,335769647.15956080,1102688,1811.58126000,167913354.31003920,0
1764792000000,93025.0,94150.0,92825.56,93429.95,3822.96296,1764806399999,357283820.68978080,912450,2094.35115000,195777913.53234900,0
1764806400000,93429.95,94080.0,92669.82,93543.04,3844.7002,1764820799999,359228089.13302760,1056754,1717.21133000,160600800.42496270,0
1764820800000,93543.03,93588.48,92775.0,93397.67,3070.50786,1764835199999,285984729.86748780,680127,857.29798000,79868881.44565520,0
1764835200000,93397.67,93621.31,92736.9,92948.31,1917.02375,1764849599999,178702673.69011710,677175,914.02926000,85206363.94058270,0
1764849600000,92948.32,93257.0,91801.0,92971.49,4296.15789,1764863999999,397884715.18197880,1327417,1858.99168000,172156702.06900940,0
1764864000000,92971.49,93174.55,90889.0,91975.44,4860.7112,1764878399999,447377780.44941510,1465264,2171.05462000,199877964.39834150,0
1764878400000,91975.43,92718.53,91688.92,92078.06,1814.83969,1764892799999,167467641.01259370,649312,794.11052000,73281522.92944050,0
1764892800000,92078.06,92692.36,91959.92,92142.75,1751.29187,1764907199999,161800535.26892990,542821,687.76232000,63546385.68072660,0
1764907200000,92142.75,92497.51,91813.37,92258.65,1387.19156,1764921599999,127796108.00423850,455365,671.46890000,61858007.94412700,0
1764921600000,92258.64,92258.65,90956.25,91351.43,2431.69816,1764935999999,222417519.51795170,686521,945.23747000,86427443.69229670,0
1764936000000,91351.44,91478.67,89874.7,90459.35,5344.16253,1764950399999,484727444.66346610,1438120,2519.39785000,228585412.78387740,0
1764950400000,90459.34,90498.59,88056.0,89629.26,6507.53794,1764964799999,579877633.54936970,1765020,3103.31905000,276382515.99360780,0
1764964800000,89629.27,89745.37,88901.6,89330.04,2371.09012,1764979199999,211817742.80669870,632505,794.95436000,71009957.62668840,0
1764979200000,89330.04,89806.43,89030.67,89688.35,1531.03301,1764993599999,137000423.44475280,472479,844.04144000,75570643.89338730,0
1764993600000,89688.35,89764.19,89459.19,89597.13,769.5235,1765007999999,68975153.59114480,317855,363.64344000,32597114.69743060,0
1765008000000,89597.14,89750.01,89217.59,89631.28,1504.70502,1765022399999,134746295.33429430,391682,699.08802000,62615823.24664840,0
1765022400000,89631.29,90289.97,89490.98,89758.77,2052.08066,1765036799999,184403373.62870880,521954,1007.76995000,90561906.23696320,0
1765036800000,89758.77,89981.2,89077.6,89405.64,1483.59614,1765051199999,132901947.03702270,401554,723.50433000,64841450.82790360,0
1765051200000,89405.65,89615.34,88908.01,89236.79,1068.56183,1765065599999,95393486.77040250,376697,403.68116000,36045847.36723830,0
1765065600000,89236.8,89749.59,89176.52,89722.37,712.48717,1765079999999,63757900.53430570,304401,400.85579000,35867810.74919180,0
1765080000000,89722.37,89799.96,89200.0,89379.72,739.06202,1765094399999,66180741.41037720,236205,336.52799000,30133414.12615670,0
1765094400000,89379.73,89538.7,89050.01,89149.18,786.60016,1765108799999,70198804.86365590,293142,366.55688000,32718654.31750570,0
1765108800000,89149.18,89707.54,87719.28,89554.52,3916.92116,1765123199999,347176970.06241040,1024955,1867.69729000,165577650.84958180,0
1765123200000,89554.52,91760.0,89115.85,91425.52,3838.31073,1765137599999,347996504.84232400,1101167,2003.22026000,181623252.17204940,0
1765137600000,91425.51,91510.4,88995.33,90395.31,3027.73061,1765151999999,272555565.13244810,993201,1395.70862000,125626455.64228170,0
1765152000000,90395.32,91700.0,89860.0,91068.29,2453.60415,1765166399999,223164565.50508970,929534,1286.81132000,117046673.41507710,0
1765166400000,91068.3,91868.76,91023.06,91565.46,1592.48822,1765180799999,145635293.29467620,544242,611.10911000,55878048.64828290,0
1765180800000,91565.46,92287.15,91486.46,91968.29,1953.05465,1765195199999,179609219.30160580,595711,991.35161000,91163251.11790310,0
1765195200000,91968.29,92122.08,89612.0,89961.37,5223.15445,1765209599999,475162683.57906310,1533948,2201.94382000,200117862.29986080,0
1765209600000,89961.36,90527.3,89679.79,90124.48,2589.84253,1765223999999,233374301.78670230,1174722,1230.83870000,110924863.36174920,0
1765224000000,90124.49,91374.0,90124.49,90634.34,1981.49487,1765238399999,179973955.42647620,680574,974.68872000,88523876.60931040,0
1765238400000,90634.35,90846.26,89795.84,90405.01,2355.41188,1765252799999,212376096.12172670,712026,1146.45776000,103381678.39855380,0
1765252800000,90405.02,90528.67,89500.0,90496.8,1867.61874,1765267199999,168193879.57925080,531617,784.37194000,70657958.67528160,0
1765267200000,90496.8,90600.0,89912.48,90384.55,1562.48442,1765281599999,141106216.74027740,566006,771.95574000,69721211.58976280,0
1765281600000,90384.54,92876.92,90004.73,92707.51,4917.67396,1765295999999,448695424.95790310,1409402,2514.29776000,229576658.51379980,0
1765296000000,92707.5,94588.99,92693.5,93800.83,7304.45224,1765310399999,685503843.61091540,1712675,3834.30378000,359854039.03844280,0
1765310400000,93800.83,93857.47,92254.92,92678.8,3232.7889,1765324799999,300385604.59709990,1008497,1466.37261000,136234459.90642200,0
1765324800000,92678.81,92786.35,91976.0,92410.62,1996.9993,1765339199999,184407692.22741690,565288,944.03964000,87193986.76597810,0
1765339200000,92410.62,92782.92,92386.83,92782.91,1363.84988,1765353599999,126282796.88331110,396363,693.53554000,64220810.18951050,0
1765353600000,92782.91,93291.5,91763.69,92120.45,2623.05995,1765367999999,242620175.55004270,792121,1054.15142000,97576939.77969330,0
1765368000000,92120.45,92226.0,91563.15,92063.69,2523.14963,1765382399999,231984456.62537590,962593,1090.82012000,100301966.04183700,0
1765382400000,92063.69,93243.59,91684.39,92957.67,5420.4848,1765396799999,501711398.79370370,1736481,2665.15345000,246744009.90851740,0
1765396800000,92957.67,94476.0,91878.0,92015.37,5071.13727,1765411199999,471766756.16795450,1572861,2749.63099000,255974582.71117520,0
1765411200000,92015.38,92080.32,89389.63,89880.01,4081.1469,1765425599999,369422213.29849150,1299577,1821.09069000,164842640.78239190,0
1765425600000,89880.0,90480.14,89694.81,90272.75,2245.33099,1765439999999,202438480.27461440,581646,1120.02890000,100996476.53340280,0
1765440000000,90272.76,90504.19,89971.11,90242.35,1503.95888,1765454399999,135701407.05841620,426897,652.85667000,58917262.79964650,0
1765454400000,90242.36,90653.33,89260.63,89872.51,3541.05902,1765468799999,318747599.95128570,1225571,1555.48212000,140046995.80405390,0
1765468800000,89872.51,91538.26,89333.0,90839.81,3643.99089,1765483199999,329510316.52890250,1402644,1622.25090000,146707772.92270030,0
1765483200000,90839.81,93555.0,90797.76,92513.38,4957.1009,1765497599999,458502101.95413860,1314103,2379.18869000,220018774.96668650,0
1765497600000,92513.38,92754.0,91448.31,92283.4,2164.71329,1765511999999,199548794.72113220,797038,1019.46510000,93964229.24599420,0
1765512000000,92283.4,92720.0,92078.91,92425.34,1494.20203,1765526399999,138033207.36387630,396811,695.58944000,64255956.32340750,0
1765526400000,92425.33,92650.01,92044.8,92418.19,1624.00539,1765540799999,149977956.69743030,407755,743.28510000,68659793.66154730,0
1765540800000,92418.19,92660.74,89780.0,89935.14,5560.13281,1765555199999,508130152.85545800,1237161,2759.78821000,252291847.01365280,0
1765555200000,89935.13,90666.0,89480.0,90198.22,4659.32825,1765569599999,419822507.00645990,1651232,2199.97967000,198257684.34926010,0
1765569600000,90198.23,90404.13,89898.61,90268.42,1176.80992,1765583999999,106170806.92044370,466722,568.57521000,51294846.79479440,0
1765584000000,90268.43,90469.71,90120.0,90345.54,648.76329,1765598399999,58584471.02963030,180558,246.95388000,22302970.20959850,0
1765598400000,90345.55,90410.5,90268.91,90329.97,451.53525,1765612799999,40792419.21410610,141736,208.05847000,18796398.44246950,0
1765612800000,90329.98,90634.55,90290.0,90330.36,1525.87319,1765627199999,138043020.32944190,238149,617.10719000,55841397.06613010,0
1765627200000,90330.36,90470.3,89932.99,90092.16,1906.98893,1765641599999,172074761.10483490,351955,551.47192000,49765716.94429620,0
1765641600000,90092.17,90268.13,89981.0,90178.16,675.23738,1765655999999,60842798.48295650,184041,295.99207000,26669170.70212030,0
1765656000000,90178.17,90280.76,89766.39,90240.01,687.30984,1765670399999,61913074.42943180,267315,318.40117000,28689866.13152600,0
1765670400000,90240.0,90472.4,90117.05,90258.98,710.94131,1765684799999,64203085.72726860,199495,319.46004000,28850048.90222950,0
1765684800000,90258.99,90329.24,90050.74,90245.6,689.83584,1765699199999,62200424.26926630,175002,223.54004000,20155775.74086620,0
1765699200000,90245.6,90280.01,88687.27,89360.0,2036.12797,1765713599999,182206100.37628970,571874,759.79902000,67977252.11270560,0
1765713600000,89360.01,89666.0,88882.66,89022.91,1729.70637,1765727999999,154306575.66228880,652367,803.62461000,71714928.83188890,0
1765728000000,89022.92,89398.71,88497.02,88644.88,1685.20822,1765742399999,149709964.07185710,647849,833.16573000,74031853.16620350,0
1765742400000,88644.88,88827.71,87577.36,88172.17,2565.12033,1765756799999,226452980.73089460,869162,1066.11891000,94175298.57277560,0
1765756800000,88172.16,90052.64,88074.37,89282.6,2699.66065,1765771199999,240519602.72303380,990956,1353.44123000,120560441.46437150,0
1765771200000,89282.6,89918.48,89272.88,89753.42,1316.93789,1765785599999,118014903.02121780,439659,577.01336000,51716246.76741800,0
1765785600000,89753.43,89986.68,89572.05,89641.28,1524.38986,1765799999999,136900760.12419490,447628,811.47592000,72887409.32422310,0
1765800000000,89641.28,89876.42,86621.91,87033.22,5888.02922,1765814399999,518425885.90660860,1809099,2795.72071000,246015026.36677690,0
1765814400000,87033.21,87220.0,85146.64,86149.96,5789.22914,1765828799999,498631890.23893590,2131548,2858.67071000,246225632.26571540,0
1765828800000,86149.96,86472.7,85530.01,86432.08,2560.44514,1765843199999,220330387.48773770,928277,1196.08883000,102944893.13655740,0
1765843200000,86432.08,86535.22,85386.0,85875.92,2272.8575,1765857599999,195351902.88940050,817930,1081.08923000,92942805.93731530,0
1765857600000,85875.91,86615.38,85266.0,86021.51,2433.06768,1765871999999,209435498.81946750,609348,1090.66279000,93877622.01779420,0
1765872000000,86021.51,87330.0,85930.97,87261.45,2417.24589,1765886399999,209585369.13788840,687177,1233.40972000,106943686.29013730,0
1765886400000,87261.46,88175.98,86107.43,87977.43,6730.13202,1765900799999,586929381.12871760,2123876,3310.05361000,288902066.87434420,0
1765900800000,87977.44,88050.17,87061.23,87585.77,3497.7582,1765915199999,306446618.40502090,1390900,1801.48247000,157879819.08612110,0
1765915200000,87585.76,87931.48,87343.75,87863.42,1104.98888,1765929599999,96924658.27228870,470461,549.27964000,48185082.26074790,0
1765929600000,87863.43,87950.0,87150.01,87213.59,1179.65134,1765943999999,103237747.27841340,482964,466.50915000,40835078.86436710,0
1765944000000,87213.6,87398.54,86209.11,87045.59,2094.81095,1765958399999,181818702.85030510,617398,994.67179000,86329542.62881370,0
1765958400000,87045.59,87137.42,86238.91,86983.26,1681.2327,1765972799999,145696174.92143710,601966,823.45000000,71364416.58510030,0
1765972800000,86983.26,90365.85,86817.27,87233.44,8132.27731,1765987199999,720213842.33787270,2001066,3800.42900000,336320060.39134880,0
1765987200000,87233.44,87769.23,85314.0,86018.53,5045.61646,1766001599999,436107367.01162050,1771041,2478.71192000,214378157.32187110,0
1766001600000,86018.53,86431.14,85644.09,86243.22,1700.52853,1766015999999,146274662.27071060,584203,713.50652000,61390757.46514280,0
1766016000000,86243.23,86863.75,85863.93,86618.34,1716.00096,1766030399999,148223978.12373070,619197,835.21438000,72143612.69818010,0
1766030400000,86618.35,86901.4,86384.61,86833.84,1551.20199,1766044799999,134495547.35367270,399858,724.23448000,62796673.61984750,0
1766044800000,86833.83,87453.63,86685.14,87300.74,1894.81711,1766059199999,165087865.91593020,518982,934.47081000,81431802.90363510,0
1766059200000,87300.5,89477.61,87109.76,88513.44,7315.08784,1766073599999,646710766.28336740,2122817,3445.32588000,304601131.43003580,0
1766073600000,88513.43,88533.61,84481.31,84483.79,9332.10895,1766087999999,803384928.72006090,2343528,4864.50598000,418805843.58639830,0
1766088000000,84483.8,85835.9,84450.01,85516.41,3596.20078,1766102399999,306320786.27288460,942565,1864.78685000,158867790.73193980,0
1766102400000,85516.41,87568.99,85110.24,86891.39,3311.66901,1766116799999,285710912.21106340,1182873,1714.05122000,147931228.67993130,0
1766116800000,86891.39,88449.06,86647.51,87953.4,3713.59538,1766131199999,325016064.78102870,996103,2059.85020000,180325364.58216020,0
1766131200000,87953.39,88385.06,87742.6,88198.7,1797.82182,1766145599999,158386121.04469190,639220,951.51545000,83833607.38366450,0
1766145600000,88198.7,89399.97,87514.59,87951.87,5988.71834,1766159999999,528251235.92370540,1639167,2788.52234000,246118269.30367070,0
1766160000000,87951.86,88882.55,86846.16,87845.92,4584.61046,1766174399999,402032559.24287510,1417704,2262.86101000,198501866.25058870,0
1766174400000,87845.92,88426.85,87614.79,88136.94,1860.23503,1766188799999,163839732.72949940,607186,1103.34429000,97175949.16472620,0
1766188800000,88136.95,88339.27,87961.6,88214.98,984.44715,1766203199999,86780474.86093550,224188,583.99044000,51483517.42571590,0
1766203200000,88214.98,88573.07,88123.07,88275.41,797.87192,1766217599999,70465230.87775860,199607,370.18006000,32694849.07814550,0
1766217600000,88275.41,88428.0,88107.35,88277.66,821.72303,1766231999999,72520013.04052370,186262,330.42295000,29161839.93509600,0
1766232000000,88277.66,88343.73,87795.76,88178.71,1315.67537,1766246399999,115955453.27595540,271332,559.81615000,49341498.95854720,0
1766246400000,88178.72,88418.73,88103.54,88232.92,574.10491,1766260799999,50646063.75424630,146754,275.81192000,24333152.68544030,0
1766260800000,88232.92,88443.44,88154.06,88360.9,629.30956,1766275199999,55551786.91834000,146283,336.14911000,29672787.24625560,0
1766275200000,88360.91,88433.64,87869.35,88070.64,991.41687,1766289599999,87337728.98064220,204114,533.39987000,46984600.58384830,0
1766289600000,88070.64,88201.59,88050.0,88174.79,455.57319,1766303999999,40140932.57417530,118578,214.68133000,18916909.20794600,0
1766304000000,88174.79,89081.77,88141.87,88601.57,1439.81605,1766318399999,127678805.08246590,435641,763.41724000,67698683.63950660,0
1766318400000,88601.57,88920.01,87600.04,88067.95,2206.50881,1766332799999,194370742.44310240,679834,897.06796000,79050379.63646530,0
1766332800000,88067.96,88600.0,87950.0,88484.01,1240.46771,1766347199999,109522574.31517580,305413,622.66210000,54978063.71967710,0
1766347200000,88484.01,88823.52,88091.96,88658.86,799.08995,1766361599999,70670188.39110350,287086,419.16547000,37083425.01058120,0
1766361600000,88658.87,89627.24,87900.0,88774.12,2619.97992,1766375999999,232669967.90219190,944640,1347.21776000,119685233.59832190,0
1766376000000,88774.13,89200.0,88712.11,89170.1,1290.70342,1766390399999,114842336.74603020,410136,605.09089000,53841276.64356870,0
1766390400000,89170.1,90118.0,89093.44,89945.43,2622.90199,1766404799999,235316805.87680540,617031,1264.18938000,113415815.84935780,0
1766404800000,89945.43,90588.23,89196.42,89726.92,3942.72215,1766419199999,354542178.66926050,1384546,1960.27565000,176361779.65674040,0
1766419200000,89726.93,90127.0,87965.76,88052.43,2609.5493,1766433599999,232598008.54141580,934818,1196.18791000,106645997.13061560,0
1766433600000,88052.42,88833.33,87911.79,88620.79,1587.36292,1766447999999,140266334.01222210,556576,896.65276000,79236688.89293780,0
1766448000000,88620.79,88940.0,87800.0,88170.0,1505.70483,1766462399999,133118636.51126310,547321,747.57382000,66114215.27474860,0
1766462400000,88170.0,88368.1,87051.52,87574.79,1996.43062,1766476799999,174963894.59133480,634232,930.56505000,81551139.43724890,0
1766476800000,87574.78,87890.0,87297.69,87856.65,1432.37853,1766491199999,125496999.52133820,396569,711.48464000,62353362.28055570,0
1766491200000,87856.66,87963.03,86601.9,87443.45,3407.99312,1766505599999,297693175.87747410,1136288,1418.01615000,123924782.10671430,0
1766505600000,87443.45,88275.4,87162.39,87752.87,3220.82979,1766519999999,282898560.83983430,1026418,1543.43463000,135591963.50529890,0
1766520000000,87752.88,88372.35,87180.0,87486.0,2346.99215,1766534399999,205728339.92651030,724252,1030.69318000,90369733.28256400,0
1766534400000,87486.0,87839.66,86863.88,87336.23,1598.88886,1766548799999,139723636.27323550,520006,795.04089000,69498556.20325420,0
1766548800000,87336.23,87458.54,86796.65,86911.53,1349.63742,1766563199999,117515634.91029660,363758,736.56518000,64148825.99739830,0
1766563200000,86911.53,87359.59,86724.05,87203.94,1188.37005,1766577599999,103429956.35400380,325876,647.33616000,56350350.22400220,0
1766577600000,87203.94,87478.59,86420.0,87049.99,2300.52897,1766591999999,200227835.71629010,818068,1057.57703000,92051510.66026130,0
1766592000000,87050.0,87670.0,86917.25,87566.06,1746.44928,1766606399999,152570882.61171460,611177,841.63648000,73508097.45375650,0
1766606400000,87566.07,88049.89,87516.77,87669.45,956.96862,1766620799999,83992580.60830560,238354,465.11757000,40828349.86593010,0
1766620800000,87669.44,87967.5,87508.52,87840.42,652.86225,1766635199999,57281975.46906110,232606,319.22600000,28010997.50610020,0
1766635200000,87840.42,87862.2,87661.17,87837.59,568.68423,1766649599999,49911834.73983660,163730,268.14235000,23534446.28828280,0
1766649600000,87837.59,87888.0,87251.6,87519.44,1203.75216,1766663999999,105324203.19623190,309310,638.30940000,55848550.81800350,0
1766664000000,87519.45,88592.74,87398.78,88371.27,1933.47252,1766678399999,170049070.36649000,458518,937.79316000,82481337.95816670,0
1766678400000,88371.27,88478.0,87993.21,88151.18,1039.54656,1766692799999,91715453.00730070,318589,363.16358000,32032399.38472350,0
1766692800000,88151.19,88167.65,86934.72,87225.27,1698.26463,1766707199999,148687916.87084440,509419,864.32259000,75683396.76802740,0
1766707200000,87225.27,89440.0,86891.7,88844.87,4964.62578,1766721599999,440136115.03657000,1156160,2893.89677000,256665800.25954520,0
1766721600000,88844.88,89567.75,88347.45,88470.75,3154.47608,1766735999999,280602305.84000120,561031,1526.58906000,135848924.88397170,0
1766736000000,88470.75,88918.59,88414.81,88533.42,1250.32549,1766750399999,110927289.51485930,454317,566.79396000,50289992.75766600,0
1766750400000,88533.43,89050.0,86655.08,87137.81,5932.37434,1766764799999,519288807.73948370,1313391,2387.08473000,209049539.56114850,0
1766764800000,87137.81,87580.29,86818.18,87501.83,1940.76351,1766779199999,169312314.08879200,724963,989.66696000,86354498.99381750,0
1766779200000,87501.83,87792.7,87321.4,87369.56,1102.04985,1766793599999,96455283.41693980,299620,482.77465000,42256121.26875750,0
1766793600000,87369.56,87532.0,87253.05,87514.22,675.35016,1766807999999,59033918.00641510,144399,281.44121000,24601790.40788780,0
1766808000000,87514.23,87702.0,87417.93,87539.26,515.35353,1766822399999,45098842.62531550,126334,252.08790000,22061891.83428960,0
1766822400000,87539.26,87677.0,87370.73,87475.98,1077.75463,1766836799999,94371773.20562620,203278,521.01795000,45618001.15631530,0
1766836800000,87475.99,87589.99,87308.05,87551.25,749.39054,1766851199999,65545804.52972370,164504,237.17487000,20746636.05045930,0
1766851200000,87551.26,87591.0,87442.08,87569.39,566.59122,1766865599999,49589439.85477370,120742,321.99177000,28180390.85597560,0
1766865600000,87569.39,87984.0,87499.99,87877.01,885.11148,1766879999999,77634427.05258180,198279,452.01035000,39651770.93431480,0
1766880000000,87877.0,87961.37,87705.97,87740.01,672.08653,1766894399999,59020193.86226640,171873,300.15109000,26360278.38899690,0
1766894400000,87740.0,87837.99,87614.79,87730.85,442.23022,1766908799999,38793569.16635900,147395,235.63871000,20672232.44937790,0
1766908800000,87730.86,88010.0,87720.0,87883.25,760.04376,1766923199999,66780892.09906810,199732,395.72913000,34773141.39396090,0
1766923200000,87883.25,88088.75,87794.86,87836.27,821.25662,1766937599999,72207877.95763210,201212,393.69996000,34619598.96778970,0
1766937600000,87836.27,87931.59,87500.26,87520.75,881.83702,1766951999999,77324955.18195350,239536,428.86264000,37607426.55469580,0
1766952000000,87520.75,88049.53,87435.0,87952.71,868.8387,1766966399999,76199810.88299720,281678,476.67063000,41809450.43259310,0
1766966400000,87952.71,90169.06,87813.17,90123.55,4759.05691,1766980799999,424102116.69681460,1089924,2545.39022000,226810391.14443590,0
1766980800000,90123.55,90406.08,89507.03,89617.71,3502.98691,1766995199999,315179304.71910260,585938,1477.24077000,132913378.49185340,0
1766995200000,89617.71,89825.01,87567.65,87567.66,4608.77018,1767009599999,408418166.96090160,868208,2461.25664000,218142362.64166180,0
1767009600000,87567.65,88190.71,86806.5,87691.62,4178.35066,1767023999999,365414523.08841770,1229726,2175.09457000,190241007.87308900,0
1767024000000,87691.62,87996.22,87312.34,87366.23,1457.68333,1767038399999,127737514.00281070,655328,686.37366000,60149848.08310090,0
1767038400000,87366.23,87597.59,87071.49,87237.13,1388.13776,1767052799999,121160367.56974810,364465,733.74516000,64041247.14136100,0
1767052800000,87237.13,87423.65,86845.66,87379.0,1520.57005,1767067199999,132542172.22380940,451421,641.49101000,55945117.50571430,0
1767067200000,87378.99,87600.0,87157.07,87502.85,1077.59137,1767081599999,94204221.71134510,269750,621.33351000,54322957.26554820,0
1767081600000,87502.85,88224.76,87502.84,87903.89,2468.25039,1767095999999,216982206.29994770,533361,1211.55538000,106521026.42384510,0
1767096000000,87903.89,89159.52,87834.01,89016.35,3882.44573,1767110399999,343157806.76045860,1101973,1996.52555000,176446624.26192940,0
1767110400000,89016.36,89400.0,87960.2,88226.16,2912.38545,1767124799999,258295334.60660670,852811,1384.62362000,122765218.42066120,0
1767124800000,88226.15,88573.65,87886.46,88485.49,1244.66702,1767139199999,109834662.87650780,332860,706.03182000,62302443.52484520,0
1767139200000,88485.5,88819.8,88172.15,88453.04,1131.98072,1767153599999,100222110.90526390,386708,590.71723000,52299153.38120160,0
1767153600000,88453.04,88638.76,88325.06,88613.12,972.41187,1767167999999,86051723.97364680,200993,410.00117000,36282048.85537000,0
1767168000000,88613.11,89046.6,88393.52,89011.52,1674.66744,1767182399999,148657365.01099600,320897,728.74170000,64697886.92506500,0
1767182400000,89011.51,89200.0,87766.59,87953.97,3261.85615,1767196799999,288734253.88850240,907098,1434.04688000,126929697.60419830,0
1767196800000,87953.97,88053.49,87400.41,87541.85,2936.14316,1767211199999,257516516.92382250,751545,1492.25723000,130873226.06550710,0
1767211200000,87541.85,87879.04,87250.0,87648.22,1581.56113,1767225599999,138564864.57729520,330155,776.26987000,68022964.13320690,0
1767225600000,87648.21,88088.1,87632.74,87846.02,833.74412,1767239999999,73283686.93587010,215223,468.64517000,41189469.86134440,0
1767240000000,87846.01,87854.81,87550.43,87631.88,1108.52485,1767254399999,97161465.09495060,194935,510.38550000,44733868.01333040,0
1767254400000,87631.88,88024.64,87631.87,88024.64,819.82493,1767268799999,72010111.09863410,177638,368.39485000,32353028.65019390,0
1767268800000,88024.64,88113.45,87810.66,88032.18,1005.89204,1767283199999,88469246.41296720,251384,517.36184000,45499838.47775050,0
1767283200000,88032.17,88500.0,87879.03,88391.15,1140.33499,1767297599999,100594181.64019700,326168,548.99644000,48430444.29838030,0
1767297600000,88391.16,88919.45,88240.0,88839.04,1371.2504,1767311999999,121472944.10848120,283933,709.86156000,62883427.98738220,0
1767312000000,88839.05,89120.01,88379.88,88950.65,1615.06136,1767326399999,143387685.48031330,440902,874.98341000,77690405.51174860,0
1767326400000,88950.64,89079.44,88576.56,88857.61,1190.3172,1767340799999,105750635.99137620,327007,546.94110000,48592973.35953890,0
1767340800000,88857.6,89942.44,88758.94,89502.95,3334.56621,1767355199999,298340380.42890670,598274,1576.75385000,141067110.92410870,0
1767355200000,89502.94,90135.0,88459.96,89418.11,4573.8437,1767369599999,408826981.10515860,1544958,2331.39319000,208448047.63681500,0
1767369600000,89418.1,90961.81,89205.92,89897.23,5155.47201,1767383999999,465168607.72190830,1670556,2728.26341000,246188729.24077450,0
1767384000000,89897.23,90400.0,89636.77,89995.13,1527.71253,1767398399999,137484570.15942440,428514,871.01951000,78393007.29103290,0
1767398400000,89995.14,90418.32,89966.48,90321.22,1026.19409,1767412799999,92549932.08761980,270331,622.91098000,56180449.39960540,0
1767412800000,90321.23,90480.62,89314.01,89577.13,1777.4168,1767427199999,159695561.08809440,390379,794.93339000,71410002.03186570,0
1767427200000,89577.13,89982.11,89420.75,89752.74,1301.1092,1767441599999,116769331.16783420,316613,741.73499000,66578569.04321050,0
1767441600000,89752.75,90249.99,89664.93,89969.31,1115.15116,1767455999999,100357970.78005360,273960,611.89371000,55062100.54463770,0
1767456000000,89969.31,90219.67,89918.59,90123.77,516.07827,1767470399999,46497756.90847330,173286,260.05087000,23430141.66416790,0
1767470400000,90123.76,90741.16,90017.23,90628.01,1321.51764,1767484799999,119644221.57729020,259645,760.19689000,68818290.61809560,0
1767484800000,90628.01,91610.17,90628.0,91236.78,2719.43418,1767499199999,248098243.07075030,607982,1426.64991000,130122544.92856790,0
1767499200000,91236.78,91810.0,91183.15,91532.0,1833.66412,1767513599999,167749873.26711870,370997,983.89800000,90011198.87597950,0
1767513600000,91532.0,91620.5,91174.46,91300.0,2596.25909,1767527999999,237289998.61081970,400130,1224.08955000,111905017.82824120,0
1767528000000,91300.01,91419.22,91014.1,91334.94,1316.31831,1767542399999,120080135.70371720,314380,676.15997000,61680493.48430730,0
1767542400000,91334.94,91455.9,90863.47,91138.07,1140.52954,1767556799999,104012445.88746200,300008,534.59591000,48757242.53833930,0
1767556800000,91138.06,91590.0,91132.0,91529.73,820.32446,1767571199999,74930283.98134050,213540,475.60055000,43442173.93658470,0
1767571200000,91529.74,93388.0,91514.81,92878.22,5548.56251,1767585599999,513721467.35895660,837098,3261.94288000,302022337.07086960,0
1767585600000,92878.22,92947.87,92155.0,92520.63,1838.8669,1767599999999,170178171.53146230,392945,719.91453000,66633932.00508740,0
1767600000000,92520.63,93151.0,92320.17,93134.26,2498.18846,1767614399999,231730879.19592330,545915,1218.65550000,113099105.15282610,0
1767614400000,93134.25,94000.0,92407.13,93957.73,4224.09624,1767628799999,394107747.10316690,1498032,2239.84943000,209095125.13163690,0
1767628800000,93957.74,94500.0,93250.0,94303.4,4190.38211,1767643199999,394024280.01035540,1421808,2218.58389000,208678560.63980680,0
1767643200000,94303.4,94789.08,93800.0,93859.71,2373.49962,1767657599999,223692698.34821150,789691,1234.02327000,116329691.93147600,0
1767657600000,93859.71,94161.86,93529.18,93769.24,1527.94713,1767671999999,143284896.66976830,600963,660.32897000,61934091.80542420,0
1767672000000,93769.25,94000.0,93137.98,93255.08,2037.39443,1767686399999,190731799.04268540,486634,845.69944000,79191705.82713470,0
1767686400000,93255.08,93895.0,93167.29,93840.0,1360.24604,1767700799999,127219766.70233730,398212,758.34694000,70937073.97216120,0
1767700800000,93839.99,94444.44,93352.01,93648.99,3747.64759,1767715199999,351851985.86932190,1240205,1760.24950000,165333340.46033670,0
1767715200000,93649.0,93775.6,91262.94,92104.5,6154.50415,1767729599999,568541953.05716410,1445150,2330.69871000,215192887.40793860,0
1767729600000,92104.49,93845.03,92098.29,93747.97,3718.67895,1767743999999,346415140.95709800,847522,1753.49801000,163409093.92396780,0
1767744000000,93747.97,93747.97,92236.07,92815.83,2673.21579,1767758399999,248171557.93449730,791931,1112.08115000,103209870.03240450,0
1767758400000,92815.83,92930.35,92500.0,92879.13,1043.57297,1767772799999,96774710.88613910,318478,518.99965000,48136267.86647050,0
1767772800000,92879.14,92961.53,91600.0,92087.21,2601.79745,1767787199999,239581112.29346980,570714,1184.98781000,109078445.29249350,0
1767787200000,92087.21,92299.4,91024.0,91349.96,3623.32777,1767801599999,332108178.15905240,1172188,1829.74858000,167763612.05242320,0
1767801600000,91349.95,91790.0,90675.52,91186.07,2653.80915,1767815999999,242047959.56152180,961726,1162.73994000,106062988.81099350,0
1767816000000,91186.07,91489.6,90778.32,91364.16,1680.76712,1767830399999,153223434.14029320,525215,906.31241000,82638282.09341240,0
1767830400000,91364.16,91687.99,90616.36,90813.4,1794.84191,1767844799999,163576940.88635920,566090,841.95402000,76782878.61680850,0
1767844800000,90813.4,91188.0,89641.84,90548.02,3107.77644,1767859199999,280939164.45360610,743009,1427.61842000,129064735.56760270,0
1767859200000,90548.02,90917.22,89777.25,90226.77,2431.28077,1767873599999,219513289.13294460,769596,1099.49121000,99276538.71882320,0
1767873600000,90226.77,90847.52,89311.0,90781.57,4384.25882,1767887999999,394726196.33727550,1287084,2490.76537000,224302294.28398570,0
1767888000000,90781.57,91469.0,90312.89,90937.41,2656.5893,1767902399999,241747417.33085300,1003195,1320.54723000,120177406.02452350,0
1767902400000,90937.42,91493.0,90568.11,91099.99,1758.04393,1767916799999,160119493.06634980,554498,1011.69949000,92164823.76344780,0
1767916800000,91100.0,91632.1,90850.0,91220.23,1573.86844,1767931199999,143539695.13636590,484333,838.80137000,76517374.31982040,0
1767931200000,91220.24,91236.72,90738.34,90741.84,1493.55612,1767945599999,135891241.08872490,315027,613.84951000,55873513.22460370,0
1767945600000,90741.85,90843.77,89694.66,90463.11,2586.72373,1767959999999,233764925.17116990,583927,1321.22306000,119407610.34235400,0
1767960000000,90463.12,92082.55,89850.0,91176.47,5694.3606,1767974399999,517909140.42160240,1412867,3433.66926000,312563519.30596750,0
1767974400000,91176.48,91783.32,90190.0,90332.15,2962.09045,1767988799999,269968099.03470660,959731,1476.48920000,134645612.63302800,0
1767988800000,90332.14,90732.01,90113.87,90641.28,1279.68005,1768003199999,115834079.33447850,399818,828.40030000,74992109.41176000,0
1768003200000,90641.27,90782.23,90527.99,90626.14,528.98968,1768017599999,47953156.10890200,139381,230.85112000,20927200.11173470,0
1768017600000,90626.15,90682.7,90408.23,90678.5,491.62648,1768031999999,44519778.66107810,128891,237.49201000,21508982.76117280,0
1768032000000,90678.5,90832.0,90618.28,90723.86,647.39632,1768046399999,58733899.42495010,150291,411.61228000,37342627.87919980,0
1768046400000,90723.87,90788.78,90538.46,90665.75,414.48163,1768060799999,37576099.82111680,122126,183.45599000,16631580.40527290,0
1768060800000,90665.76,90746.0,90504.55,90626.54,530.14761,1768075199999,48045037.46756090,93917,258.02975000,23384743.45946860,0
1768075200000,90626.54,90659.03,90404.0,90504.7,491.4755,1768089599999,44493403.99669020,131751,230.53268000,20869624.79273810,0
1768089600000,90504.7,90737.95,90451.1,90733.5,463.88039,1768103999999,42051077.89090560,124999,269.94224000,24473752.22536600,0
1768104000000,90733.49,90850.0,90585.34,90710.79,546.84342,1768118399999,49620691.89734780,110833,242.95420000,22045838.49489630,0
1768118400000,90710.8,90816.0,90610.27,90754.99,694.37617,1768132799999,63005915.23241750,134305,369.67722000,33545318.65357380,0
1768132800000,90754.99,91191.5,90708.25,90875.79,1144.02813,1768147199999,104038227.40273650,250909,616.55747000,56076322.59451000,0
1768147200000,90875.79,91283.89,90673.3,90690.8,961.40735,1768161599999,87473936.33073430,232990,520.00765000,47323137.21002400,0
1768161600000,90690.81,91041.79,90236.0,91013.65,1666.60048,1768175999999,151056015.17780820,427993,849.22290000,76983337.63050150,0
1768176000000,91013.66,92519.95,90700.29,91808.12,3786.46912,1768190399999,347253069.64964840,953179,1964.80464000,180190844.66581430,0
1768190400000,91808.12,92290.81,91381.36,91408.09,1706.23351,1768204799999,156828888.75691210,373934,879.20773000,80849578.91688630,0
1768204800000,91408.09,91630.13,90370.0,90620.96,2761.14204,1768219199999,250751817.46973810,581046,1380.59851000,125360708.79548900,0
1768219200000,90620.95,91665.0,90128.44,91665.0,2904.06995,1768233599999,263929473.57370710,877382,1387.55676000,126162362.52161480,0
1768233600000,91664.99,92332.0,91000.53,91861.27,3629.97324,1768247999999,333268940.84908250,928463,1799.27487000,165197101.49072530,0
1768248000000,91861.27,92046.23,90938.2,91296.2,1400.19482,1768262399999,127932671.97021820,385505,681.10029000,62244203.79019250,0
1768262400000,91296.2,91546.08,91042.66,91408.91,1312.52459,1768276799999,119841692.45646120,325189,580.95743000,53055863.61940840,0
1768276800000,91408.9,92275.38,91350.71,91942.0,2568.59009,1768291199999,236174198.07685920,445438,1329.38190000,122236330.22747870,0
1768291200000,91941.99,92672.11,91924.27,92000.74,2545.21662,1768305599999,234776011.94279410,473767,1433.43980000,132234131.26171150,0
1768305600000,92000.73,93450.0,91787.61,93449.99,4336.89557,1768319999999,401086823.40860860,1170196,2291.65453000,212001507.20207720,0
1768320000000,93449.99,94231.82,93078.31,94226.84,4752.59807,1768334399999,444758231.02562200,1286109,2573.13381000,240844171.77413000,0
1768334400000,94226.85,96495.0,94062.0,95414.0,7505.68988,1768348799999,713133844.20735870,1324372,4196.66309000,398695158.16417710,0
1768348800000,95413.99,95722.01,95116.03,95720.99,2381.89992,1768363199999,227239900.72234170,643513,1225.32115000,116917073.81075960,0
1768363200000,95720.99,95799.22,94559.28,95205.1,2873.6342,1768377599999,273149042.57660230,575454,1251.58289000,118967916.72341610,0
1768377600000,95205.11,95315.15,94737.95,94792.99,1756.03488,1768391999999,166885522.15560410,475107,818.94631000,77838899.48974290,0
1768392000000,94793.0,97084.68,94680.67,96764.57,6031.62524,1768406399999,580345459.93146470,1435939,3526.46598000,339514463.38079010,0
1768406400000,96764.57,97777.0,96246.56,97267.42,6680.63165,1768420799999,649361297.85525700,1470063,3660.98842000,355886391.82122860,0
1768420800000,97267.42,97924.49,96772.02,96951.78,3128.06839,1768435199999,304554598.40734490,746136,1491.68354000,145290717.37136550,0
1768435200000,96951.78,97000.0,95777.0,95985.1,2821.68199,1768449599999,272054276.57474340,584806,1256.71167000,121213995.61703450,0
1768449600000,95985.11,96760.15,95952.89,96630.48,2056.29256,1768463999999,198178492.14644700,462877,1060.47548000,102184478.43278790,0
1768464000000,96630.47,97193.34,96289.98,96581.08,2793.34386,1768478399999,270237014.49266070,512597,1438.33168000,139186412.04425060,0
1768478400000,96581.07,97165.03,95435.91,96737.04,4818.18164,1768492799999,463879280.84320280,1230231,2614.74111000,251761758.72578030,0
1768492800000,96737.04,97163.0,95183.13,95516.01,7868.89039,1768507199999,758114914.49357150,1239335,3817.65242000,368379967.74423770,0
1768507200000,95516.01,95871.0,95134.48,95604.8,1367.42325,1768521599999,130544204.29310820,463249,653.41531000,62376450.54739380,0
1768521600000,95604.81,95855.12,95321.58,95354.69,1207.1411,1768535999999,115378279.70065720,362766,547.02685000,52286955.01205020,0
1768536000000,95354.69,95816.83,95133.03,95653.16,2294.926,1768550399999,219083322.78909410,358241,938.43824000,89624047.34746040,0
1768550400000,95653.16,95871.47,95261.43,95429.09,1614.38797,1768564799999,154250645.18338600,288509,702.37319000,67143396.00647390,0
1768564800000,95429.09,95809.08,94293.46,94585.98,3014.1328,1768579199999,286570081.07358240,926894,1312.36511000,124826003.50738850,0
1768579200000,94585.99,95215.74,94508.0,95002.09,1854.59442,1768593599999,175975525.53327340,628508,920.37053000,87331368.06439810,0
1768593600000,95002.09,95600.0,94682.0,95550.94,1182.53231,1768607999999,112761553.79725830,406641,634.49560000,60511408.14369680,0
1768608000000,95550.94,95578.2,95200.0,95372.95,520.98136,1768622399999,49695618.65792460,153215,217.68083000,20764225.46637320,0
1768622400000,95372.94,95373.64,95041.7,95101.67,558.53587,1768636799999,53193870.73716470,148515,260.07345000,24771942.09788950,0
1768636800000,95101.67,95323.86,95021.67,95323.86,614.83515,1768651199999,58543264.68391110,157393,362.03530000,34476160.28705750,0
1768651200000,95323.85,95639.45,95198.81,95573.64,1450.99515,1768665599999,138504947.12109610,240499,677.04368000,64626415.82542760,0
1768665600000,95573.65,95576.14,95212.25,95291.38,636.49063,1768679999999,60710385.02337250,164857,328.24382000,31307554.04062100,0
1768680000000,95291.37,95412.86,95050.0,95147.77,498.96321,1768694399999,47513855.44843890,156048,214.77575000,20452778.25360130,0
1768694400000,95147.77,95250.0,94876.33,95200.29,721.03445,1768708799999,68534005.37904730,216444,302.53425000,28758607.89365080,0
1768708800000,95200.29,95260.0,95028.27,95028.27,705.29271,1768723199999,67090007.56078230,141153,331.19778000,31504725.27160630,0
1768723200000,95028.27,95295.39,95021.44,95168.06,960.00602,1768737599999,91353052.43952810,156208,478.64207000,45550019.17486590,0
1768737600000,95168.06,95376.24,94910.0,95119.28,1177.17902,1768751999999,111962283.80245630,232386,524.22586000,49854269.93167630,0
1768752000000,95119.27,95521.71,95073.02,95380.99,921.46243,1768766399999,87865233.96683370,235135,546.30202000,52098897.75909630,0
1768766400000,95380.99,95531.12,93615.4,93673.14,2410.20356,1768780799999,227969160.11906410,507459,924.45406000,87451242.79038370,0
1768780800000,93673.14,93673.14,91910.2,92690.09,6141.54249,1768795199999,569182623.91563580,1190855,3108.59500000,288074792.59853220,0
1768795200000,92690.08,92861.41,92385.07,92841.62,1712.23708,1768809599999,158602697.54721850,328667,892.42630000,82673277.06748680,0
1768809600000,92841.62,93368.44,92702.56,93191.96,1908.98628,1768823999999,177660733.40524200,432648,961.24607000,89456879.81267520,0
1768824000000,93191.96,93226.44,92700.0,93068.62,1798.82427,1768838399999,167274782.34353790,493053,773.76130000,71960905.67695850,0
1768838400000,93068.62,93420.0,92930.0,93105.85,1153.18382,1768852799999,107439280.65568860,373206,540.62572000,50369330.05731410,0
1768852800000,93105.85,93342.36,92158.48,92631.0,1580.75353,1768867199999,146610218.18172420,540637,630.18806000,58445819.68284540,0
1768867200000,92630.99,92870.0,92264.7,92434.92,1260.14088,1768881599999,116657929.28948010,496044,600.42484000,55589363.79084180,0
1768881600000,92434.93,92470.37,90771.78,91177.98,4648.13308,1768895999999,424720877.63391110,1101555,1961.08373000,179184734.54298930,0
1768896000000,91177.99,91442.88,90693.0,91218.99,2254.1302,1768910399999,205329533.23136660,671094,1146.90229000,104484774.50926800,0
1768910400000,91218.99,91371.11,89859.06,90684.95,5038.30665,1768924799999,456669956.35714800,1454038,2000.35257000,181427851.44121270,0
1768924800000,90684.95,90974.49,89292.48,89725.76,4114.75823,1768939199999,369945918.69349640,1306074,1903.49107000,171202013.03366970,0
1768939200000,89725.77,89854.2,87895.98,88427.66,4691.85706,1768953599999,416352453.38877610,1035226,2016.94174000,179047686.82111270,0
1768953600000,88427.66,89598.8,88250.0,89432.33,2980.55061,1768967999999,265236836.11426760,649549,1645.84484000,146474157.73287930,0
1768968000000,89432.33,90120.44,89093.28,89213.95,2049.62852,1768982399999,183603104.50620170,432630,1080.91948000,96830991.37558750,0
1768982400000,89213.96,89493.46,88700.0,88789.99,2010.929,1768996799999,179332525.52432470,561074,1043.69292000,93112230.56518370,0
1768996800000,88789.99,90574.0,88196.72,90288.04,4684.20136,1769011199999,418220303.67461830,1648678,2300.36503000,205526884.47963700,0
1769011200000,90288.04,90450.0,87263.53,90355.56,6425.20187,1769025599999,569364367.98918590,2360969,2960.29804000,262523453.35948960,0
1769025600000,90355.56,90377.0,89344.98,89454.73,2466.99236,1769039999999,221950977.55110510,766153,1234.09271000,111064033.56942350,0
1769040000000,89454.73,90359.99,89454.72,89899.51,1561.80923,1769054399999,140523160.28297430,525248,950.36600000,85512174.85666610,0
1769054400000,89899.51,90215.79,89802.0,89818.79,1213.67268,1769068799999,109225185.68313000,329803,604.37523000,54387742.11861700,0
1769068800000,89818.79,90150.0,89760.0,89941.26,1125.90639,1769083199999,101314930.11446830,348223,538.93731000,48500990.74078370,0
1769083200000,89941.26,90340.0,88515.37,89000.01,3512.25665,1769097599999,313969200.39524850,1168941,1713.87928000,153314393.94626980,0
1769097600000,89000.0,89924.46,88676.95,89777.9,2304.40726,1769111999999,205774601.16338220,969034,1248.41930000,111507245.48156030,0
1769112000000,89777.89,89946.13,89140.13,89559.67,1107.45271,1769126399999,99103545.71678530,402163,473.57054000,42375943.37889280,0
1769126400000,89559.68,89979.97,89450.48,89924.78,1144.14106,1769140799999,102694677.23561540,371194,597.71747000,53652672.94460250,0
1769140800000,89924.78,90088.94,89400.0,89549.45,1729.71757,1769155199999,155175753.31906900,560274,840.99198000,75436422.29427970,0
1769155200000,89549.45,89632.18,88860.44,89202.48,1992.68771,1769169599999,177711327.21804480,580165,892.73692000,79614078.97236280,0
1769169600000,89202.47,89865.53,88578.36,89761.61,2836.93325,1769183999999,253071200.32151040,1075371,1429.44282000,127545357.20910120,0
1769184000000,89761.61,91224.99,89489.0,89982.79,4430.77605,1769198399999,400289384.55268430,1410872,2291.02155000,206969234.53951530,0
1769198400000,89982.79,90156.06,89200.68,89600.26,1784.23355,1769212799999,159829923.03191910,622031,859.26594000,76986648.17249250,0
1769212800000,89600.26,89957.39,89424.39,89770.02,760.9766,1769227199999,68253051.29648220,227811,372.07003000,33376340.76343920,0
1769227200000,89770.03,89853.38,89572.81,89620.1,954.94709,1769241599999,85657544.75009300,144923,383.39699000,34388121.43339460,0
1769241600000,89620.11,89686.43,89577.97,89595.4,513.59579,1769255999999,46029985.17339660,107093,198.11517000,17755955.30358670,0
1769256000000,89595.41,89595.41,89171.75,89275.77,1016.91516,1769270399999,90964710.88900660,193981,437.76826000,39160483.23738170,0
1769270400000,89275.77,89461.4,89162.08,89331.36,560.08706,1769284799999,50024095.71473510,152909,247.52670000,22107701.74853930,0
1769284800000,89331.36,89489.84,89215.59,89225.34,420.04567,1769299199999,37534758.26816770,133137,197.09224000,17612590.95335220,0
1769299200000,89225.34,89319.13,88838.72,88960.35,949.82753,1769313599999,84609577.77839580,215983,343.12143000,30567859.95397140,0
1769313600000,88960.36,89090.13,88635.84,88659.99,1365.03813,1769327999999,121300375.62686140,241931,439.67300000,39070162.17450340,0
1769328000000,88659.99,88760.0,88136.0,88570.17,1276.76207,1769342399999,112976354.38602530,361476,703.86499000,62285737.61793530,0
1769342400000,88570.17,88971.89,88340.75,88446.5,1271.25718,1769356799999,112761097.71506500,370622,614.97033000,54559995.52682580,0
1769356800000,88446.51,88448.85,86194.85,86495.16,6164.82689,1769371199999,538608130.75629710,1495854,2624.72668000,229325221.04255690,0
1769371200000,86495.17,87013.79,86074.72,86670.36,3398.50839,1769385599999,293978153.57893640,1034312,1542.92014000,133495608.25160260,0
1769385600000,86670.36,87973.11,86509.63,87282.05,4005.56746,1769399999999,350123125.12824870,1022875,2382.39342000,208261578.19578520,0
1769400000000,87282.04,88074.48,87244.27,88000.64,3558.66159,1769414399999,312484747.25345550,643626,2137.19390000,187613642.06005640,0
1769414400000,88000.64,88424.45,87600.69,87855.0,1820.3712,1769428799999,160098631.23450440,461359,818.10097000,71961010.03893700,0
1769428800000,87855.01,88860.0,87325.03,87641.41,4437.30175,1769443199999,390623196.41567810,1204757,2110.41193000,185882604.02458230,0
1769443200000,87641.41,88537.95,87035.51,88013.19,2334.22752,1769457599999,204958111.60122560,1022910,1164.36908000,102262664.07469040,0
1769457600000,88013.19,88659.09,87542.05,88347.08,1610.38501,1769471999999,141847947.35610250,442556,816.47276000,71932892.30093850,0
1769472000000,88347.08,88898.0,88194.82,88788.0,1649.23753,1769486399999,146115546.38828700,392884,936.57562000,83023875.17456570,0
1769486400000,88787.99,89010.0,88278.03,88320.41,1448.31937,1769500799999,128262293.64502520,326245,657.13587000,58215524.34630190,0
1769500800000,88320.41,88397.85,87743.52,87992.74,1462.63908,1769515199999,128741689.57729670,339090,646.88291000,56945644.21104090,0
1769515200000,87992.74,88474.23,87578.67,88047.46,2499.9435,1769529599999,219898114.52575760,876100,1315.14872000,115706862.21327450,0
1769529600000,88047.46,88819.89,87304.33,88408.77,3647.91175,1769543999999,321389992.07094540,1229055,1817.81283000,160147981.31794160,0
1769544000000,88408.78,89523.16,88373.49,89250.0,2417.35302,1769558399999,215619217.38219130,623962,1349.31342000,120348708.79415510,0
1769558400000,89249.99,89497.96,88985.0,89126.67,1094.38637,1769572799999,97673536.05690120,373642,482.22464000,43041195.84364040,0
1769572800000,89126.68,89400.0,88840.0,89134.35,1349.92307,1769587199999,120297987.14177550,343691,547.27575000,48769141.67516540,0
1769587200000,89134.35,90156.72,88833.65,90080.0,2787.07391,1769601599999,249307731.53139050,601247,1422.25483000,127283403.81735490,0
1769601600000,90079.99,90488.0,88904.61,89479.66,4428.88675,1769615999999,398176089.57228930,1243012,2237.28195000,201232453.33442420,0
1769616000000,89479.66,90600.0,89006.36,89402.58,3310.08413,1769630399999,296806111.90544220,1241762,1684.40271000,151069328.36573740,0
1769630400000,89402.57,89896.0,88878.01,89299.99,1361.83079,1769644799999,121658384.64367310,582437,642.00348000,57365508.27881410,0
1769644800000,89300.0,89348.0,87704.0,88053.71,2923.10988,1769659199999,258458116.20632930,841576,1265.14022000,111789663.45702830,0
1769659200000,88053.71,88430.05,87901.23,88352.97,1476.91111,1769673599999,130352487.21880470,319940,769.39960000,67900799.28976150,0
1769673600000,88352.96,88500.0,87750.01,87846.5,2299.04104,1769687999999,202350368.07481390,375181,1033.51180000,90964490.20371800,0
1769688000000,87846.5,88182.29,84366.56,84934.02,10107.55386,1769702399999,868554873.98652340,1467093,3345.13039000,287773596.21098160,0
1769702400000,84934.02,85638.3,83383.33,84012.11,10787.89043,1769716799999,911383998.68714140,1943012,4527.35077000,382622011.87820960,0
1769716800000,84012.11,84737.69,83824.9,84650.16,2836.87569,1769731199999,239281743.73639080,651947,1445.05628000,121869823.03631980,0
1769731200000,84650.16,84735.75,81118.0,82676.43,12245.12313,1769745599999,1009027615.83698800,1870415,4840.32648000,398496855.09509330,0
1769745600000,82676.42,83332.2,82056.08,82816.98,4789.41822,1769759999999,396711858.04601450,878254,2502.16811000,207253463.74492520,0
1769760000000,82816.98,83314.85,82160.0,83151.36,3255.07609,1769774399999,269004440.06885260,887515,1920.21556000,158729858.90282110,0
1769774400000,83151.36,83797.99,82382.01,82883.94,4751.88055,1769788799999,394682897.05294720,1726639,2488.92866000,206772102.52949120,0
1769788800000,82882.84,84621.16,81871.37,84242.99,6116.25601,1769803199999,509866885.26132380,2472068,2963.00775000,247192789.01918590,0
1769803200000,84243.0,84523.11,83539.2,84260.49,4038.09393,1769817599999,339330370.21570590,1163938,2034.95128000,171041715.81516430,0
1769817600000,84260.5,84270.02,83815.02,84022.69,1727.33956,1769831999999,145238921.81620550,389593,864.33517000,72675491.70756590,0
1769832000000,84022.7,84146.22,83404.67,83546.81,1349.94572,1769846399999,113129394.90341430,330990,602.49503000,50497936.65874460,0
1769846400000,83546.82,83629.08,82560.75,83020.0,2408.78889,1769860799999,200082196.53669670,720307,1113.05261000,92464381.68513910,0
1769860800000,83020.0,83140.0,80825.76,81302.15,6811.82932,1769875199999,556391001.78880560,1469375,2903.41483000,237196778.20771160,0
1769875200000,81302.16,82200.0,75719.9,77750.01,22029.61555,1769889599999,1737008005.19526490,3049577,9595.93320000,757298977.78333110,0
1769889600000,77750.01,79240.0,77092.34,78741.09,5164.37229,1769903999999,403414573.38265710,1425134,2880.38274000,224986679.94020420,0
1769904000000,78741.1,79424.0,78284.0,78868.28,4258.38184,1769918399999,335705316.01504680,1297030,2065.41259000,162898631.62363060,0
1769918400000,78868.29,79119.3,77967.69,78343.0,2563.1542,1769932799999,201446289.00758070,844039,1254.12936000,98610437.51221780,0
1769932800000,78343.0,79220.72,78148.1,78743.56,2450.30839,1769947199999,192733533.18964870,944371,1212.80072000,95427566.48983110,0
1769947200000,78743.57,78768.68,76761.98,77593.4,4807.63006,1769961599999,373985194.71106240,1690995,2159.90848000,168090857.97029110,0
1769961600000,77593.4,78443.1,77000.01,77174.78,2883.53084,1769975999999,223871713.26383580,1408260,1307.20006000,101506042.20556220,0
1769976000000,77174.77,77779.63,75700.0,76968.21,8432.47635,1769990399999,647178510.86021220,1817211,4032.29271000,309562206.93868440,0
1769990400000,76968.22,78231.26,74604.0,76292.98,11449.76567,1770004799999,871702405.18971130,2645338,5536.78517000,422148110.93692730,0
1770004800000,76292.98,76958.0,74911.14,76660.79,9568.39849,1770019199999,726240942.86917340,2202613,4537.66191000,344649132.55058240,0
1770019200000,76660.78,77970.62,76628.28,77759.99,5651.50758,1770033599999,437537180.67942400,1357946,3295.30169000,255230255.01684100,0
1770033600000,77760.0,79360.0,77564.62,78850.06,7522.81805,1770047999999,589203781.78035520,2019514,3998.05226000,313213630.97721950,0
1770048000000,78850.06,79288.28,78283.27,78341.5,5462.07718,1770062399999,430453810.75669430,1196930,2814.11429000,221806460.07808080,0
1770062400000,78341.5,78962.78,77888.0,78738.61,2619.02319,1770076799999,205614323.18597140,663237,1298.53583000,101929851.66378940,0
1770076800000,78738.6,79186.81,77644.09,78753.32,4012.52848,1770091199999,315222030.44065130,1184338,1939.13530000,152363997.66092770,0
1770091200000,78753.32,78999.99,77950.0,78794.67,2886.84787,1770105599999,226835689.17365360,861943,1420.26817000,111585624.37676560,0
1770105600000,78794.67,79084.29,77950.0,78079.5,2794.97467,1770119999999,219219491.22448650,951934,1362.64236000,106901855.55363640,0
1770120000000,78079.5,78458.89,77055.54,78132.33,5543.61818,1770134399999,431840559.06025940,1788491,2699.55827000,210316986.60887780,0
1770134400000,78132.34,78134.53,72945.5,74935.0,18839.6377,1770148799999,1410579491.75847750,3077800,7559.19028000,566363553.89784670,0
1770148800000,74935.0,76960.0,74586.54,75770.21,5042.50199,1770163199999,383205746.91726360,1334939,2324.08815000,176587378.33798540,0
1770163200000,75770.21,76971.52,75467.22,76698.17,3573.68321,1770177599999,272738590.76765440,1118157,1575.94420000,120252372.25793200,0
1770177600000,76698.17,76830.69,76105.3,76514.3,2837.0505,1770191999999,217015006.32297540,705472,1205.85593000,92237564.22963320,0
1770192000000,76514.3,76607.69,75666.0,76017.25,2912.66082,1770206399999,221824460.47271630,905165,1306.24429000,99505779.32537740,0
1770206400000,76017.25,76260.85,73794.11,74136.36,8952.94529,1770220799999,671748276.96584810,2606399,4198.84141000,314944437.27886580,0
1770220800000,74136.48,74249.83,72169.0,73923.29,13944.22381,1770235199999,1020412779.47087720,3621129,6330.58783000,463789245.74738950,0
1770235200000,73923.3,74144.0,71888.0,73165.83,6154.79637,1770249599999,449095517.53907500,1767680,2656.88203000,193935369.98987460,0
1770249600000,73165.84,73341.18,71152.78,71223.25,8356.43633,1770263999999,602690598.16435880,2690802,3967.87661000,286315717.83344530,0
1770264000000,71223.25,71622.82,70140.0,70756.85,13229.00492,1770278399999,937889720.23885730,2073704,5786.38006000,410417271.92774280,0
1770278400000,70756.86,71978.58,69922.0,70318.35,9382.74194,1770292799999,665219725.67406670,1454638,4586.93432000,325376481.21197430,0
1770292800000,70318.35,70872.04,66720.15,67489.07,25214.85527,1770307199999,1731421994.69076750,2967018,11931.49536000,819121001.16433840,0
1770307200000,67489.08,68681.81,65200.0,65265.65,21297.2321,1770321599999,1421929542.34385810,2924988,10284.77991000,687340054.48333890,0
1770321600000,65265.66,65700.0,62345.0,62909.86,28818.55843,1770335999999,1839594013.16878520,3252860,12485.18380000,797178976.41239990,0
1770336000000,62909.87,66010.0,60000.0,64168.33,28980.40325,1770350399999,1825125065.71506430,3736413,14232.10519000,897413525.31493260,0
1770350400000,64168.33,66826.5,63914.62,64856.0,13204.36329,1770364799999,862429162.55450200,1922335,7149.11777000,467047863.35521970,0
1770364800000,64856.0,66755.13,64500.0,66631.32,9652.84585,1770379199999,633520566.31463950,1492849,5410.40150000,355108944.23057080,0
1770379200000,66631.32,69192.0,66114.49,68626.0,17606.82465,1770393599999,1191688651.38544240,2999294,9539.46756000,646341769.31887160,0
1770393600000,68625.99,71500.0,68428.19,70731.46,17283.69927,1770407999999,1210438927.93064340,2002331,10176.00021000,712371307.26447300,0
1770408000000,70731.45,71751.33,69837.35,70580.26,5811.079,1770422399999,410854296.71121380,1075306,2970.41975000,210142739.79662050,0
1770422400000,70580.26,70928.75,69718.0,70918.99,4687.77364,1770436799999,329436668.63842840,1139290,2309.40822000,162372757.50025390,0
1770436800000,70918.99,71690.07,67300.0,68087.14,13271.32166,1770451199999,918746524.71672460,1870659,5369.70353000,372132900.00486240,0
1770451200000,68087.13,68790.0,67582.48,67972.65,8689.01558,1770465599999,592443428.25974890,1141821,2923.69195000,199369283.17869930,0
1770465600000,67972.65,69999.99,67901.89,69151.5,9290.84055,1770479999999,641961528.78832010,1571055,4007.21272000,276938921.37270600,0
1770480000000,69151.5,69898.0,68531.5,69373.61,6393.31777,1770494399999,442987187.82498190,1052092,3131.45705000,217069168.19493180,0
1770494400000,69373.61,69728.83,68787.34,69289.38,1923.21116,1770508799999,133408540.84094850,392510,1024.74886000,71106793.17798750,0
1770508800000,69289.37,69696.57,68888.0,69099.99,2026.40929,1770523199999,140326686.76087560,636690,983.58164000,68108549.84292240,0
1770523200000,69100.0,69719.07,68952.01,69710.69,2878.17149,1770537599999,199578554.51011200,480034,1871.12375000,129774214.32901120,0
1770537600000,69710.69,71220.0,69514.15,70999.98,5309.31519,1770551999999,373686854.81413820,1139417,2958.35735000,208236551.22879570,0
1770552000000,70999.99,71554.95,70707.39,71188.99,3659.2176,1770566399999,260509753.90712400,916243,2016.87195000,143617751.67444970,0
1770566400000,71188.99,71538.05,70251.33,71422.97,2720.17356,1770580799999,193021003.05872660,799162,1352.82949000,96047086.44853390,0
1770580800000,71422.96,72271.41,70000.0,70330.38,4827.24455,1770595199999,342880905.60186570,898903,2252.98820000,160114713.75810680,0
1770595200000,70330.38,71453.53,70068.18,71307.56,4021.31441,1770609599999,284095679.05747780,1221357,2137.30742000,151055058.23632160,0
1770609600000,71307.56,71359.37,70311.7,70422.59,2930.6054,1770623999999,207409154.60268330,751991,1236.39267000,87517663.33883050,0
1770624000000,70422.59,70608.83,68420.58,68928.72,6108.89766,1770638399999,423568798.59620260,1323380,2792.51020000,193682860.78415420,0
1770638400000,68928.71,69884.82,68308.0,69563.37,6863.78788,1770652799999,474511739.61334220,1602329,3498.21346000,241875877.91310470,0
1770652800000,69563.37,71075.31,69100.0,70957.01,6239.20348,1770667199999,438773832.19924390,1176709,3086.36297000,217073589.17371620,0
1770667200000,70957.01,71126.0,69823.52,70138.0,2988.91959,1770681599999,210600335.35202780,569003,1103.84814000,77796567.23684560,0
1770681600000,70138.0,70527.59,69208.61,69511.83,2469.62773,1770695999999,172704357.78009350,649051,1084.98910000,75919691.24522940,0
1770696000000,69511.83,69906.5,68682.0,68919.66,3133.48778,1770710399999,216937941.25964580,646201,1294.20646000,89580149.59298700,0
1770710400000,68919.66,69417.7,68459.89,68535.01,3589.46371,1770724799999,247678394.22295000,564768,1503.56806000,103751437.81700270,0
1770724800000,68535.02,69591.2,67800.0,69293.37,5843.11364,1770739199999,402003350.45726210,1327368,3051.97985000,210084853.35999080,0
1770739200000,69293.37,69993.65,68604.63,69062.01,3997.49855,1770753599999,277163373.07960550,1017925,1746.33684000,121183083.17808710,0
1770753600000,69062.0,69136.91,68362.0,68841.29,1340.57931,1770767999999,92136206.56036840,353345,556.13025000,38220735.06022850,0
1770768000000,68841.28,69292.88,68011.11,68187.99,1918.23444,1770782399999,131863432.15003220,608169,885.02244000,60847249.63644810,0
1770782400000,68188.0,68325.0,66557.99,67032.72,5175.02607,1770796799999,348037184.18065550,1092642,2482.99742000,166884369.20461570,0
1770796800000,67032.71,67134.42,66369.49,67053.03,3914.08731,1770811199999,261553860.04734320,835269,1711.65660000,114439100.03347600,0
1770811200000,67053.03,68834.34,65756.0,66519.73,9148.58414,1770825599999,613687854.30771330,2193292,4762.16114000,319545755.49453550,0
1770825600000,66519.72,67860.44,65876.0,67586.67,5004.8715,1770839999999,334532505.58570090,1424330,2613.55240000,174800761.76276150,0
1770840000000,67586.66,68369.77,66787.7,67082.52,3557.44256,1770854399999,240839111.27266950,802875,1880.11997000,127386512.13765050,0
1770854400000,67082.52,68047.48,67055.53,67580.99,2100.97039,1770868799999,141942869.01330560,770076,965.91966000,65263272.24195290,0
1770868800000,67581.0,67682.69,66670.45,67217.72,2710.60187,1770883199999,182063344.23494780,823443,1514.06605000,101702347.72978780,0
1770883200000,67217.71,68299.0,66891.6,68076.01,3668.0563,1770897599999,248201740.51730600,859926,1966.94625000,133225643.75896690,0
1770897600000,68076.01,68410.52,67014.98,67134.74,4824.24216,1770911999999,326864449.87370720,1510255,2420.26969000,164016992.03481770,0
1770912000000,67134.74,67232.04,65118.0,65788.36,7933.48282,1770926399999,523134993.57621970,2047495,3801.36299000,250781749.27726620,0
1770926400000,65788.36,66488.9,65215.06,66272.17,3034.38929,1770940799999,199954748.11872030,767085,1433.16047000,94428847.03057020,0
1770940800000,66272.17,66814.0,65872.46,66553.08,2583.39216,1770955199999,171471784.54951400,829333,1354.36413000,89903437.69236380,0
1770955200000,66553.09,66671.62,66002.98,66208.96,2428.41994,1770969599999,161035736.48433360,649466,1029.61164000,68280971.89297790,0
1770969600000,66208.96,67226.66,66191.52,67171.42,2201.58479,1770983999999,147042475.89495000,844614,1182.92177000,79046115.59581850,0
1770984000000,67171.41,69309.8,66867.47,68692.12,6886.55091,1770998399999,467661512.21446190,2270933,3561.54992000,241951493.47232850,0
1770998400000,68692.12,69482.97,68540.83,68938.91,4320.62247,1771012799999,298437083.28874910,1374173,2446.15115000,168987478.89211620,0
1771012800000,68938.91,69079.4,68683.32,68853.96,1823.97928,1771027199999,125637429.89804620,482323,850.65026000,58597043.07124920,0
1771027200000,68853.97,69137.5,68768.56,68981.99,1291.93003,1771041599999,89092971.39829670,360289,690.68122000,47628970.21407510,0
1771041600000,68982.0,69343.0,68730.13,69219.26,2188.37379,1771055999999,150914517.37260290,334307,1253.14057000,86422772.06482600,0
1771056000000,69219.27,70560.01,69218.71,70505.74,3530.97709,1771070399999,246699739.22948980,836795,2057.44152000,143754217.31740140,0
1771070400000,70505.74,70533.67,69064.6,69778.28,7103.62124,1771084799999,494341009.80890300,1145173,2136.46543000,148822646.72484230,0
1771084800000,69778.28,69930.9,69283.02,69873.99,2295.28058,1771099199999,159968386.17114960,694171,856.29575000,59693108.28674220,0
1771099200000,69873.99,70250.46,69668.05,69822.95,1704.6012,1771113599999,119242690.37958440,432428,863.90974000,60434358.65705420,0
1771113600000,69822.94,69990.02,69251.5,69954.5,1764.94129,1771127999999,122855046.97132380,539563,799.25847000,55645742.87767660,0
1771128000000,69954.5,70926.42,69459.35,70828.42,4747.14422,1771142399999,333948500.11189410,800367,2325.85621000,163842103.01407340,0
1771142400000,70828.43,70983.0,70182.31,70295.22,2073.25418,1771156799999,146147024.82140230,674620,972.77183000,68611971.98137900,0
1771156800000,70295.22,70418.48,68772.2,69099.99,3852.56524,1771171199999,267188458.52680400,1086479,1431.16445000,99197075.50205180,0
1771171200000,69100.0,69100.0,68000.0,68286.63,8139.52235,1771185599999,557355357.84913150,996629,2467.41339000,169022005.83218950,0
1771185600000,68286.64,69078.49,68120.0,68832.58,1712.6248,1771199999999,117600183.85625880,500975,865.12827000,59414199.91352930,0
1771200000000,68832.59,69065.5,68143.22,68424.82,1757.09824,1771214399999,120437657.08292310,596677,695.41420000,47692177.99768920,0
1771214400000,68424.82,68900.0,68228.76,68587.9,1421.8609,1771228799999,97488651.32288720,413367,752.52501000,51598474.95791740,0
1771228800000,68587.89,69060.77,68338.9,68812.83,1609.09509,1771243199999,110671876.46980250,492579,902.47134000,62074761.43828640,0
1771243200000,68812.84,70126.67,67294.11,67539.52,6563.57157,1771257599999,450264428.91539640,2149894,3553.96271000,244133394.27376600,0
1771257600000,67539.53,68245.34,67513.94,67913.43,2266.56859,1771271999999,153859865.37382790,891023,1169.39289000,79412338.83710660,0
1771272000000,67913.44,68978.88,67827.11,68892.43,1897.57095,1771286399999,130075439.08876000,690309,1079.66525000,73998044.26272620,0
1771286400000,68892.43,69241.5,68387.2,68474.9,1970.0963,1771300799999,135593412.03758820,749614,945.53808000,65096411.70451680,0
1771300800000,68474.9,68707.49,67892.0,68388.12,1507.90265,1771315199999,103003352.46391450,610719,657.85358000,44944682.81254990,0
1771315200000,68388.12,68479.17,67690.0,67854.6,1702.22977,1771329599999,115739259.12991350,621344,774.02098000,52638020.52961080,0
1771329600000,67854.6,68360.5,66621.06,67392.05,5962.49538,1771343999999,401928066.26431070,1881416,2519.16507000,169890168.16406130,0
1771344000000,67392.06,68235.39,66881.08,67793.32,4203.96684,1771358399999,284459179.70634120,1610220,2114.80895000,143206773.59005600,0
1771358400000,67793.32,67928.08,67394.0,67503.52,1142.37827,1771372799999,77264381.69274390,521540,527.06441000,35650134.09244550,0
1771372800000,67503.52,67705.65,66892.03,67629.11,1226.88759,1771387199999,82553427.77735500,495054,596.80667000,40155701.17144080,0
1771387200000,67629.1,68219.81,67500.1,68106.44,1433.81961,1771401599999,97273973.55809480,411382,836.35408000,56746693.36867540,0
1771401600000,68106.44,68476.22,67076.9,67369.75,1922.15458,1771415999999,130457995.82371130,603108,947.78850000,64304462.52550190,0
1771416000000,67369.75,68347.72,66717.3,67694.01,4330.13695,1771430399999,292091020.65793290,1181648,2268.98023000,153067659.65328850,0
1771430400000,67694.01,67706.94,65870.0,66177.14,4311.92393,1771444799999,287693234.23302000,1306330,2070.01465000,138229708.91519030,0
1771444800000,66177.15,66550.0,66053.6,66461.0,2267.51573,1771459199999,150423872.60200960,551475,1175.11294000,77953952.50446800,0
1771459200000,66461.0,66997.07,66345.0,66980.91,1337.23292,1771473599999,89215477.42472360,411220,729.52396000,48663843.91684770,0
1771473600000,66980.91,67320.0,66679.76,67206.45,1593.15988,1771487999999,106782407.80130980,440550,793.22494000,53175928.24421170,0
1771488000000,67206.45,67206.45,66478.02,66496.02,1879.33579,1771502399999,125701951.64138130,566297,764.42525000,51129024.30475420,0
1771502400000,66496.03,66755.39,65631.83,66398.0,4451.59374,1771516799999,294777171.25897810,1509439,2222.34398000,147180104.63437220,0
1771516800000,66398.01,67198.1,65899.25,67050.0,3411.99791,1771531199999,227326562.88912690,1229638,1756.27185000,117026346.05337480,0
1771531200000,67050.0,67168.86,66652.34,67003.73,1868.94964,1771545599999,125060001.76663290,522207,840.91743000,56280975.91854650,0
1771545600000,67003.73,67488.67,66949.41,67366.25,1472.92111,1771559999999,99110593.96340020,459722,766.04578000,51547028.30960200,0
1771560000000,67366.25,68006.0,67115.38,67825.91,2411.4783,1771574399999,163260352.82932990,489308,1263.08346000,85538218.47207630,0
1771574400000,67825.91,68318.39,67280.6,67318.41,3414.63472,1771588799999,231878790.41032480,541347,1470.41187000,99927469.40115920,0
1771588800000,67318.41,68083.98,66280.2,67582.95,16088.45139,1771603199999,1076569222.85118750,1705792,6024.68060000,403783916.04764750,0
1771603200000,67582.95,68000.0,66952.11,67646.03,9574.1468,1771617599999,645056109.16301220,1395777,3922.37620000,264654733.10474490,0
1771617600000,67646.03,68233.99,67520.3,68020.01,2390.23859,1771631999999,162204081.35059270,452966,1554.86243000,105518677.81001140,0
1771632000000,68020.0,68099.54,67534.69,67667.77,1582.09541,1771646399999,107364098.12905070,262118,813.21099000,55197261.13037530,0
1771646400000,67667.77,67924.39,67593.99,67856.01,716.23217,1771660799999,48558986.67610040,166977,365.61104000,24785950.21492470,0
1771660800000,67856.01,68314.54,67807.3,68092.45,1384.49772,1771675199999,94339705.72475320,248922,735.48392000,50122172.05071590,0
1771675200000,68092.45,68698.7,67915.0,68615.0,1818.30536,1771689599999,124341927.99554160,345267,944.07299000,64573284.10879380,0
1771689600000,68615.01,68658.5,68101.78,68543.51,1410.16439,1771703999999,96460314.95431230,296404,679.45506000,46469407.04998190,0
1771704000000,68543.51,68605.63,67900.0,67975.93,1121.54626,1771718399999,76527045.36744070,273851,465.62806000,31771618.12248840,0
1771718400000,67975.93,68222.16,67809.78,68041.43,1114.48202,1771732799999,75773591.36485030,294020,550.52250000,37435992.21079950,0
1771732800000,68041.42,68178.79,67881.81,68005.3,923.792,1771747199999,62843242.09253010,234831,398.28765000,27095532.42506160,0
1771747200000,68005.3,68245.0,67912.02,68219.97,733.14137,1771761599999,49907325.46136900,206443,321.22134000,21872463.13148130,0
1771761600000,68219.97,68232.4,67303.5,67684.14,2531.23331,1771775999999,171259766.20740060,650400,1045.81290000,70755409.14183540,0
1771776000000,67684.15,67718.13,67190.0,67428.32,1575.66204,1771790399999,106232820.25579240,386156,840.19008000,56653370.79245280,0
1771790400000,67428.32,67751.44,67350.0,67643.4,1296.8241,1771804799999,87596590.19547120,389050,818.25840000,55268325.90930770,0
1771804800000,67643.39,67684.86,64290.71,64934.17,11022.665,1771819199999,719316556.62206750,2248116,5722.33327000,373353721.11510900,0
1771819200000,64934.18,66015.22,64685.64,65958.94,4119.82727,1771833599999,269087200.27357270,787883,2247.84272000,146877209.14172080,0
1771833600000,65958.94,66600.0,65565.78,66207.23,3194.00092,1771847999999,211089133.57428790,794545,1374.15421000,90806359.63322600,0
1771848000000,66207.23,66511.51,65529.73,65660.1,3796.34009,1771862399999,250678780.50669950,1475063,1789.71293000,118155901.77018930,0
1771862400000,65660.1,65724.28,64048.71,64295.1,7179.94577,1771876799999,465035277.95382960,1988988,3293.74106000,213497950.46326710,0
1771876800000,64295.11,65035.98,63888.79,64656.02,3763.13018,1771891199999,242951707.19105940,974100,1960.85439000,126637717.93545030,0
1771891200000,64656.01,65026.75,63342.9,63595.51,4752.76382,1771905599999,304582065.38072600,1747526,2171.69411000,139248890.00776990,0
1771905600000,63595.51,63628.52,62700.8,63192.96,4939.8898,1771919999999,311930854.85339440,1370317,2267.86906000,143225584.35158040,0
1771920000000,63192.79,63444.66,62908.92,63227.1,2234.59315,1771934399999,141250227.98406600,720838,1133.30537000,71641484.59666670,0
1771934400000,63227.11,64031.76,62510.28,63973.97,5539.65443,1771948799999,349781798.66521920,1720495,2851.12168000,179979830.09110380,0
1771948800000,63973.98,64743.11,63689.54,64435.03,3972.72259,1771963199999,255228016.88386350,1388406,1992.03667000,127999107.78366710,0
1771963200000,64435.03,64591.99,63820.5,64058.15,1663.21243,1771977599999,106739195.95266600,606047,734.58337000,47140535.08691050,0
1771977600000,64058.15,66310.0,63913.27,65391.73,5187.17213,1771991999999,340689638.66773770,1472602,2731.73543000,179335175.82490980,0
1771992000000,65391.74,65650.0,64755.26,65028.3,2632.47033,1772006399999,171502919.96544990,758215,1184.66107000,77196713.17905790,0
1772006400000,65028.3,65692.62,64955.79,65430.04,1997.89784,1772020799999,130658074.86146920,643233,1161.09434000,75913635.25419470,0
1772020800000,65430.04,67578.0,65324.62,67412.33,7879.83719,1772035199999,524713731.25057690,1555450,4764.89223000,317370618.22891530,0
1772035200000,67412.32,69550.0,67404.0,69038.26,8300.46334,1772049599999,569565261.27162990,1537142,4272.06772000,292994769.93164250,0
1772049600000,69038.26,69988.83,67600.0,67988.04,4752.15176,1772063999999,326960076.82757140,1130073,2268.46906000,156094064.58955180,0
1772064000000,67988.04,68700.0,67727.52,68216.86,2995.4703,1772078399999,204243504.12053410,899323,1565.27740000,106715730.27693530,0
1772078400000,68216.87,68860.0,67817.87,67825.04,2533.15622,1772092799999,172982723.17739750,717211,1117.86277000,76390321.10498780,0
1772092800000,67825.05,68722.64,67792.0,68051.31,3268.6173,1772107199999,223131053.39970640,685401,1693.31517000,115630783.04085930,0
1772107200000,68051.3,68303.83,66761.16,67382.0,5206.19537,1772121599999,352032201.05368930,1467293,2489.83507000,168378083.41318150,0
1772121600000,67382.0,67903.12,66500.0,67589.22,5230.45057,1772135999999,350888815.72281440,1251932,2579.57571000,173135255.43976070,0
1772136000000,67589.21,67831.11,67150.14,67485.18,1503.88816,1772150399999,101496368.09041910,404977,726.63435000,49053879.17734240,0
1772150400000,67485.19,67712.16,66885.0,67600.84,2159.8345,1772164799999,145292524.41844910,659975,1056.17610000,71057296.82815030,0
1772164800000,67600.84,68216.8,67459.3,67690.6,3025.27268,1772179199999,204988053.09724590,552210,1562.68007000,105900344.47218440,0
1772179200000,67690.6,68149.93,65960.01,66126.99,4904.69534,1772193599999,329331029.46336960,669348,1916.50148000,128568947.99441610,0
1772193600000,66126.99,66344.9,65649.34,66095.4,5494.9383,1772207999999,362645055.23926720,873872,2828.14976000,186648728.60556650,0
1772208000000,66095.4,66121.03,65113.72,65392.18,3875.92624,1772222399999,253965829.43805450,737650,1906.04873000,124889545.29536890,0
1772222400000,65392.18,65953.2,64914.46,65872.1,1767.91718,1772236799999,115811331.90558650,363009,837.65303000,54921379.32897580,0
1772236800000,65872.09,66025.52,65721.13,65797.42,1045.74408,1772251199999,68899635.55857210,258355,531.10528000,34998049.76019040,0
1772251200000,65797.42,65818.44,63030.0,63826.0,5914.91449,1772265599999,379525323.42051950,1181298,2581.68058000,165440215.95831100,0
1772265600000,63825.99,64307.44,63372.1,63844.2,4734.32265,1772279999999,302198131.48462220,839290,2511.18127000,160325892.50478620,0
1772280000000,63844.2,65360.51,63827.2,64841.18,4286.48357,1772294399999,276667056.34675630,872267,2416.23192000,155909966.01478720,0
1772294400000,64841.17,66666.65,64681.81,66362.01,2999.13046,1772308799999,196852498.74975260,976578,1703.20425000,111886992.60871580,0
1772308800000,66362.01,67760.0,66190.61,66973.26,3568.12124,1772323199999,238721762.70134380,1140726,1787.70472000,119629273.58559160,0
1772323200000,66973.26,68199.99,66042.72,67502.16,4690.36208,1772337599999,315933147.68826380,1134371,2442.68697000,164552289.30345400,0
1772337600000,67502.16,67612.14,66749.35,67141.39,3167.39554,1772351999999,212669357.20677300,511568,1439.47357000,96649733.20076270,0
1772352000000,67141.4,67292.3,66215.71,66468.03,3250.92047,1772366399999,216568852.66062070,747092,1290.55474000,85972583.69617980,0
1772366400000,66468.04,67360.57,66132.27,66842.42,3640.03253,1772380799999,243482209.46349850,977418,1984.25149000,132781914.63492500,0
1772380800000,66842.42,67112.37,65699.98,65962.17,3900.17922,1772395199999,258474615.18050360,884138,1851.84194000,122811950.74840730,0
1772395200000,65962.16,66491.43,65056.0,65776.47,4552.96875,1772409599999,298655560.70654050,1057426,2200.96330000,144393451.26473280,0
1772409600000,65776.48,67079.0,65761.04,66820.03,2940.58836,1772423999999,195460980.08229890,1303941,1524.12091000,101362637.73041610,0
1772424000000,66820.03,66995.64,65542.6,66007.52,3610.46533,1772438399999,239534194.91974990,917964,1605.65166000,106447924.02076130,0
1772438400000,66007.8,66720.84,65654.54,66359.68,4361.76571,1772452799999,288860625.94645620,1050933,1638.59296000,108469628.15129620,0
1772452800000,66359.67,69617.74,65259.21,69130.2,10831.61306,1772467199999,729583263.70704370,2529970,5665.05190000,381886043.39922810,0
1772467200000,69130.2,70096.0,68576.18,68966.53,6828.10762,1772481599999,473251950.17763730,1736012,3595.39783000,249280537.97357750,0
1772481600000,68966.52,69539.77,68584.9,68830.06,3437.84423,1772495999999,237887827.01273130,858706,1307.09843000,90424773.27287130,0
1772496000000,68830.06,69258.08,68210.71,68377.94,2362.09713,1772510399999,162194743.81252370,794636,1097.63764000,75448834.83870680,0
1772510400000,68377.94,68617.42,67800.0,68172.8,3337.11294,1772524799999,227365622.94916710,788341,1505.96669000,102629469.15362020,0
1772524800000,68172.79,68311.83,66340.14,67026.61,6082.75912,1772539199999,407750552.85385240,1653419,2969.12790000,198921222.36682990,0
1772539200000,67026.6,67973.2,66158.0,67725.81,5443.2888,1772553599999,365374591.78646370,2026070,2798.01852000,187842923.14290430,0
1772553600000,67725.82,68999.0,67473.09,68435.0,5484.70019,1772567999999,374668661.12021110,1695997,2897.05796000,197952278.61441490,0
1772568000000,68435.0,68860.0,67832.3,68338.0,2262.28362,1772582399999,154494497.42080020,689656,1063.81329000,72666287.97821830,0
1772582400000,68338.01,68909.34,67400.0,67732.2,3814.8635,1772596799999,260143413.79256850,1101214,1822.24839000,124322434.21267970,0
1772596800000,67732.19,69668.0,67467.6,69493.13,5088.84069,1772611199999,348079968.97803570,874462,2935.25053000,200843812.73651400,0
1772611200000,69493.14,71893.0,69098.91,71111.4,12146.09777,1772625599999,860248372.61271440,2080445,6349.60675000,449741422.68974450,0
1772625600000,71111.4,73479.75,70588.0,73396.88,11378.24344,1772639999999,819140291.86714550,2248482,6609.86092000,476084764.15434480,0
1772640000000,73396.87,74050.0,72541.69,73611.1,8665.00622,1772654399999,635919281.79953690,1604460,4228.15518000,310281592.81809570,0
1772654400000,73611.67,73716.0,72313.04,72666.77,3826.02448,1772668799999,279333118.58245960,709239,1696.23066000,123825031.31879930,0
1772668800000,72666.77,73306.82,72336.76,72497.89,3122.96483,1772683199999,227063662.71399990,932285,1512.82174000,110019880.23077860,0
1772683200000,72497.89,73081.08,71759.95,72055.5,4346.02458,1772697599999,314663609.32238680,815899,1954.28028000,141532366.39430080,0
1772697600000,72055.5,73558.15,71757.17,72915.79,6262.38044,1772711999999,455517410.83523070,1256669,2603.52155000,189366156.84905330,0
1772712000000,72915.8,73063.38,71168.65,71652.77,5607.55823,1772726399999,404671506.83125670,1717222,2649.70885000,191312538.89633560,0
1772726400000,71652.77,71654.65,70645.47,70918.07,4306.65518,1772740799999,306013987.50057760,1381923,2177.28168000,154742908.79395600,0
1772740800000,70918.08,71572.3,70777.0,70890.72,2944.92927,1772755199999,209584513.18438240,605162,1401.90057000,99799611.30835280,0
1772755200000,70891.02,71419.98,70344.03,71080.38,3031.93266,1772769599999,215330427.32559050,858814,1576.61356000,112000435.95017380,0
1772769600000,71080.37,71192.76,70143.19,71056.44,3088.31108,1772783999999,218031219.91208960,892242,1420.87717000,100304925.98437190,0
1772784000000,71056.44,71067.58,70184.01,70212.95,2441.15545,1772798399999,172353281.13192590,605761,1059.72250000,74825839.11638740,0
1772798400000,70212.94,70341.76,68176.47,68504.71,8554.35815,1772812799999,592660463.17620950,1414736,3692.42491000,255720104.78635830,0
1772812800000,68504.71,68795.44,67744.78,68131.79,3324.41432,1772827199999,226978112.78895190,1031088,1549.93323000,105864007.65153790,0
1772827200000,68131.79,68440.92,67777.0,68114.02,2189.71556,1772841599999,149247694.54012060,500258,1164.52214000,79376444.29338340,0
1772841600000,68114.02,68551.04,68060.6,68095.5,1736.7267,1772855999999,118500991.59966280,306024,849.75670000,57985947.45006300,0
1772856000000,68095.5,68147.73,67446.41,67842.67,2373.66763,1772870399999,161076990.89648150,423758,981.15063000,66586205.83712710,0
1772870400000,67842.67,68232.27,67720.98,68010.01,1490.07738,1772884799999,101284844.69435650,304929,792.51297000,53869208.84452180,0
1772884800000,68010.0,68085.41,67609.44,67877.45,1728.39414,1772899199999,117439050.89525630,356961,838.95293000,57018559.41190090,0
1772899200000,67877.45,67935.01,66915.26,67080.34,3059.42816,1772913599999,206469684.48696470,376805,1176.55413000,79399143.10085690,0
1772913600000,67080.33,67483.05,67068.01,67262.91,2331.24914,1772927999999,156958299.28032700,298999,1271.84113000,85618453.71222160,0
1772928000000,67262.91,67481.96,66833.58,67000.26,2883.43952,1772942399999,193604407.91439200,392656,1489.32538000,99998828.40288340,0
1772942400000,67000.26,67465.11,66547.15,67319.91,2866.09804,1772956799999,192314275.57707520,406105,1502.27070000,100825792.92394430,0
1772956800000,67319.9,68200.0,67156.93,67515.0,3303.40428,1772971199999,223403298.97890970,483848,1909.26870000,129104579.08693950,0
1772971200000,67515.0,67650.94,66761.68,67218.23,4464.48396,1772985599999,299754730.82248380,534010,2180.92941000,146433248.85979410,0
1772985600000,67218.23,67485.24,66745.54,67337.42,2550.26884,1772999999999,170987954.63381460,379748,1328.42995000,89057012.54610570,0
1773000000000,67337.41,67609.08,65618.49,65971.2,5525.94437,1773014399999,367457492.38877930,832025,2858.42512000,190312897.35000490,0
1773014400000,65971.2,67668.64,65821.97,67205.05,5224.01016,1773028799999,347784581.64341040,1087077,2534.93735000,168857114.49048060,0
1773028800000,67205.06,68069.29,66853.48,67555.13,3826.34806,1773043199999,258129347.75148940,692977,2063.26244000,139256346.03232550,0
1773043200000,67555.13,68460.09,67344.45,67764.98,4105.57826,1773057599999,278379482.65124580,718299,2010.64949000,136345256.78180260,0
1773057600000,67764.99,69480.0,67759.57,68863.66,7802.97956,1773071999999,537339607.90506170,1244185,3849.41880000,265059294.90529270,0
1773072000000,68863.67,69516.65,68179.12,68991.93,5039.37719,1773086399999,346548555.52656580,935516,2185.58217000,150378935.26399960,0
1773086400000,68991.93,69145.28,68384.69,68432.16,2898.42807,1773100799999,199440475.97190710,415613,1457.60353000,100298825.44200540,0
1773100800000,68432.16,70578.29,68391.41,69429.85,5314.5727,1773115199999,369613710.45706100,817125,2727.45956000,189568874.39437180,0
1773115200000,69429.85,70546.74,69429.85,70406.01,4907.28195,1773129599999,343839408.75531360,597064,2519.38422000,176597118.27389440,0
1773129600000,70406.01,71300.0,70369.0,70580.94,6270.5173,1773143999999,444063485.74804110,668271,3372.61332000,238812796.54185470,0
1773144000000,70580.95,71777.0,69266.06,71346.16,7000.10748,1773158399999,494238684.21025840,1454207,3520.28027000,248797318.11242400,0
1773158400000,71346.17,71700.0,69739.0,70043.63,5504.97942,1773172799999,388867513.73298330,1185168,2667.85363000,188428924.61297650,0
1773172800000,70043.63,70417.3,69452.42,69948.63,3605.11841,1773187199999,251902818.53686310,454229,1646.23739000,115033935.16492400,0
1773187200000,69948.64,70173.25,69488.7,69551.91,4402.46797,1773201599999,307602594.06606550,541646,2422.90837000,169306592.03979820,0
1773201600000,69551.91,70281.87,69420.0,69648.29,3080.54464,1773215999999,214905414.70212610,446569,1773.37736000,123729118.33906390,0
1773216000000,69648.28,69786.32,69150.28,69173.0,3538.73168,1773230399999,246139697.33791690,522532,1926.80341000,134040369.68308680,0
1773230400000,69172.99,71091.18,68977.91,70227.91,7789.43505,1773244799999,546631398.52511750,1702330,3802.83902000,266980498.68289800,0
1773244800000,70227.92,71321.0,70161.78,70641.82,5738.49617,1773259199999,405798492.04198710,1074254,2855.34463000,201959735.38235450,0
1773259200000,70641.81,70950.0,70125.83,70191.86,2699.59991,1773273599999,190222999.56095470,472524,1234.04336000,86955491.47252110,0
1773273600000,70191.86,70353.87,69226.52,69446.61,2576.17397,1773287999999,179851991.82429400,578518,1163.20192000,81209499.14980290,0
1773288000000,69446.61,69865.98,69205.91,69826.19,2721.97342,1773302399999,189174496.62947470,429244,1404.54636000,97659141.46207880,0
1773302400000,69826.19,70800.0,69580.0,70427.91,4649.38407,1773316799999,325969012.17520630,636787,2585.23744000,181290916.67284310,0
1773316800000,70427.9,70660.69,69355.34,70334.88,6097.47646,1773331199999,427454481.56319870,1308529,2864.40797000,200917934.68569790,0
1773331200000,70334.89,70569.15,69770.85,70432.32,3616.058,1773345599999,253926548.31537580,962584,1556.76149000,109355870.37798000,0
1773345600000,70432.33,70734.25,70013.17,70541.34,2336.09458,1773359999999,164368694.00255670,428397,970.87878000,68324749.55051500,0
1773360000000,70541.34,72000.0,70386.01,71405.75,5755.69452,1773374399999,410956837.45427500,928458,2992.30261000,213671866.85720290,0
1773374400000,71405.76,71672.76,71180.19,71612.22,4181.63698,1773388799999,298646868.27927950,538528,1956.86758000,139761130.63694570,0
1773388800000,71612.23,72575.98,71385.28,72228.82,5105.1507,1773403199999,367920577.25659520,771272,2836.78385000,204482409.44371740,0
1773403200000,72228.81,73913.74,71736.34,71831.46,12303.83944,1773417599999,897214013.61310180,1694366,6431.37773000,469574249.16182250,0
1773417600000,71831.46,72249.99,70841.23,71189.95,5469.31306,1773431999999,391164040.72805680,1004086,2786.83436000,199271970.58486150,0
1773432000000,71189.96,71491.03,70559.02,70930.0,3180.98208,1773446399999,225866188.96483880,375780,1306.17647000,92769026.27408130,0
1773446400000,70930.01,71185.23,70481.7,71081.3,3513.45361,1773460799999,248931541.49620610,329123,1672.92730000,118559807.65412190,0
1773460800000,71081.31,71307.92,70317.0,70596.68,2929.58232,1773475199999,207603173.34364200,335117,1321.78604000,93709040.04534860,0
1773475200000,70596.68,70784.38,70389.08,70751.42,2494.95824,1773489599999,176124209.01669350,250830,1172.93559000,82810179.71484990,0
1773489600000,70751.42,70941.17,70501.0,70580.09,2537.57782,1773503999999,179480109.27699240,316293,1288.66287000,91155123.74129480,0
1773504000000,70580.09,70740.34,70500.0,70700.0,686.93095,1773518399999,48522650.02122930,211520,324.91525000,22951611.41111870,0
1773518400000,70699.99,71253.17,70650.09,71211.95,854.74443,1773532799999,60646947.79151360,218856,460.87399000,32709642.79182860,0
1773532800000,71211.95,71634.08,70858.82,71363.14,2591.56425,1773547199999,184672005.82936930,358161,1325.18262000,94465107.16188800,0
1773547200000,71363.13,71800.68,71330.66,71453.59,2377.69395,1773561599999,170159927.49428380,294463,1357.70967000,97181992.43084000,0
1773561600000,71453.59,71940.49,71453.59,71839.42,2170.1455,1773575999999,155736370.82538170,310575,1126.70208000,80852557.03303190,0
1773576000000,71839.41,71839.42,71263.99,71481.24,2095.3494,1773590399999,149835974.09205590,362063,877.38863000,62737042.65968750,0
1773590400000,71481.24,71989.93,71320.08,71549.94,1241.1248,1773604799999,88810069.56801620,346610,689.21644000,49315537.37914770,0
1773604800000,71549.94,73199.0,71433.75,72815.24,3561.42914,1773619199999,258120607.43454450,837141,1930.81832000,139888283.09818140,0
1773619200000,72815.25,74330.34,72270.41,73573.32,5313.15699,1773633599999,389442556.86320910,851589,2873.59784000,210693756.31495410,0
1773633600000,73573.31,74451.03,73385.18,73456.68,5517.22506,1773647999999,407380420.43089480,816177,2937.06504000,216909252.84250850,0
1773648000000,73456.69,73838.76,72888.8,73552.77,3812.93394,1773662399999,279823403.90506240,654796,2034.33880000,149335828.95151510,0
1773662400000,73552.78,74509.52,72990.52,73274.76,5744.41989,1773676799999,423921783.63710360,1376905,2977.38635000,219848582.81794170,0
1773676800000,73274.75,74418.6,73160.66,73963.0,4131.80846,1773691199999,305341632.01297530,998780,2168.34144000,160235394.51516950,0
1773691200000,73963.0,74909.08,73863.2,74884.67,3889.98585,1773705599999,289949714.71561840,698235,2213.49308000,165022343.75739000,0
1773705600000,74884.67,76000.0,74268.73,74463.98,6925.21053,1773719999999,520737829.60524720,1245176,3419.06146000,257294555.50047560,0
1773720000000,74463.98,74712.89,73784.0,74249.32,4918.92532,1773734399999,365111500.75746600,655777,2145.46623000,159265975.81900110,0
1773734400000,74249.32,74452.97,73560.98,74033.11,3022.84272,1773748799999,223632439.17804960,609305,1505.00784000,111360462.49386910,0
1773748800000,74033.1,74893.94,73399.19,73914.39,4507.55719,1773763199999,333551863.39739360,1129605,2350.77152000,174072878.94154860,0
1773763200000,73914.4,74800.0,73855.24,74512.17,3050.04683,1773777599999,226963985.21018740,792455,1614.68959000,120136054.37931140,0
1773777600000,74511.21,74799.0,73871.74,73909.36,2096.68377,1773791999999,155979113.18432940,430869,756.25566000,56266931.64668020,0
1773792000000,73909.37,74672.34,73535.36,74446.14,2220.38681,1773806399999,164555203.62645120,501167,1218.71592000,90349485.29600780,0
1773806400000,74446.14,74486.3,73700.01,73883.8,2292.66886,1773820799999,169807068.80921980,348177,1163.82849000,86215346.31344240,0
1773820800000,73883.8,74281.33,72800.0,72952.85,3439.26859,1773835199999,253148596.00042720,611167,1812.37261000,133476029.28907230,0
1773835200000,72952.85,72981.79,70857.21,71467.82,8373.20589,1773849599999,601714224.50529950,1614193,3763.77338000,270399823.95786940,0
1773849600000,71467.82,72000.5,70933.85,71072.38,4336.24884,1773863999999,309643431.84766610,1057189,2360.16614000,168622006.97545870,0
1773864000000,71072.38,71451.22,70500.0,71246.54,2731.10194,1773878399999,194081314.18867860,602004,1390.31403000,98842790.86540560,0
1773878400000,71246.55,71613.79,70902.37,71215.39,2427.94963,1773892799999,172774544.22392350,493310,1054.75452000,75063758.24495860,0
1773892800000,71215.39,71215.39,69478.51,70191.17,4492.82933,1773907199999,315944786.64566590,759250,1920.54387000,135081798.22547010,0
1773907200000,70191.16,70560.91,69900.0,69952.75,3434.1741,1773921599999,241159078.74053430,674946,1525.20254000,107142450.68325920,0
1773921600000,69952.75,70179.53,68793.35,69412.51,6707.39933,1773935999999,465586723.65648020,1537283,3143.33346000,218250403.35891720,0
1773936000000,69412.52,70596.42,69122.03,70271.99,3251.17683,1773950399999,226961442.62212020,1033823,1898.69010000,132547645.30933170,0
1773950400000,70272.0,70695.6,69718.23,69930.0,2051.28897,1773964799999,144147373.97168830,473914,946.61227000,66548567.46545150,0
1773964800000,69930.01,70809.43,69837.1,70729.92,2423.03588,1773979199999,170470366.12775850,533341,1486.43659000,104579946.64290250,0
1773979200000,70729.93,70969.71,70160.06,70854.66,2609.94577,1773993599999,184334559.94337150,354126,1246.95441000,88100620.60914230,0
1773993600000,70854.66,71367.0,70218.68,70478.71,3112.13588,1774007999999,220272458.96802370,570471,1357.72578000,96143422.40213300,0
1774008000000,70478.71,70685.63,69480.0,69860.09,4715.91571,1774022399999,330065910.18119590,1345284,2079.91485000,145585532.92766730,0
1774022400000,69860.09,70190.18,69388.0,70177.86,3079.98123,1774036799999,215057270.84746790,1042090,1545.01020000,107895500.71527600,0
1774036800000,70177.85,70923.75,69754.71,70510.73,2180.15298,1774051199999,153612274.62085290,524659,1085.37028000,76476914.92969380,0
1774051200000,70510.73,70826.0,70431.67,70657.35,1194.32406,1774065599999,84344171.56468740,290231,587.18616000,41471802.78105770,0
1774065600000,70657.35,70879.76,70617.05,70727.33,2717.2463,1774079999999,192249048.59097710,265408,1418.04211000,100327516.28390700,0
1774080000000,70727.33,70753.79,70492.02,70652.72,2045.34328,1774094399999,144443626.42001700,202462,967.76075000,68345273.91919780,0
1774094400000,70652.73,71100.94,70453.09,70630.02,1644.14012,1774108799999,116387097.37594310,275796,769.14295000,54482217.86414870,0
1774108800000,70630.02,70652.64,70210.0,70396.0,1221.39503,1774123199999,86001896.55720430,206874,594.93039000,41884007.64035100,0
1774123200000,70396.01,70516.82,68571.42,68918.12,4574.71871,1774137599999,319268041.51759510,399315,2042.63077000,142645542.44549250,0
1774137600000,68918.12,69588.79,68228.5,69339.99,4148.48971,1774151999999,286023208.29712100,774466,2149.44470000,148227862.91486750,0
1774152000000,69340.0,69526.85,68892.93,68919.38,1759.92655,1774166399999,121824081.24553700,321261,859.53629000,59513363.79333730,0
1774166400000,68919.37,68990.67,68110.55,68217.95,2582.06971,1774180799999,177221143.16757770,498197,1145.65152000,78636602.66576150,0
1774180800000,68217.94,69005.71,68199.04,68847.96,1809.03421,1774195199999,124289500.17348790,477420,1048.85878000,72054535.68461520,0
1774195200000,68847.97,68885.53,68145.01,68199.93,1323.42339,1774209599999,90732472.05925320,322417,505.87895000,34691553.15536570,0
1774209600000,68199.93,68498.4,67360.66,67859.0,3220.84325,1774223999999,218836070.37672060,875391,1582.95309000,107576170.03788770,0
1774224000000,67859.0,68585.12,67445.18,68074.6,2495.61558,1774238399999,169735020.83515170,844992,1287.84749000,87593031.12326140,0
1774238400000,68074.6,68915.4,67502.48,68333.16,4814.40128,1774252799999,328900802.42128690,856478,2703.58319000,184725005.80151310,0
1774252800000,68333.16,71499.0,67916.14,70122.15,9165.95784,1774267199999,642361770.31967030,1507808,4666.39653000,326980186.69157720,0
1774267200000,70122.15,71817.09,69671.95,70131.48,7343.07463,1774281599999,520385074.13260680,1954971,3628.07906000,257076678.47421830,0
1774281600000,70131.48,71246.01,70131.47,70679.05,3251.32187,1774295999999,229876874.04528420,972666,1685.46135000,119205703.12670280,0
1774296000000,70679.04,70998.0,70404.39,70906.45,1264.71999,1774310399999,89495627.47769420,372815,669.60468000,47390170.23850890,0
1774310400000,70906.45,71099.96,70278.46,70542.9,2279.09671,1774324799999,160935631.61644320,557335,1035.74167000,73171685.77642150,0
1774324800000,70542.9,71400.0,70119.06,71291.7,3689.3445,1774339199999,260588642.62053700,525113,1706.61651000,120605044.25242740,0
1774339200000,71291.7,71368.61,70850.11,71157.77,2477.92852,1774353599999,176263461.56336100,504943,1229.52308000,87469644.61575220,0
1774353600000,71157.77,71177.66,69507.34,69873.04,5583.13531,1774367999999,391828567.50539760,1198866,2383.68738000,167248665.55117670,0
1774368000000,69873.04,70001.92,68923.07,69377.33,3539.49609,1774382399999,245607496.32027490,821218,1666.90671000,115681994.49707170,0
1774382400000,69377.33,70832.54,69296.15,70556.74,3133.42131,1774396799999,220137429.58395080,583853,1709.37508000,120077004.60206320,0
1774396800000,70556.74,71100.28,70408.0,70716.7,2504.53992,1774411199999,177106685.86802210,447131,1243.72770000,87984709.45726110,0
1774411200000,70716.7,71345.0,70703.83,70926.88,2879.13545,1774425599999,204637157.55857170,395651,1447.08044000,102854602.43675630,0
1774425600000,70926.88,72026.09,70800.0,71678.97,3287.51237,1774439999999,234941427.74130800,532173,1844.30504000,131871992.75673980,0
1774440000000,71678.97,71963.71,70530.47,70832.99,4210.48461,1774454399999,300372896.23765330,950573,1697.19635000,121149471.74904400,0
1774454400000,70832.99,71752.88,70681.07,70883.31,2995.16787,1774468799999,212947004.02455570,652538,1605.68126000,114166241.99851180,0
1774468800000,70883.32,71594.11,70646.34,71336.53,1842.66044,1774483199999,131012817.10932140,320836,981.78708000,69847964.49385330,0
1774483200000,71336.53,71436.82,70672.37,70921.47,2157.03878,1774497599999,153342543.96549640,366662,1103.38240000,78480893.46766100,0
1774497600000,70921.47,70921.47,69805.0,70087.44,3434.08444,1774511999999,241304017.81764390,490057,1655.22279000,116297556.71485000,0
1774512000000,70087.44,70144.44,69192.96,69276.01,3321.72857,1774526399999,231354961.65669320,582544,1605.42150000,111854324.41382170,0
1774526400000,69276.01,69877.45,68632.4,69082.64,4699.85538,1774540799999,325826726.63894860,953874,2222.77748000,154153331.23027100,0
1774540800000,69082.64,69162.0,68153.0,68534.36,4026.59411,1774555199999,276351472.57237350,664322,1872.99449000,128532064.55845970,0
1774555200000,68534.37,69478.42,68436.74,68820.31,3181.1564,1774569599999,219520011.68868350,540243,1656.59601000,114331831.20505620,0
1774569600000,68820.31,69179.05,68531.37,68767.51,2714.9612,1774583999999,186981164.47778990,371457,1444.01438000,99444924.08102770,0
1774584000000,68767.5,68955.53,68304.14,68540.48,3934.07819,1774598399999,270046016.29309330,439218,2043.27049000,140270702.86140350,0
1774598400000,68540.49,68635.07,66231.96,66702.78,7325.96218,1774612799999,492605332.79343490,966573,3498.85376000,235293903.96111240,0
1774612800000,66702.78,66773.25,65730.17,66112.82,8273.04177,1774627199999,548448846.06407780,1176382,4229.40066000,280477000.91065290,0
1774627200000,66112.82,66290.0,65548.25,66040.66,3963.05735,1774641599999,261119694.82790850,857518,2097.62812000,138223487.47673590,0
1774641600000,66040.65,66420.75,65817.44,66407.28,2392.59488,1774655999999,158117168.25360860,348158,1255.46112000,82970006.97474860,0
1774656000000,66407.28,66520.46,65932.09,66240.0,2309.42704,1774670399999,152929844.28085350,309702,1085.50266000,71886749.89978150,0
1774670400000,66240.0,66573.61,66110.0,66561.48,2351.82142,1774684799999,156090551.55980730,229211,1344.09198000,89221691.60819070,0
1774684800000,66561.49,66570.09,66124.4,66319.47,1871.98665,1774699199999,124251772.84739640,220015,711.31051000,47223307.75106960,0
1774699200000,66319.46,67288.94,66240.87,67014.91,2726.87142,1774713599999,182281813.33453710,446391,1551.41479000,103714060.97596630,0
1774713600000,67014.92,67096.77,66704.0,66916.52,1090.61096,1774727999999,72966661.81066150,245127,543.06971000,36335260.80089220,0
1774728000000,66916.52,67010.0,66283.38,66377.03,1111.68098,1774742399999,74155611.61380470,236922,517.65159000,34540341.18794850,0
1774742400000,66377.04,67130.5,66281.4,66912.0,1535.14396,1774756799999,102373233.38722430,314720,816.44774000,54453576.65678740,0
1774756800000,66912.0,66936.6,66556.78,66671.0,1351.87148,1774771199999,90195532.21760920,220311,650.72589000,43408988.46465230,0
1774771200000,66671.0,66988.01,66418.0,66816.28,1084.63055,1774785599999,72302750.01479260,267856,513.24010000,34222541.86124780,0
1774785600000,66816.29,66875.24,66334.37,66523.0,1436.58796,1774799999999,95664694.86311480,339563,739.38251000,49230476.74993110,0
1774800000000,66523.01,66665.05,66158.26,66348.62,994.8232,1774814399999,66075078.46321620,268623,431.67819000,28675766.96365830,0
1774814400000,66348.61,66793.83,65000.0,66010.93,3649.79869,1774828799999,240392228.66002990,735104,1617.95389000,106682746.65391000,0
1774828800000,66010.93,67450.0,65800.59,67173.8,3701.61439,1774843199999,247191671.10239270,952521,2078.61927000,138811035.61958000,0
1774843200000,67173.8,67800.0,67167.92,67624.39,2742.98319,1774857599999,185029306.63364590,526336,1424.10215000,96074170.37810040,0
1774857600000,67624.39,68042.3,67360.41,67680.45,3383.09323,1774871999999,229042979.27042440,472657,1527.85572000,103469831.42114850,0
1774872000000,67680.44,68169.65,67088.73,67629.4,4177.92296,1774886399999,282809083.78953370,884612,1947.78993000,131869652.50619130,0
1774886400000,67629.4,67641.65,66233.13,66550.05,2673.9969,1774900799999,178892997.52867250,676482,1229.30149000,82260679.53525250,0
1774900800000,66550.06,66994.17,66419.79,66797.37,1673.77908,1774915199999,111651652.56740600,390241,948.25037000,63262609.39110820,0
1774915200000,66797.38,68408.37,66544.51,67704.74,2940.06225,1774929599999,199018605.42606820,717942,1622.23679000,109780837.85493410,0
1774929600000,67704.74,67979.38,67103.32,67367.69,3894.57803,1774943999999,262832374.32551130,524636,1614.01901000,108958441.28159030,0
1774944000000,67367.7,67496.0,65998.05,66685.69,4187.99082,1774958399999,278989809.65239610,762502,1911.46729000,127278466.97798500,0
1774958400000,66685.69,67767.87,66427.53,66736.8,4137.18923,1774972799999,277390253.52240240,1124651,1853.43888000,124287941.14430650,0
1774972800000,66736.79,68589.49,66729.28,67838.8,4391.49464,1774987199999,297859870.25470390,1236596,2460.21954000,166865637.13630950,0
1774987200000,67838.79,68410.3,67831.7,68284.48,2554.09165,1775001599999,174077574.27379270,480493,1264.80111000,86207368.37163650,0
1775001600000,68284.49,68378.64,67578.75,68170.67,3175.60054,1775015999999,215748833.07333830,544854,1702.71590000,115690605.47864460,0
1775016000000,68170.67,69310.0,68005.33,68692.0,4308.24633,1775030399999,296094654.53604230,649239,2220.66933000,152643380.03508530,0
1775030400000,68692.0,68851.35,68389.21,68712.52,3486.85039,1775044799999,239136956.36277350,495293,1792.86663000,122980931.44386570,0
1775044800000,68712.52,68965.0,67918.83,68918.52,4091.84986,1775059199999,280144482.35404900,934133,2172.25496000,148764313.12796320,0
1775059200000,68918.52,69171.77,67939.28,68176.84,2610.209,1775073599999,178684853.58346170,719195,1190.30154000,81507311.75280870,0
1775073600000,68176.84,68534.0,67964.48,68113.92,1347.43378,1775087999999,91898447.16485950,399196,623.69008000,42539492.08854570,0
1775088000000,68113.92,68653.38,66500.0,66576.25,4290.09553,1775102399999,288995533.23493490,1029708,2118.09164000,142713190.74651310,0
1775102400000,66576.25,66961.26,66217.07,66930.79,2994.81146,1775116799999,199368653.96111480,490517,1680.46962000,111904635.26294130,0
1775116800000,66930.79,66930.79,66167.1,66220.28,2840.44212,1775131199999,188718889.20727090,438577,1339.06060000,88968409.38238350,0
1775131200000,66220.28,67104.86,65712.12,66852.91,4983.19383,1775145599999,330939751.86502130,1146893,2727.50659000,181156241.27433720,0
1775145600000,66852.91,67430.99,66596.8,66975.99,3741.79932,1775159999999,250617642.97210460,781208,1568.43814000,105081979.91501090,0
1775160000000,66976.0,67100.0,66731.08,66901.99,1353.1369,1775174399999,90582990.28661070,302230,657.08961000,43991007.29456450,0
1775174400000,66901.99,67000.0,66282.0,66579.97,2208.57089,1775188799999,147166004.53811270,429332,1003.23320000,66846217.20876730,0
1775188800000,66579.98,67247.38,66416.68,67042.08,2873.22499,1775203199999,191742837.43833990,433915,1239.24662000,82719501.51702570,0
1775203200000,67042.08,67288.0,66674.72,67017.44,1439.81595,1775217599999,96455388.48986320,322306,704.42911000,47195000.44243740,0
1775217600000,67017.43,67370.42,66508.1,66827.15,2358.77199,1775231999999,157678405.40869480,467732,1276.30309000,85316460.72370500,0
1775232000000,66827.15,67069.0,66751.86,66885.74,1215.72021,1775246399999,81320066.16634020,211546,582.27605000,38963264.17932100,0
1775246400000,66885.73,66970.18,66826.13,66964.3,1333.02728,1775260799999,89172904.93643730,158273,729.78181000,48818965.25146130,0
1775260800000,66964.29,66968.28,66814.0,66832.18,803.20366,1775275199999,53709777.14748720,183488,350.77918000,23454801.30876360,0
1775275200000,66832.18,67052.99,66775.91,67014.96,1728.28038,1775289599999,115679107.11675950,198939,860.84736000,57622352.73418370,0
1775289600000,67014.95,67232.72,66918.0,67156.93,1347.31961,1775303999999,90331916.33620090,213612,659.57559000,44223400.79944290,0
1775304000000,67156.93,67562.93,67029.07,67383.66,1507.29551,1775318399999,101342732.07975590,287603,825.76488000,55529634.12022920,0
1775318400000,67383.66,67543.6,67265.0,67288.42,858.41299,1775332799999,57838808.23485010,286417,395.05972000,26621791.53224720,0
1775332800000,67288.42,67504.54,67186.62,67300.42,1129.00398,1775347199999,76029676.50819060,186120,609.30259000,41037899.50103580,0
1775347200000,67300.42,67307.28,66955.72,67145.98,1216.87122,1775361599999,81717728.82372490,161820,524.83624000,35244903.49397150,0
1775361600000,67145.98,67188.51,66611.66,66820.64,1903.42714,1775375999999,127283913.46868470,235623,906.83537000,60631914.05958790,0
1775376000000,66820.64,67150.0,66819.42,66999.0,1062.42874,1775390399999,71166044.53496200,213582,472.53379000,31646653.86469270,0
1775390400000,66998.99,67856.16,66680.57,67306.64,2736.41551,1775404799999,183744679.57558680,439576,1299.13546000,87265374.13388920,0
1775404800000,67306.65,67560.45,67173.4,67361.01,965.55771,1775419199999,65024925.17145810,314175,419.80491000,28275377.12703840,0
1775419200000,67361.01,69136.2,67332.66,69034.18,3848.7672,1775433599999,262724685.74903380,741481,2168.41115000,148027249.45943250,0
1775433600000,69034.18,69588.0,68776.61,69123.69,4502.91561,1775447999999,311474454.35141230,902632,2288.61946000,158331508.97711230,0
1775448000000,69123.69,69354.26,68806.53,69115.91,2814.82721,1775462399999,194475051.68717290,485832,1416.84838000,97911194.37923220,0
1775462400000,69115.91,70283.32,69081.88,69614.91,3999.04132,1775476799999,278875174.86979940,698373,2143.47636000,149446909.48316580,0
1775476800000,69614.91,69973.25,69163.86,69968.87,3409.36539,1775491199999,237075585.45552970,1071099,1800.04312000,125201530.33536550,0
1775491200000,69968.87,70351.46,69282.02,69739.53,3175.25769,1775505599999,221640295.14868560,891801,1481.43072000,103457981.04952660,0
1775505600000,69739.52,69974.08,68300.0,68853.66,2380.20322,1775519999999,164479611.58356280,645786,1019.37453000,70448677.41399680,0
1775520000000,68853.66,69128.2,68273.34,68779.21,2422.31591,1775534399999,166478723.23305860,774360,1139.39026000,78307197.34660680,0
1775534400000,68779.2,68981.83,68443.0,68624.61,1823.63549,1775548799999,125215260.90811310,360308,906.57738000,62251025.17123620,0
1775548800000,68624.6,69247.9,68071.96,68345.75,2273.58534,1775563199999,156083719.14989470,602722,1201.17265000,82500368.04916830,0
1775563200000,68345.75,68633.87,67732.01,68168.1,4041.29436,1775577599999,275416609.55558980,877924,1989.86009000,135611413.44952840,0
1775577600000,68168.11,69098.44,68085.01,69011.29,3817.42066,1775591999999,261836481.41519180,763698,1931.18499000,132504788.24845740,0
1775592000000,69011.29,72761.0,69011.29,71924.22,9372.24485,1775606399999,664607061.58084890,1492694,5296.99734000,375555296.96604630,0
1775606400000,71924.22,72110.65,71240.99,71287.39,3370.06511,1775620799999,241296783.59892420,601242,1514.63909000,108459422.02719440,0
1775620800000,71287.39,71941.42,71287.38,71627.59,3297.9557,1775635199999,236396199.35573260,387928,1364.03917000,97769876.72249690,0
1775635200000,71627.59,71955.0,71407.77,71675.12,2214.64952,1775649599999,158684384.78234530,377758,1113.48766000,79789874.04079860,0
1775649600000,71675.12,72857.0,70707.23,71310.0,6816.03917,1775663999999,489044255.39543510,1291966,3692.68373000,265029615.30070050,0
1775664000000,71309.99,71963.94,71019.0,71318.48,2617.29334,1775678399999,187085759.92909740,780175,1142.98890000,81690774.25039720,0
1775678400000,71318.47,71748.0,70901.89,71069.93,1486.68343,1775692799999,105976804.99058920,404919,742.36334000,52926714.49724320,0
1775692800000,71069.93,71198.8,70466.0,70992.39,2645.29554,1775707199999,187560713.60706640,551958,1238.29858000,87822871.75535600,0
1775707200000,70992.37,71116.0,70689.38,70982.01,2261.38499,1775721599999,160484103.73110710,347295,1309.58856000,92948675.75976620,0
1775721600000,70982.01,71575.0,70865.42,71150.17,1825.96774,1775735999999,130115156.69525650,348930,1026.45095000,73146799.52155490,0
1775736000000,71150.17,72358.0,70522.77,72141.99,4001.11726,1775750399999,285752805.68212210,991804,2143.61354000,153171197.69325670,0
1775750400000,72142.0,72550.0,71729.66,72096.32,4013.80807,1775764799999,289696860.00248570,910776,2050.18625000,148002905.52040610,0
1775764800000,72096.33,73145.0,71585.25,71787.97,3410.84799,1775779199999,246714176.29129830,622262,1836.17983000,132897800.79282710,0
1775779200000,71787.98,72387.0,71573.35,71868.67,2706.87605,1775793599999,194790067.91722840,557690,1297.27001000,93350114.59846960,0
1775793600000,71868.67,72267.89,71428.0,71481.85,2293.26674,1775807999999,164865618.61969950,380706,910.66594000,65481047.13521970,0
1775808000000,71481.85,72261.93,71426.15,72127.59,1565.72366,1775822399999,112420183.10659550,354974,771.86154000,55440180.81470480,0
1775822400000,72127.59,73289.96,71899.51,72460.51,5093.36163,1775836799999,370037894.25166550,955471,2734.87643000,198755454.30727460,0
1775836800000,72460.52,73264.76,72387.41,73236.11,2498.15366,1775851199999,182195125.22314990,554837,1429.69498000,104269749.18664550,0
1775851200000,73236.11,73434.0,72700.6,72962.7,3215.25114,1775865599999,234886746.93732420,372630,1675.37951000,122409356.45908210,0
1775865600000,72962.71,73094.89,72670.0,72866.63,1637.40665,1775879999999,119356836.01564170,217255,795.17461000,57968866.69421380,0
1775880000000,72866.62,72954.28,72612.16,72745.38,1432.18692,1775894399999,104178022.86559570,179735,820.58313000,59687052.39745010,0
1775894400000,72745.38,72915.95,72617.75,72907.05,905.10314,1775908799999,65876132.22645970,148187,518.91820000,37767304.11698390,0
1775908800000,72907.05,72982.4,72513.09,72858.17,1133.77392,1775923199999,82470629.02328520,228241,521.55824000,37943768.77753470,0
1775923200000,72858.18,73790.0,72812.94,73687.15,2377.30473,1775937599999,174320698.80143430,418019,1297.90139000,95138352.45327530,0
1775937600000,73687.16,73689.97,72907.4,73043.16,1585.16838,1775951999999,116234794.77725360,280604,719.34048000,52763665.55358400,0
1775952000000,73043.16,73137.24,71310.0,71593.19,4092.12587,1775966399999,294609132.27140820,672057,1763.71003000,126897186.15173410,0
1775966400000,71593.18,71781.0,71417.22,71665.0,1969.72049,1775980799999,141095647.33438790,193926,928.60105000,66520415.86665140,0
1775980800000,71664.99,71805.85,71357.76,71468.55,1780.81611,1775995199999,127536937.07350570,161761,804.12245000,57589898.95562430,0
1775995200000,71468.54,71500.0,70604.07,70892.03,2361.32179,1776009599999,167667726.83361940,378976,994.47743000,70609538.19701930,0
1776009600000,70892.04,71222.58,70821.05,71084.18,991.98626,1776023999999,70464388.26346080,181390,592.69189000,42106683.37182120,0
1776024000000,71084.18,71452.0,70505.88,70740.98,2276.49749,1776038399999,161452060.04020910,480669,1242.71004000,88130165.26817060,0
1776038400000,70741.56,71271.78,70615.3,70976.0,1886.6472,1776052799999,134060690.08798200,388627,1077.13443000,76535314.87189540,0
1776052800000,70975.99,71144.0,70672.72,70813.88,2674.10149,1776067199999,189623214.30213450,297034,1485.52700000,105352401.43282210,0
1776067200000,70813.88,70997.12,70566.99,70929.68,1023.04479,1776081599999,72407437.08399020,263580,513.49151000,36347908.84827320,0
1776081600000,70929.68,72464.28,70758.5,71866.59,5445.44909,1776095999999,390027473.77911910,914922,2738.24059000,196128961.49551740,0
1776096000000,71866.59,73480.0,71679.8,73322.82,6766.75131,1776110399999,490711722.33207770,919355,3385.86963000,245687011.14365390,0
1776110400000,73322.0,74900.0,73007.08,74417.99,6434.22237,1776124799999,476539780.59886240,890021,3439.53589000,254732176.05901660,0
1776124800000,74418.0,74579.32,73954.86,74444.43,3586.04231,1776139199999,266464778.74472620,449320,1518.38055000,112851425.72010340,0
1776139200000,74444.44,74924.64,74150.6,74546.0,3393.84035,1776153599999,252752729.36363010,402197,1599.62874000,119124176.40822840,0
1776153600000,74545.99,74910.0,74307.35,74376.52,2697.70497,1776167999999,201137375.27227880,400168,1306.95783000,97457104.04793700,0
1776168000000,74376.52,76038.0,74277.19,75317.07,9779.47075,1776182399999,735820628.11034650,1334906,5676.09776000,427177541.67875640,0
1776182400000,75317.06,75688.0,73795.47,74223.18,4920.10933,1776196799999,366726254.82058570,954188,2308.25515000,172003183.22052700,0
1776196800000,74223.3,74434.33,73806.09,74131.55,2155.77685,1776211199999,159827223.29565260,492669,904.56953000,67081009.92343710,0
1776211200000,74131.55,74786.72,74126.32,74345.97,2142.74367,1776225599999,159569243.11227800,419388,1092.61203000,81357265.41632890,0
1776225600000,74345.98,74434.51,73514.0,73730.43,3073.4123,1776239999999,227312740.56205270,412127,1316.75620000,97362321.97591330,0
1776240000000,73730.43,74256.44,73675.96,74201.78,1889.67298,1776254399999,139859664.38430350,392889,1006.98607000,74533100.22082490,0
1776254400000,74201.78,74506.84,73580.85,73844.08,2744.86135,1776268799999,203453220.03847010,786767,1329.29467000,98557452.63165080,0
1776268800000,73844.07,75281.0,73762.89,75002.6,2728.37363,1776283199999,203066774.81131090,688167,1357.64305000,101102655.66126740,0
1776283200000,75002.6,75425.0,74512.06,74809.99,1845.97774,1776297599999,138186969.62860670,488454,910.72779000,68199469.26518050,0
1776297600000,74809.99,75267.85,74451.49,74888.21,1937.97594,1776311999999,145044520.51265450,493297,941.09550000,70444359.77616050,0
1776312000000,74888.21,75174.38,74636.0,74707.03,2185.42777,1776326399999,163816151.96093350,380814,1039.97216000,77955602.72512570,0
1776326400000,74707.02,74901.5,74277.34,74574.79,2687.27336,1776340799999,200275229.23073760,397201,1595.25030000,118891108.53431180,0
1776340800000,74574.8,75030.39,73309.85,74697.19,5210.02393,1776355199999,386606862.55314740,995409,2408.42650000,178792918.92333500,0
1776355200000,74697.2,75410.71,73912.23,75342.99,3497.56,1776369599999,261186146.77740690,893006,1768.24567000,132097950.95555010,0
1776369600000,75343.0,75534.76,74789.5,75154.29,1570.42677,1776383999999,117965212.71473150,422163,848.70781000,63768346.33373590,0
1776384000000,75154.28,75154.77,74529.4,74615.82,2160.86835,1776398399999,161648978.78470550,291079,968.84942000,72483858.31347360,0
1776398400000,74615.82,75089.51,74555.12,75074.77,1339.49148,1776412799999,100263083.81719610,293749,669.67806000,50127919.49673910,0
1776412800000,75074.76,76370.25,74993.24,75589.7,4979.26567,1776427199999,376496117.10876520,785388,2838.05296000,214617095.08587030,0
1776427200000,75589.7,78052.49,75531.97,77785.02,11844.17586,1776441599999,913540763.42196410,2111036,7111.99985000,548684304.84396230,0
1776441600000,77785.03,78333.0,77000.0,77393.58,3865.48754,1776455999999,299979874.99331080,1052553,2068.81645000,160524366.72527720,0
1776456000000,77393.58,77611.68,76911.0,77072.0,1752.07804,1776470399999,135414390.71472830,397362,778.08056000,60149816.53921700,0
1776470400000,77072.01,77420.08,76962.67,77005.47,1127.42699,1776484799999,87033978.83928850,281988,596.82212000,46080988.43954400,0
1776484800000,77005.47,77278.58,76884.1,76997.8,1126.90915,1776499199999,86860094.19237080,203982,521.13503000,40174614.81166800,0
1776499200000,76997.79,77048.0,75763.76,76039.05,2670.18059,1776513599999,203914682.36038350,506182,1126.71571000,86019314.50638060,0
1776513600000,76039.06,76363.75,75797.53,76167.34,1672.54902,1776527999999,127375724.51744030,386477,872.74502000,66478375.33096390,0
1776528000000,76167.33,76211.57,75445.16,75649.85,1564.20833,1776542399999,118557712.10679900,371618,692.49707000,52483554.30522820,0
1776542400000,75649.86,75891.64,75599.64,75691.76,980.57048,1776556799999,74266375.91772520,190865,523.86867000,39681265.15818160,0
1776556800000,75691.76,75847.42,75357.0,75515.77,1006.37687,1776571199999,76088047.60732390,248420,413.80948000,31285821.66854170,0
1776571200000,75515.76,75782.63,74867.72,75252.34,1626.173,1776585599999,122490074.63876680,309957,792.06864000,59678105.35067220,0
1776585600000,75252.33,75641.99,74921.74,75604.11,1388.70023,1776599999999,104456315.69060510,303690,808.66808000,60834848.49442720,0
1776600000000,75604.11,76240.66,75401.44,75846.63,2918.88485,1776614399999,221358396.05196650,585796,1524.12239000,115590865.36963370,0
1776614400000,75846.63,75853.26,74608.0,74965.47,2037.3962,1776628799999,152946595.37486270,629800,908.09562000,68156662.72437410,0
1776628800000,74965.46,74965.47,73762.9,73801.79,2392.29117,1776643199999,177575941.07726650,662088,1011.85454000,75108183.44498350,0
1776643200000,73801.8,74746.93,73724.31,74634.0,2498.4367,1776657599999,185788933.28297290,410708,1271.62557000,94566167.04409800,0
1776657600000,74634.01,75572.0,74095.18,74837.17,2480.55303,1776671999999,185383548.53514780,493909,1359.78561000,101645184.72403520,0
1776672000000,74837.18,75404.63,74619.41,75192.71,1646.53372,1776686399999,123510536.04558230,446766,934.25792000,70078310.20073930,0
1776686400000,75192.72,75772.72,74702.0,75716.77,3717.10765,1776700799999,279843898.44271950,1123802,1885.98844000,142052430.15131890,0
1776700800000,75716.78,76486.67,75289.92,76296.96,4186.21296,1776715199999,318328819.93982380,710688,2191.83180000,166691078.30233140,0
1776715200000,76296.97,76558.62,75617.6,75840.97,2464.56628,1776729599999,187648178.12482880,377718,1169.21175000,89036005.54319610,0
1776729600000,75840.97,76263.4,75474.77,75710.3,1612.43915,1776743999999,122291902.73325620,388276,857.40581000,65045614.63908180,0
1776744000000,75710.31,76300.0,75600.0,76084.34,2226.77918,1776758399999,169263835.48129540,328799,1267.69669000,96385894.95837280,0
1776758400000,76084.34,76927.57,76063.98,76452.94,2659.19547,1776772799999,203376219.19578890,489087,1392.98096000,106543944.07353790,0
1776772800000,76452.94,76595.3,75430.62,75834.65,3598.9457,1776787199999,273375796.75745770,976779,1668.76076000,126772046.62271320,0
1776787200000,75834.66,76190.72,74821.57,75023.43,2902.15339,1776801599999,219124196.08474640,947226,1432.87620000,108221061.34870980,0
1776801600000,75023.43,76425.37,74967.58,76336.15,1913.05843,1776815999999,144686322.30576650,486046,1053.24246000,79691093.27143930,0
1776816000000,76336.14,77733.11,76132.95,77521.48,3427.92326,1776830399999,264048583.14853200,718372,2048.98050000,157809428.51029330,0
1776830400000,77521.47,78452.18,77364.25,78012.79,4391.05885,1776844799999,342414280.12642610,619439,2219.12598000,173067894.28217730,0
1776844800000,78012.78,78399.0,77941.59,78300.0,2316.44812,1776859199999,180943959.31967700,397191,1228.30969000,95948553.72187630,0
1776859200000,78300.0,79400.0,78114.04,79272.9,5465.82641,1776873599999,430572925.02839970,1076339,3162.50997000,249136339.21001020,0
1776873600000,79272.91,79472.82,78632.37,78846.62,2393.5344,1776887999999,188975040.56427110,606114,1143.22075000,90276999.37150760,0
1776888000000,78846.62,78915.84,78155.83,78178.23,1742.72121,1776902399999,136777297.35902790,339622,573.97745000,45073951.97450230,0
1776902400000,78178.22,78574.44,77453.43,77746.46,3482.97564,1776916799999,271870892.98019510,704515,1595.75493000,124651853.83140050,0
1776916800000,77746.47,78339.35,77675.8,78048.62,1711.42731,1776931199999,133531521.08754780,367546,853.89687000,66619248.18030040,0
1776931200000,78048.61,78175.52,77174.01,77704.62,3562.23716,1776945599999,276391715.50790630,489182,1651.09510000,128053348.65407190,0
1776945600000,77704.61,78662.5,77379.92,78376.76,3163.89025,1776959999999,246605347.40417470,791680,1564.31217000,121942667.35924070,0
1776960000000,78376.77,78509.82,76960.0,77727.26,3947.74807,1776974399999,306941247.43027520,937534,1584.07508000,123130153.45722070,0
1776974400000,77727.25,78331.0,77637.5,78257.48,1102.51658,1776988799999,86008973.94414700,281339,511.62157000,39924862.82557530,0
1776988800000,78257.48,78581.93,77555.0,77737.85,2050.74535,1777003199999,160231082.61711680,401198,1048.65863000,81992991.77747090,0
1777003200000,77737.84,78057.65,77457.0,77644.6,2006.47598,1777017599999,155931979.60745180,310156,954.54806000,74198634.15680240,0
1777017600000,77644.59,78372.58,77402.01,78240.26,2919.1254,1777031999999,227238082.57552030,460974,1575.57543000,122655616.54593470,0
1777032000000,78240.27,78479.37,77577.22,78038.62,2850.11432,1777046399999,222458983.35921870,741520,1218.43659000,95101216.04339960,0
1777046400000,78038.63,78060.29,77363.63,77628.85,1634.32254,1777060799999,126923663.19824980,454034,729.56435000,56663031.61242110,0
1777060800000,77628.84,77757.14,77264.08,77437.13,1214.35956,1777075199999,94148773.24263910,214091,621.28087000,48167167.21728230,0
1777075200000,77437.13,77711.87,77309.92,77679.07,943.00804,1777089599999,73078937.55888300,148443,507.88117000,39360337.77944530,0
1777089600000,77679.08,77691.23,77450.0,77501.19,894.01774,1777103999999,69335830.54813780,112968,457.67364000,35493050.17455730,0
1777104000000,77501.19,77885.35,77491.36,77682.3,753.19705,1777118399999,58535274.14839990,119345,472.94614000,36756561.32073170,0
1777118400000,77682.29,77752.54,77299.89,77330.26,1006.59668,1777132799999,78075468.19572300,147328,413.25574000,32063642.71094270,0
1777132800000,77330.25,77454.31,77140.23,77330.01,1247.67486,1777147199999,96479134.79319940,165846,609.95922000,47167602.48428360,0
1777147200000,77330.0,77650.0,77311.05,77625.0,840.61983,1777161599999,65179359.10081040,112612,538.13764000,41726546.34990870,0
1777161600000,77625.0,77642.43,77326.51,77400.21,671.17692,1777175999999,52026700.96226330,113031,267.22928000,20711747.45936400,0
1777176000000,77400.21,78200.0,77383.46,78102.53,1405.76785,1777190399999,109590620.36644870,235298,777.95521000,60640408.45238160,0
1777190400000,78102.53,78210.0,77926.59,78101.44,721.69853,1777204799999,56328153.45619100,139117,385.22729000,30067656.44081640,0
1777204800000,78101.43,78173.15,77770.0,78049.0,1130.54235,1777219199999,88163851.00470440,190222,532.76728000,41560240.33165220,0
1777219200000,78049.0,78500.0,77850.0,78221.16,1505.06004,1777233599999,117581165.32577890,236532,646.71480000,50552304.11493970,0
1777233600000,78221.17,78961.0,77843.75,78657.55,2529.31593,1777247999999,198301482.36941370,562771,1371.97180000,107617237.80801220,0
1777248000000,78657.55,79485.66,78400.03,79105.49,3042.99628,1777262399999,240529569.82998300,627419,1707.32283000,134941231.80287870,0
1777262400000,79105.5,79160.0,77465.05,77606.6,3608.39615,1777276799999,281566071.31078240,563977,1591.11554000,124146164.30373230,0
1777276800000,77606.59,77980.0,77553.23,77844.26,1607.93582,1777291199999,125083156.72562220,224612,839.19666000,65282866.96168540,0
1777291200000,77844.25,78265.34,76564.33,76793.09,3804.78309,1777305599999,294619821.80051630,804957,1642.94110000,127252439.99155000,0
1777305600000,76793.1,76990.43,76459.64,76878.07,2644.9239,1777319999999,202958318.45634560,514967,1237.37547000,94973043.50894290,0
1777320000000,76878.23,77450.0,76763.71,77371.32,1337.88894,1777334399999,103076611.96094280,246957,694.58059000,53526676.02398410,0
1777334400000,77371.32,77478.0,76672.0,76815.18,1448.26407,1777348799999,111629911.59683190,332197,606.73542000,46768174.34828790,0
1777348800000,76815.18,77154.0,76424.9,76879.28,2882.71195,1777363199999,221430324.21151580,382433,1523.71605000,117069535.37880220,0
1777363200000,76879.28,77013.63,76130.1,76229.0,2842.73206,1777377599999,217812362.87391350,386699,1402.41915000,107478641.97744990,0
1777377600000,76228.99,76421.94,75666.6,76066.38,3776.77215,1777391999999,287255204.88163820,711775,1824.31490000,138795585.70842310,0
1777392000000,76066.37,76380.83,75881.28,76330.97,1381.80454,1777406399999,105203755.61460940,340246,672.20978000,51182069.23152580,0
1777406400000,76330.97,76481.3,76197.02,76342.77,878.43906,1777420799999,67081114.37651240,199096,489.55939000,37387409.55446290,0
1777420800000,76342.78,77127.62,76187.75,76994.78,1891.92924,1777435199999,144873826.96277420,344243,1097.01508000,84017620.34912240,0
1777435200000,76994.77,77455.71,76880.0,77053.64,2974.5751,1777449599999,229410251.90438960,348103,1648.32841000,127113395.50939700,0
1777449600000,77053.65,77904.93,76972.32,77590.03,2697.20554,1777463999999,208968866.54006400,419003,1497.61734000,116015938.12064030,0
1777464000000,77590.04,77596.39,75705.32,75924.25,5263.52444,1777478399999,404163485.04778350,884825,2610.96270000,200338355.99754920,0
1777478400000,75924.24,76274.8,74937.52,75563.86,3962.49362,1777492799999,299373776.72823400,690524,1991.14291000,150507190.45097490,0
1777492800000,75563.87,76088.9,75497.43,75780.0,1490.20228,1777507199999,112945651.16228280,346192,834.95468000,63287241.09107790,0
1777507200000,75780.0,76473.26,75494.7,75928.1,1613.44526,1777521599999,122633694.63004900,502145,854.39444000,64978024.92096670,0
1777521600000,75928.09,76179.91,75323.65,76161.67,1807.58096,1777535999999,136866891.62574080,413963,1041.36346000,78851007.94402950,0
1777536000000,76161.67,76339.38,75876.29,76059.43,1712.03014,1777550399999,130255424.05464520,320857,975.08343000,74190340.13308130,0
1777550400000,76059.42,76669.14,76042.75,76473.6,3506.19966,1777564799999,267759179.97779800,757085,1852.18209000,141455548.36439270,0
1777564800000,76473.6,76514.8,76111.0,76412.8,930.96663,1777579199999,71072093.06944690,357750,479.50596000,36606043.35329280,0
1777579200000,76412.8,76568.9,76206.02,76346.57,811.59342,1777593599999,61997308.33147410,217680,382.66186000,29230418.48606940,0
1777593600000,76346.58,77453.74,76320.42,77131.08,2250.38749,1777607999999,172960115.04272430,332552,1110.62270000,85326588.39891440,0
1777608000000,77131.08,77206.38,76653.6,77130.54,2352.39487,1777622399999,181246373.43877580,283432,911.22072000,70223069.80229350,0
1777622400000,77130.54,77600.0,77048.0,77463.98,1968.27324,1777636799999,152212519.58321600,259648,1145.03400000,88540213.06558710,0
1777636800000,77463.98,78914.12,77408.73,78445.89,6731.19551,1777651199999,527305467.46643760,805606,3343.22274000,261832804.12755650,0
1777651200000,78445.88,78683.23,78131.02,78360.0,2194.42574,1777665599999,172026718.12860920,435455,1105.07952000,86624900.87584010,0
1777665600000,78360.01,78422.81,77752.0,78231.13,1818.78817,1777679999999,142086642.25980130,271765,707.80044000,55302001.53815590,0
1777680000000,78231.13,78514.82,78166.48,78400.0,1196.13639,1777694399999,93718172.85236430,193990,583.82095000,45741829.81125020,0
1777694400000,78399.99,78448.99,78040.0,78220.0,1475.03871,1777708799999,115371450.50957990,141494,722.07123000,56485091.13971810,0
1777708800000,78220.0,78394.0,78094.43,78143.08,868.1323,1777723199999,67933926.49833650,100439,477.78644000,37391028.66692780,0
1777723200000,78143.09,78487.68,78108.41,78487.67,726.08154,1777737599999,56872977.98448110,136958,488.16306000,38235836.14109610,0
1777737600000,78487.67,78596.61,78310.54,78486.0,708.03792,1777751999999,55550536.21363470,142507,351.15911000,27550837.37258290,0
1777752000000,78486.23,79199.48,78418.32,78686.85,1177.44956,1777766399999,92791325.39101330,220755,674.03879000,53129868.54239090,0
1777766400000,78686.84,78754.55,78108.75,78203.08,1047.76325,1777780799999,82053926.05437180,208865,391.14324000,30630793.95293370,0
1777780800000,78203.07,78483.67,78084.08,78363.25,794.16967,1777795199999,62159747.26219490,131027,408.70730000,32007979.75460030,0
1777795200000,78363.24,78849.22,78354.53,78656.01,948.77514,1777809599999,74518710.79692800,151044,645.13713000,50669901.33824710,0
1777809600000,78656.01,78878.77,78586.99,78668.36,1137.8563,1777823999999,89575916.35366870,197990,447.34135000,35221697.94591610,0
1777824000000,78668.36,78853.32,78558.65,78760.32,916.2637,1777838399999,72097288.59443810,168347,307.95585000,24239754.35818340,0
1777838400000,78760.32,79447.0,78484.42,78568.57,2580.96484,1777852799999,203888741.39002710,495201,1264.62925000,99913164.81949440,0
1777852800000,78568.58,80458.0,78288.88,80316.31,5091.61332,1777867199999,405849652.36137490,798129,2943.71892000,234688623.77529980,0
1777867200000,80316.3,80635.51,79500.0,79696.75,3632.41236,1777881599999,290970799.40581890,446188,1632.40883000,130809915.97150140,0
1777881600000,79696.75,79930.0,78202.0,78793.67,5989.03806,1777895999999,472495368.85239550,655591,3221.55035000,254082008.87206070,0
1777896000000,78793.67,80545.17,78500.0,80028.85,5918.14009,1777910399999,471086959.50407470,926658,3083.54402000,245430653.26265710,0
1777910400000,80028.85,80776.99,79619.33,80053.31,3742.49503,1777924799999,300180394.67987540,648707,1749.19733000,140308261.60792900,0
1777924800000,80053.31,80397.19,79744.91,79861.01,1669.26249,1777939199999,133591675.70789970,259331,721.22603000,57735398.38880720,0
1777939200000,79861.01,81083.98,79808.72,80893.08,2402.14099,1777953599999,193362338.35932880,378068,1377.94875000,110941834.42663170,0
1777953600000,80893.08,81323.52,80725.0,80855.59,2974.59341,1777967999999,240873499.23301560,376455,1302.84689000,105505707.58391970,0
1777968000000,80855.59,81095.48,80527.76,81014.05,2484.57226,1777982399999,200675636.29487360,255333,1195.29674000,96550560.66335790,0
1777982400000,81014.05,81712.32,80932.54,81525.19,4561.19169,1777996799999,371228843.00066740,703156,2538.94944000,206688342.56004060,0
1777996800000,81525.19,81680.0,81050.04,81606.35,1780.45876,1778011199999,144912031.90009560,348055,829.18231000,67520109.41127130,0
1778011200000,81606.35,81791.48,80790.0,80905.52,2744.22284,1778025599999,223266680.44295510,429863,1383.92564000,112643234.26123300,0
1778025600000,80905.53,81760.84,80731.14,81581.69,3011.74344,1778039999999,244741070.83699290,402234,1982.54356000,161079722.78355390,0
1778040000000,81581.7,81649.99,81060.0,81359.82,2300.70653,1778054399999,187249650.61601060,335929,1054.34537000,85813557.73566220,0
1778054400000,81359.82,82850.0,81328.68,82522.89,5188.93186,1778068799999,426154900.13281150,583617,2884.51536000,236956793.18099790,0
1778068800000,82522.88,82539.33,81136.0,81704.25,4508.6602,1778083199999,368798606.29688130,793007,2065.64028000,168977454.37316210,0
1778083200000,81704.25,81907.51,81200.0,81464.87,2369.91746,1778097599999,193245510.04107190,393608,1335.01870000,108896902.97737670,0
1778097600000,81464.86,81700.0,81000.0,81447.01,1418.81447,1778111999999,115460886.83748010,286312,654.62478000,53284643.17946070,0
1778112000000,81447.01,81490.03,80830.23,80834.91,2068.1731,1778126399999,167618852.38283720,392967,957.64530000,77631540.67154350,0
1778126400000,80834.92,81708.32,80725.09,81518.58,2038.83969,1778140799999,165615423.34983900,310508,1147.15803000,93198785.30694900,0
1778140800000,81518.57,81590.0,80572.4,80866.65,2364.09693,1778155199999,191593255.96505180,327251,1121.55505000,90862445.39737100,0
1778155200000,80866.65,81180.0,79699.52,79890.63,4826.66306,1778169599999,387835749.73350320,699919,2134.32969000,171569084.91196710,0
1778169600000,79890.0,80269.06,79500.0,80146.11,3315.14425,1778183999999,264879682.89320340,529240,1511.33069000,120764444.75395970,0
1778184000000,80146.77,80371.23,79582.95,80006.0,1541.88635,1778198399999,123223417.77789930,280444,753.13003000,60192457.70554050,0
1778198400000,80006.0,80142.84,79181.48,79578.85,3093.73664,1778212799999,246521433.78207030,345140,1559.09789000,124296260.29787250,0
1778212800000,79578.84,79778.95,79248.58,79682.4,2410.56518,1778227199999,191729371.91178390,297876,1173.28925000,93327438.53920920,0
1778227200000,79682.4,80340.94,79666.05,80231.22,2348.19703,1778241599999,187887211.44594570,289634,1345.66317000,107664255.56504040,0
1778241600000,80231.22,80500.0,79549.54,80142.14,3741.40163,1778255999999,299281685.95961430,697304,1965.10804000,157209109.24314120,0
1778256000000,80142.13,80299.99,79738.75,80179.94,3047.90033,1778270399999,244074210.67311800,440133,1660.18590000,132948738.28738130,0
1778270400000,80180.0,80409.09,80089.76,80193.17,1359.50928,1778284799999,109072131.64472960,195285,625.04229000,50154234.25981940,0
1778284800000,80193.18,80550.67,80129.85,80383.95,1093.10948,1778299199999,87838021.13107570,169580,617.95306000,49657943.13636480,0
1778299200000,80383.96,80666.66,80135.0,80228.89,1481.48785,1778313599999,119043207.92247850,178507,752.85493000,60505176.82168320,0
1778313600000,80228.88,80452.44,80166.26,80345.46,1009.73824,1778327999999,81097106.50080450,117110,564.15579000,45310142.23504000,0
1778328000000,80345.47,80600.0,80234.0,80527.92,1439.92073,1778342399999,115729842.96101170,166073,903.30046000,72601462.34495930,0
1778342400000,80527.92,81080.0,80487.4,80938.53,1533.85565,1778356799999,123906317.93952900,227656,818.09719000,66087574.21810400,0
1778356800000,80938.53,80938.53,80621.88,80678.4,990.30982,1778371199999,79981729.53152070,143447,376.36423000,30392241.56935390,0
1778371200000,80678.41,80887.15,80572.77,80775.0,1332.26793,1778385599999,107502912.26538460,154990,689.25227000,55619881.18025080,0
1778385600000,80774.99,80840.0,80658.97,80736.03,1238.41638,1778399999999,100011257.10202950,137194,640.10691000,51696171.60784210,0
1778400000000,80736.03,80975.4,80691.0,80821.21,1108.70905,1778414399999,89613061.19343900,151511,581.73234000,47023177.29351630,0
1778414400000,80821.21,81442.81,80784.2,81418.01,1642.67937,1778428799999,133127974.36512670,249005,887.72758000,71959813.67975760,0
1778428800000,81418.01,81583.11,81148.0,81437.83,1798.22732,1778443199999,146333824.87734510,284670,965.68496000,78590912.86064100,0
1778443200000,81437.83,82479.32,80279.77,82210.07,4914.01877,1778457599999,400634684.46014960,824238,2631.39254000,214615234.89312870,0
1778457600000,82210.07,82380.0,80525.0,80736.01,3139.85094,1778471999999,255479585.05223540,614787,1459.52259000,118827670.90972380,0
1778472000000,80736.0,81049.51,80639.99,80740.4,1595.10256,1778486399999,128881022.58659590,244189,641.60116000,51843752.67642690,0
1778486400000,80740.4,81200.0,80621.87,81196.94,1639.3936,1778500799999,132720347.19478080,271633,819.00871000,66304472.89073490,0
1778500800000,81196.95,81458.0,80462.97,81445.9,2668.23418,1778515199999,216243652.72897040,650159,1283.73054000,104070108.54717010,0
1778515200000,81445.89,82137.26,81344.72,81961.99,2673.46567,1778529599999,218772682.03585540,529808,1389.84255000,113744701.07470400,0
1778529600000,81961.99,82078.91,81596.31,81745.65,1235.71361,1778543999999,101096381.27731770,265820,538.66794000,44070213.39764400,0
1778544000000,81745.66,81788.0,80714.28,81058.8,1860.32116,1778558399999,151124237.95031380,388045,821.96024000,66781251.97268080,0
1778558400000,81058.79,81305.24,80800.77,80865.4,1779.90239,1778572799999,144381281.57398650,268668,828.58951000,67211412.65440770,0
1778572800000,80865.4,80964.13,80496.57,80784.87,1973.06446,1778587199999,159362666.50829100,294919,1083.89334000,87559251.70586440,0
1778587200000,80784.86,80999.0,80188.65,80336.01,3205.73752,1778601599999,258409868.46615380,710778,1463.66427000,118031466.36048910,0
1778601600000,80336.01,80874.42,79843.59,80834.64,2673.67675,1778615999999,214814079.40157980,453833,1094.44510000,87970748.33188650,0
1778616000000,80835.3,80896.25,80439.91,80504.47,893.55448,1778630399999,72088033.54035210,228894,423.65139000,34185709.06147230,0
1778630400000,80504.47,81299.99,80412.15,81249.99,1575.91837,1778644799999,127656230.67283540,334232,866.70498000,70208217.63345080,0
1778644800000,81249.99,81281.07,80889.12,81026.92,1495.76347,1778659199999,121245223.76307260,198694,632.58259000,51283437.53274870,0
1778659200000,81026.92,81324.64,80494.98,80501.22,1841.28298,1778673599999,149042536.93356840,306180,882.99920000,71483330.20162460,0
1778673600000,80501.22,80592.65,78807.22,78827.21,5073.46241,1778687999999,404393745.27611370,803873,2235.42639000,178289094.75750590,0
1778688000000,78827.21,79800.0,78754.65,79642.41,3344.60077,1778702399999,265102268.06999800,455154,1723.29111000,136673171.00921560,0
1778702400000,79642.41,79760.0,79228.0,79313.61,1479.02843,1778716799999,117489838.15323550,252437,820.63755000,65192745.69964940,0
1778716800000,79313.61,79681.73,78922.0,79044.85,2209.55472,1778731199999,175540098.78128820,397326,1125.10393000,89408121.43264150,0
1778731200000,79044.86,79998.0,78982.06,79745.98,2068.97946,1778745599999,164790849.72912720,308952,1108.34966000,88264223.88646520,0
1778745600000,79745.99,79936.98,79234.0,79258.27,1846.46215,1778759999999,147094020.37609480,288904,897.03364000,71472284.70516700,0
1778760000000,79258.27,81332.23,79230.31,81301.23,5702.09728,1778774399999,459033748.06255070,868440,3267.24661000,263050740.68933150,0
1778774400000,81301.22,82048.13,81080.25,81419.74,6279.93607,1778788799999,512349082.85612970,947517,3691.95403000,301268383.93206640,0
1778788800000,81419.75,81590.19,81059.93,81089.99,1620.83839,1778803199999,131848675.21360640,289907,660.51988000,53741705.18902270,0
1778803200000,81090.0,81664.45,80750.0,81059.15,2453.72559,1778817599999,199331253.27596490,573517,1280.95210000,104075210.66587150,0
1778817600000,81059.15,81100.0,80314.0,80814.88,3091.1014,1778831999999,249281204.18383940,465782,1534.67227000,123769445.49369270,0
1778832000000,80814.88,80822.95,80369.0,80628.53,1706.25967,1778846399999,137498908.84775790,332890,878.18127000,70772521.32719850,0
1778846400000,80628.52,80635.44,78659.0,79150.27,6208.56941,1778860799999,492850761.66704660,1113399,2889.06704000,229453769.34074110,0
1778860800000,79150.26,79561.94,79051.0,79146.5,1959.36078,1778875199999,155332090.46241860,471899,773.95584000,61355935.28806830,0
1778875200000,79146.5,79217.07,78911.42,79113.21,1932.25394,1778889599999,152858455.93184080,226627,976.34993000,77239151.80042380,0
1778889600000,79113.2,79227.77,79010.0,79083.18,1248.1828,1778903999999,98782149.87817340,172892,609.33799000,48224483.15919160,0
1778904000000,79083.19,79129.71,78066.0,78369.77,2404.82958,1778918399999,189004677.98538790,368303,1038.85332000,81649224.54380250,0
1778918400000,78369.78,78530.52,77640.0,78081.71,3846.10003,1778932799999,300108345.86338950,465246,1504.73156000,117457162.63964100,0
1778932800000,78080.46,78346.0,77833.4,78238.67,2684.35726,1778947199999,209458549.66761240,277288,1605.60019000,125277808.00634400,0
1778947200000,78238.68,78364.65,78119.72,78259.66,1260.04581,1778961599999,98598246.61899460,183025,663.22865000,51904118.18192610,0
1778961600000,78259.67,78318.94,78125.32,78148.05,689.34644,1778975999999,53938686.64529320,130907,354.55967000,27745392.90444290,0
1778976000000,78148.05,78243.19,77721.19,78028.88,1284.92928,1778990399999,100153382.38109490,259487,538.38768000,41961231.34950720,0
1778990400000,78028.88,78323.96,78003.35,78180.01,952.09545,1779004799999,74402882.80456990,139896,504.21659000,39404400.83217930,0
1779004800000,78180.0,78599.99,78033.01,78415.99,1136.18338,1779019199999,89016794.93000750,208939,595.80761000,46681533.72230810,0
1779019200000,78415.99,78550.0,77850.0,78051.41,1115.91599,1779033599999,87238754.97562370,241451,428.08159000,33469290.96487610,0
1779033600000,78051.42,78468.46,77856.69,78415.3,837.07576,1779047999999,65398691.53956840,212443,451.50486000,35279078.19769530,0
1779048000000,78415.29,78485.36,76735.16,77457.67,3116.50234,1779062399999,241850975.01398760,508217,1379.86937000,107063351.84215500,0
1779062400000,77457.67,77477.99,76707.61,76924.65,2888.01155,1779076799999,222451363.25259880,682471,1459.39597000,112403145.01865090,0
1779076800000,76924.66,77089.29,76583.33,77073.69,2702.66726,1779091199999,207940327.32724540,378018,1334.25748000,102654732.52709100,0
1779091200000,77073.69,77403.48,76668.58,77285.83,2052.55387,1779105599999,158009262.43991410,347335,1002.22672000,77167967.94991290,0
1779105600000,77285.83,77800.0,76051.0,76409.46,6216.09738,1779119999999,476782195.48523420,1093285,2702.88431000,207389463.18862080,0
1779120000000,76409.46,76995.0,76144.24,76928.0,3295.85681,1779134399999,252179256.01420050,719150,1642.79671000,125690397.29718010,0
1779134400000,76928.0,77222.79,76800.0,77001.87,1590.32991,1779148799999,122499627.37277820,309069,774.89672000,59693282.34386050,0
1779148800000,77001.88,77414.62,76487.83,76787.11,2006.76014,1779163199999,154312071.72062430,409793,958.30837000,73715324.80635000,0
1779163200000,76787.1,77278.57,76644.98,77233.69,1508.45954,1779177599999,116135166.59860940,312349,720.91714000,55512622.06052890,0
1779177600000,77233.68,77317.02,76633.83,76714.62,1745.68912,1779191999999,134330028.54780660,353681,882.41092000,67910151.89090200,0
1779192000000,76714.61,77048.72,76144.71,76521.23,3363.76947,1779206399999,257708472.14354810,686940,1721.22016000,131882062.24510770,0
1779206400000,76521.24,77065.8,76407.72,76818.74,1634.99916,1779220799999,125582001.00743230,360896,958.73866000,73647678.68258380,0
1779220800000,76818.73,77040.83,76642.95,76834.36,765.18235,1779235199999,58836638.28978280,191462,439.17923000,33767266.37659520,0
1779235200000,76834.36,76922.46,76516.74,76723.54,1561.801,1779249599999,119804401.42589810,376048,655.71954000,50302964.46092220,0
1779249600000,76723.55,77472.21,76692.0,77282.64,2218.09189,1779263999999,171138256.89110020,304596,1187.91332000,91668956.51709980,0
1779264000000,77282.65,77663.0,77210.33,77382.49,1682.41191,1779278399999,130363005.92878530,223205,859.63062000,66616091.38605930,0
1779278400000,77382.5,77853.04,76891.61,77455.46,3039.76807,1779292799999,235264407.06601660,771773,1516.92852000,117416046.15141350,0
1779292800000,77455.45,77713.66,77018.38,77667.49,1712.28825,1779307199999,132639714.87526050,465144,981.71835000,76051703.66778240,0
1779307200000,77667.49,77766.6,77226.61,77552.23,1081.90195,1779321599999,83881485.28457440,296988,404.25207000,31346238.04803240,0
1779321600000,77552.24,78173.15,77525.0,78078.72,2263.9569,1779335999999,176450002.83957940,323259,1243.43606000,96906174.52677070,0
1779336000000,78078.72,78180.01,77521.0,77889.01,1454.09234,1779350399999,113174708.19111530,273599,636.59470000,49549073.37588470,0
1779350400000,77889.01,78200.0,77147.15,77189.1,1934.87402,1779364799999,150109563.93228840,398191,975.99332000,75681306.10440600,0
1779364800000,77189.1,77402.12,76719.47,77259.46,2353.9044,1779379199999,181463283.85318000,636222,1169.83243000,90200402.07440120,0
1779379200000,77259.45,78098.16,77008.75,77690.56,2693.31851,1779393599999,208942205.99748390,628414,1444.94401000,112090844.88202120,0
1779393600000,77690.56,77813.35,77534.43,77615.52,618.11224,1779407999999,48028932.41410220,213461,294.20802000,22862944.17776940,0
1779408000000,77615.52,77817.8,77327.28,77779.98,884.30161,1779422399999,68607031.55872120,262036,427.17072000,33143756.57727980,0
1779422400000,77779.98,77900.0,77288.77,77408.06,1756.84353,1779436799999,136273565.87749400,283504,906.59324000,70335702.64321330,0
1779436800000,77408.07,77535.0,77184.45,77428.84,1436.53453,1779451199999,111089623.56654120,267845,801.66016000,61993475.60582690,0
1779451200000,77428.83,77584.94,76570.0,76790.59,2613.83665,1779465599999,201277486.67585660,538200,1214.33412000,93508827.95501310,0
1779465600000,76790.6,77093.72,75668.76,75860.44,2815.05544,1779479999999,215062349.72039050,642354,1155.82446000,88356481.99798290,0
1779480000000,75860.44,76087.85,75359.18,75539.5,1765.78958,1779494399999,133890403.51145600,376844,699.40806000,53036409.83013290,0
1779494400000,75539.5,75664.62,75220.0,75635.22,1896.10926,1779508799999,143081863.38137340,379391,873.48877000,65916406.95457040,0
1779508800000,75635.22,75650.63,74289.6,74609.36,2690.99014,1779523199999,201843393.98993970,291493,1110.13648000,83245553.42272170,0
1779523200000,74609.37,74873.55,74303.56,74789.99,2509.09623,1779537599999,187368569.34013420,228680,1275.25508000,95249750.40137700,0
1779537600000,74789.99,75726.3,74660.05,75520.0,2943.5001,1779551999999,221349476.89666040,296058,1733.63409000,130365734.35154650,0
1779552000000,75519.99,76012.22,75371.72,75983.45,1772.27259,1779566399999,134064251.76955570,295468,978.40975000,74012454.73401060,0
1779566400000,75983.45,77404.18,75953.94,76752.01,3274.91982,1779580799999,251289050.39615260,612446,1767.66302000,135616971.82607210,0
1779580800000,76752.0,77011.62,76629.02,76750.0,1051.70404,1779595199999,80792933.07953450,212742,538.63284000,41381254.67904810,0
1779595200000,76750.01,77065.94,76651.59,76799.99,817.66826,1779609599999,62814260.39793850,156102,385.23253000,29602440.45550040,0
1779609600000,76799.99,77543.15,76734.42,77320.06,1746.24676,1779623999999,134690446.94470620,220137,1008.35064000,77772742.26460600,0
1779624000000,77320.06,77325.72,76195.36,76371.59,1982.25663,1779638399999,151975091.48231760,328989,992.08098000,76034392.53556460,0
1779638400000,76371.59,76799.99,76371.59,76773.34,882.04437,1779652799999,67601817.99467420,221766,522.87538000,40072988.46425080,0
1779652800000,76773.33,77225.97,76108.0,77064.96,1918.0815,1779667199999,147050967.71214500,473233,1065.96039000,81764263.88922420,0
1779667200000,77064.96,77485.0,76914.25,77026.67,1368.4044,1779681599999,105578637.73121580,399478,646.22050000,49867925.16303510,0
1779681600000,77026.68,77650.0,76990.78,77401.12,1348.52945,1779695999999,104322120.67559960,271955,726.71087000,56225434.45486240,0
1779696000000,77401.11,77699.97,77280.32,77357.5,1214.44703,1779710399999,94099984.94745140,225247,589.81288000,45695676.94095770,0
1779710400000,77357.5,77905.52,77286.5,77628.82,1563.39696,1779724799999,121251852.84713820,336312,758.01746000,58786691.52509380,0
1779724800000,77628.82,77807.29,77343.61,77441.86,1121.16576,1779739199999,86986025.64941080,262382,546.84700000,42423205.24643460,0
1779739200000,77441.85,77500.0,77019.82,77322.01,1056.37837,1779753599999,81629383.14678150,283135,376.77283000,29127362.37702590,0
1779753600000,77322.01,77345.0,76475.59,76664.01,2145.81269,1779767999999,164738004.84696790,395497,959.71538000,73663856.01049690,0
1779768000000,76664.0,77059.74,76603.73,76730.84,2043.2043,1779782399999,156924704.35364840,323205,1101.74316000,84610330.84376100,0
1779782400000,76730.84,77621.75,76586.94,77183.55,1896.99632,1779796799999,146246716.33127000,437344,1093.23542000,84264284.10684540,0
1779796800000,77183.56,78080.0,76272.63,76518.1,4834.0846,1779811199999,372249541.91346070,1013990,2293.30111000,176703480.69503150,0
1779811200000,76518.1,76710.01,75779.3,76052.0,4688.69854,1779825599999,357349325.24623730,860782,1755.65339000,133764151.34843760,0
1779825600000,76052.0,76180.0,75677.97,75930.01,1344.67984,1779839999999,102101025.00600740,329927,663.39204000,50370041.87214270,0
1779840000000,75930.01,76104.02,75607.62,75683.0,2404.25109,1779854399999,182437480.57988710,350806,1251.46277000,94978374.94999750,0
1779854400000,75683.0,75980.0,75310.9,75977.17,2224.40852,1779868799999,168342969.91393340,390149,1099.61839000,83250453.33350480,0
1779868800000,75977.16,76071.41,75710.76,75769.18,1291.66875,1779883199999,98055997.86377890,330751,715.92910000,54350559.29636850,0
1779883200000,75769.18,76174.15,74758.33,75326.01,5186.20338,1779897599999,389924669.07202600,1041783,2155.38354000,162118758.58370000,0
1779897600000,75326.02,75408.01,74663.45,75066.08,3165.53822,1779911999999,237469097.37167780,660988,1458.72293000,109434870.07962430,0
1779912000000,75066.09,75415.81,74243.99,74449.3,2605.70487,1779926399999,194450048.10752110,592591,1309.70119000,97747839.10890400,0
1779926400000,74449.31,74590.77,73060.59,73258.01,5727.94403,1779940799999,422454652.77563790,957958,3044.53531000,224565850.39811790,0
1779940800000,73258.0,73512.14,72728.85,73498.0,4799.6102,1779955199999,350788898.97205670,613599,2398.22201000,175312520.87621260,0
1779955200000,73498.0,73616.0,73193.13,73505.66,1994.38372,1779969599999,146414650.85752350,379544,1103.18168000,80994322.78916870,0
1779969600000,73505.65,73580.75,72582.82,72928.73,4632.38493,1779983999999,338350899.72071730,1025017,2533.09841000,185049064.01611080,0
1779984000000,72928.73,73749.69,72741.4,73419.32,2524.28664,1779998399999,185327073.94901450,520421,1349.89247000,99094348.57783900,0
1779998400000,73419.31,73949.22,73241.48,73617.51,1595.41074,1780012799999,117472349.23232470,303174,856.44819000,63054435.39378420,0
1780012800000,73617.52,73868.33,73189.11,73301.52,2123.30407,1780027199999,156251092.45919220,362421,1080.04009000,79491918.85957630,0
1780027200000,73301.53,73939.19,73210.21,73528.56,2641.80699,1780041599999,194346867.67810970,337489,1526.35961000,112276015.20451780,0
1780041600000,73528.55,73902.85,73341.85,73487.98,2197.79295,1780055999999,161975355.42346680,288370,1424.31866000,104978500.28968730,0
1780056000000,73487.98,74200.0,72512.49,73808.26,4624.93207,1780070399999,338945900.86041730,955004,2485.49833000,182248226.08264480,0
1780070400000,73808.25,74514.1,73187.25,73520.28,5596.86593,1780084799999,414173826.59814460,676951,3457.93496000,256092074.36921330,0
1780084800000,73520.29,73844.0,73320.0,73460.78,1502.0394,1780099199999,110413449.88709640,277083,694.22047000,51035155.08439750,0
1780099200000,73460.78,73796.43,73408.62,73524.01,1539.64276,1780113599999,113323762.94910000,194546,795.73059000,58568720.96818560,0
1780113600000,73524.01,73709.91,73216.0,73548.6,1487.87007,1780127999999,109352098.12618650,245090,831.54040000,61142275.45782730,0
1780128000000,73548.6,73680.75,73500.02,73602.02,1076.47863,1780142399999,79212007.50089430,121936,580.87537000,42741455.96371690,0
1780142400000,73602.01,74100.0,73594.4,73930.14,1485.09864,1780156799999,109676214.08589250,237589,881.63375000,65105048.86419790,0
1780156800000,73930.13,74143.76,73811.3,74016.65,836.20775,1780171199999,61866638.45890540,182606,492.35567000,36429491.92946900,0
1780171200000,74016.64,74054.0,73781.3,73884.38,1090.11124,1780185599999,80558664.99054200,142639,535.97509000,39605080.08390960,0
1780185600000,73884.38,74275.66,73858.56,74150.64,1099.56261,1780199999999,81450558.59258300,244533,594.46175000,44036678.37901380,0
1780200000000,74150.64,74221.33,73836.0,73871.24,869.39106,1780214399999,64375261.50120540,149705,380.15938000,28153490.30736940,0
1780214400000,73871.25,74024.0,73699.2,73937.79,1250.59286,1780228799999,92398964.39091150,173955,517.95475000,38273735.98121010,0
1780228800000,73937.63,74023.99,73483.05,73655.21,1349.33176,1780243199999,99503135.83562940,253612,585.74208000,43194771.48981050,0
1780243200000,73655.2,73734.0,73400.0,73563.42,985.40321,1780257599999,72509378.39632070,200563,504.75645000,37148031.29357260,0
1780257600000,73563.41,74198.0,73500.0,73674.39,1432.17557,1780271999999,105670233.87254720,341069,824.39802000,60823044.63553300,0
1780272000000,73674.39,74092.0,73222.0,73769.06,1797.97503,1780286399999,132503071.00444900,517267,858.15429000,63239300.77985940,0
1780286400000,73769.06,73841.37,72704.0,72818.0,2313.7758,1780300799999,169351798.37912210,519944,1000.54064000,73256855.00204970,0
1780300800000,72818.0,73095.64,72290.0,72479.99,4064.81004,1780315199999,295822836.11862430,494971,1474.91210000,107345819.21945090,0
1780315200000,72480.0,72610.0,71066.33,71129.62,8608.45364,1780329599999,617467508.61049070,1508444,4175.91321000,299537339.36168960,0
1780329600000,71129.62,71800.73,70686.68,71595.24,4920.23395,1780343999999,350869050.87428940,715031,2929.75660000,208974645.80847960,0
1780344000000,71595.24,71690.0,70840.9,71408.9,2215.84338,1780358399999,157944073.69590210,482116,1161.02712000,82755211.94527820,0
1780358400000,71408.9,71408.9,70111.0,70953.69,3525.64758,1780372799999,249850079.24951260,740992,1559.31579000,110517766.69659480,0
1780372800000,70953.7,71048.0,69733.0,70118.42,4217.43297,1780387199999,296424153.23844710,754037,1998.90357000,140518351.89062800,0
1780387200000,70118.42,70172.0,69324.65,69461.72,3766.33037,1780401599999,262275224.72913900,710514,1750.71972000,121890360.32807670,0
1780401600000,69461.73,69548.13,67076.0,67304.28,9534.68154,1780415999999,651185416.47911890,1597097,4370.37942000,298518926.58175840,0
1780416000000,67304.29,68146.3,66432.0,67315.14,5955.1383,1780430399999,401049257.91148170,1144705,2924.41178000,197135870.19507590,0
1780430400000,67315.14,67923.24,66193.0,66760.83,5858.9651,1780444799999,392564446.37542870,1303332,3071.76122000,205861206.15359870,0
1780444800000,66760.84,67204.15,65426.34,65849.9,5876.92165,1780459199999,390273983.92057260,1076017,2665.29964000,177241710.55236250,0
1780459200000,65849.9,67516.0,65834.0,67220.03,5699.32885,1780473599999,381781195.60465460,994422,3264.69518000,218641622.02997000,0
1780473600000,67220.03,67476.69,66656.48,67067.37,3840.69634,1780487999999,257706709.99166570,737079,2058.94618000,138159377.39636960,0
1780488000000,67067.37,67244.62,66076.0,66076.01,4537.71513,1780502399999,302861716.07437450,1390646,2184.60385000,145835231.61645370,0
1780502400000,66076.01,66373.18,65251.0,65462.0,4242.73831,1780516799999,279402457.33799470,1109866,1923.94150000,126751446.08494990,0
1780516800000,65461.99,65860.0,64092.49,64142.75,5940.90622,1780531199999,386323918.96368170,1368328,2469.80937000,160738209.86726050,0
1780531200000,64142.75,64540.3,61383.56,64363.49,16957.23407,1780545599999,1069265096.35938560,2410925,7116.70183000,449251348.11176220,0
1780545600000,64363.49,64764.32,63492.89,63603.15,5000.68767,1780559999999,320591861.74564760,1036545,2391.49077000,153314641.69410880,0
1780560000000,63603.15,63904.63,62205.0,62545.99,8595.49118,1780574399999,540467807.65211300,1698955,4182.08908000,262872611.01090280,0
1780574400000,62546.0,64494.92,62392.0,63896.17,6185.98937,1780588799999,394325488.19609960,1831681,3185.14504000,203028201.25475300,0
1780588800000,63896.16,64163.93,62944.91,63629.38,3723.72569,1780603199999,236942600.73557610,1155303,1937.30569000,123297848.85872690,0
1780603200000,63629.38,63918.0,63106.04,63885.99,3114.04773,1780617599999,197756878.80056130,924567,1360.09263000,86377214.09657590,0
1780617600000,63885.99,63978.0,62339.0,62730.0,4162.99809,1780631999999,262536010.14096020,1225987,1867.84777000,117847753.73483090,0
1780632000000,62730.0,63688.0,61126.01,63115.99,10733.42354,1780646399999,668376397.06524080,2270535,5037.18423000,314024701.85975200,0
1780646400000,63115.99,63259.9,61964.98,61964.99,4297.16406,1780660799999,269110992.15668040,1142388,2100.27124000,131586739.83662380,0
1780660800000,61964.99,62457.86,60000.0,60438.01,14801.01342,1780675199999,903329435.95028030,2679839,5908.58996000,361167716.19850210,0
1780675200000,60438.0,61547.24,59130.91,60300.24,13747.59231,1780689599999,828648361.47734000,2680737,6282.36544000,379034019.85158590,0
1780689600000,60300.24,62000.0,59940.01,61056.47,7285.09665,1780703999999,447020553.71282630,1659370,3683.25911000,226021139.98870550,0
1780704000000,61056.47,61530.05,60520.0,60687.04,2945.07914,1780718399999,179762223.67041870,973252,1451.16517000,88591511.44786350,0
1780718400000,60687.05,61276.95,59500.0,61004.95,7062.57386,1780732799999,427756115.83259640,1567097,3239.58489000,196118168.12592300,0
1780732800000,61004.95,61500.0,60198.0,60802.91,3473.55766,1780747199999,211333241.02873740,817667,1647.68117000,100298616.10281060,0
1780747200000,60802.9,61185.26,60396.0,60784.0,2291.49519,1780761599999,139417012.27244890,717560,1174.84755000,71493870.04846270,0
1780761600000,60784.01,60971.24,60393.96,60600.01,2446.99506,1780775999999,148359633.57654300,534622,1079.45478000,65479278.14743660,0
1780776000000,60600.0,61000.0,60429.09,60884.62,1575.88786,1780790399999,95697732.08748910,390676,880.82565000,53499742.01859950,0
1780790400000,60884.62,61778.33,60746.0,61701.07,2959.18911,1780804799999,181385716.20304780,709548,1574.63964000,96548566.19295620,0
1780804800000,61701.06,62416.26,61482.46,62404.73,4903.20395,1780819199999,304023070.16938830,740026,2452.76045000,152085877.76727890,0
1780819200000,62404.72,62960.0,62259.37,62621.96,4723.06235,1780833599999,295560305.07869090,725358,2672.40616000,167216763.40157330,0
1780833600000,62621.97,62643.97,61577.12,62093.99,4554.1389,1780847999999,282015239.16010590,947743,1854.57725000,114842253.68038120,0
1780848000000,62093.99,62332.0,61184.0,61328.0,2477.20723,1780862399999,153321370.34257050,627720,1038.74666000,64285345.19332710,0
1780862400000,61327.99,64234.68,61217.17,63332.01,6995.30289,1780876799999,440345071.85990460,1002066,4563.18051000,287511911.34095870,0
1780876800000,63332.01,63863.06,62720.86,63130.12,3315.4618,1780891199999,209776019.13931900,951227,1710.27381000,108302606.57907470,0
1780891200000,63130.12,63350.0,62408.0,63283.99,2834.18452,1780905599999,178355729.15518660,746526,1346.51738000,84761449.33682610,0
1780905600000,63284.0,63873.08,62992.01,63479.61,3752.47446,1780919999999,237868671.21123630,730155,1930.39841000,122412778.05037920,0
1780920000000,63479.62,64200.0,62718.3,63774.48,8126.80733,1780934399999,517711748.36861280,1316931,3947.53832000,251641984.08899850,0
1780934400000,63774.48,64046.86,63268.01,63372.01,2713.14128,1780948799999,172421648.33455900,623074,1359.44546000,86382265.18081430,0
1780948800000,63372.01,63850.0,62978.66,63085.99,2311.31685,1780963199999,146429470.54230660,519651,933.82268000,59183418.82928960,0
1780963200000,63086.0,63184.0,62423.07,62875.17,3759.28744,1780977599999,235865848.15286490,700766,2007.90860000,125976239.59257060,0
1780977600000,62875.18,63526.01,62748.0,63198.44,3708.0084,1780991999999,234535665.07258450,551428,1791.43736000,113284583.47373530,0
1780992000000,63198.44,63208.86,62498.75,62711.12,2528.63515,1781006399999,158742223.00363420,465050,1086.62702000,68204795.27997720,0
1781006400000,62711.12,62895.18,61037.0,61131.84,6183.44756,1781020799999,382417752.56531600,1260536,2794.09819000,172763302.68557480,0
1781020800000,61131.85,62103.39,60780.0,62098.09,4007.5249,1781035199999,246053601.54578860,963025,2016.61694000,123921642.29347080,0
1781035200000,62098.09,62272.0,61556.0,61730.0,1449.31614,1781049599999,89706958.82215220,406527,660.54833000,40886776.22029810,0
1781049600000,61730.0,61974.7,61235.29,61549.64,1721.50899,1781063999999,106045624.83727210,592207,745.74000000,45945104.82658570,0
1781064000000,61549.64,61813.34,61080.0,61687.56,2220.41887,1781078399999,136484341.63129860,480520,1089.94681000,66999691.98910420,0
1781078400000,61687.56,61736.0,60755.0,61034.04,2813.24386,1781092799999,172223607.15722540,735601,1170.91312000,71697976.04437590,0
1781092800000,61034.04,62857.99,60960.0,62639.23,4783.79909,1781107199999,296352226.00965250,1335269,2510.37559000,155463427.63408090,0
1781107200000,62639.23,62646.0,61588.8,61942.44,2675.36915,1781121599999,165886486.15416750,900048,1356.70956000,84103739.42668090,0
1781121600000,61942.45,61949.21,61104.24,61510.99,1784.37656,1781135999999,109718597.79975860,612041,840.90983000,51698715.52144990,0
1781136000000,61510.99,62848.0,61510.99,62689.48,2852.15258,1781150399999,177317145.79101080,609797,1708.81157000,106243021.13117430,0
1781150400000,62689.47,62997.53,62544.89,62719.39,2483.01428,1781164799999,155847166.21589400,451403,1031.01125000,64708611.64813750,0
1781164800000,62719.39,63257.21,62719.38,63108.0,2178.0981,1781179199999,137213592.42858580,382423,1278.05381000,80526059.05117760,0
1781179200000,63108.01,63239.43,62500.0,62749.44,4338.30998,1781193599999,272726925.34094830,910921,1945.11729000,122300894.62464170,0
1781193600000,62749.44,63933.02,62348.0,63605.68,4125.82489,1781207999999,260979936.07070470,792771,2248.65982000,142264329.73577220,0
1781208000000,63605.69,63700.0,63270.0,63625.99,1403.54659,1781222399999,89127100.58674160,299488,763.83992000,48516132.36771980,0
1781222400000,63626.0,63810.01,63301.53,63524.82,2654.11007,1781236799999,168727450.09471120,351019,1643.11525000,104477137.86695140,0
1781236800000,63524.81,63863.98,62829.81,63100.8,3225.69245,1781251199999,204092793.54502150,438376,1619.65285000,102492062.51619640,0
1781251200000,63100.8,63953.84,63100.8,63766.01,2378.6864,1781265599999,151435133.19776280,452201,1097.36398000,69841008.35911810,0
1781265600000,63766.01,64394.44,63045.29,63593.02,4102.13697,1781279999999,261375415.29255940,1024713,2047.41186000,130485792.49771130,0
1781280000000,63593.02,64111.1,63510.16,63589.27,2256.79665,1781294399999,144000810.87940160,593615,1039.75557000,66353711.96274090,0
1781294400000,63589.28,63696.41,63400.0,63580.01,1779.62986,1781308799999,113029909.67014740,294128,926.57282000,58848683.42444180,0
1781308800000,63580.0,63840.0,63418.66,63532.0,1807.91855,1781323199999,115050572.25443770,236410,940.63063000,59874931.46730910,0
1781323200000,63532.0,63883.47,63484.0,63846.0,1539.29828,1781337599999,97970733.69890430,219856,856.28804000,54506786.43154250,0
1781337600000,63845.99,63984.53,63726.57,63971.28,1197.2171,1781351999999,76452837.30253910,200969,646.98109000,41319334.94569010,0
1781352000000,63971.28,64350.0,63921.33,64296.15,2169.16248,1781366399999,139129588.59886400,290447,1227.56477000,78727122.01878410,0
1781366400000,64296.15,64333.62,63920.05,64296.59,1609.94419,1781380799999,103193467.75756610,294404,743.54070000,47672898.11066040,0
1781380800000,64296.59,64762.77,64226.38,64458.01,1637.20103,1781395199999,105504850.87448210,246923,911.34395000,58732329.17571370,0
1781395200000,64458.01,64710.0,64380.7,64545.3,1832.15643,1781409599999,118257180.28782210,214748,1009.34031000,65142146.39408280,0
1781409600000,64545.3,64563.48,64214.0,64429.39,1779.79489,1781423999999,114525085.74392940,195396,732.55942000,47144005.90816830,0
1781424000000,64429.39,64664.0,64321.18,64546.0,842.29439,1781438399999,54340916.32888930,165992,429.13661000,27692881.24796570,0
1781438400000,64546.01,64560.66,63866.66,64025.07,1790.92239,1781452799999,114931524.12649690,315826,832.53930000,53429481.32377660,0
1781452800000,64025.06,64208.92,63678.83,63802.0,1240.64937,1781467199999,79253327.66414940,248701,436.49793000,27887188.67697830,0
1781467200000,63801.99,65800.0,63794.09,65746.45,5717.21628,1781481599999,372346505.11254310,920238,3525.97245000,229547976.76977100,0
1781481600000,65746.45,65995.0,65354.0,65927.1,3254.30382,1781495999999,213639448.29336720,532026,1515.41478000,99520422.79589640,0
1781496000000,65927.11,66000.0,65611.01,65674.76,1981.09056,1781510399999,130283728.84419160,313310,965.90436000,63517717.98137590,0
1781510400000,65674.76,66385.12,65512.0,66233.9,2545.824,1781524799999,167896880.89761390,444412,1229.46300000,81063878.23228640,0
1781524800000,66233.89,67292.15,66106.0,67292.14,5314.33714,1781539199999,354187932.47113060,752142,2795.87895000,186392204.31864110,0
1781539200000,67292.15,67292.15,66348.0,66614.35,3808.29082,1781553599999,254771827.06370170,642459,1581.91921000,105823381.38614310,0
1781553600000,66615.98,66681.3,66076.56,66328.74,1655.95468,1781567999999,109895422.96796910,456145,738.74373000,49035217.23498400,0
1781568000000,66328.74,66463.26,65650.0,66165.21,2681.099,1781582399999,177184246.92197230,433781,1225.11725000,80953747.56491920,0
1781582400000,66165.21,66572.99,65802.0,66372.0,2376.27499,1781596799999,157212192.84268360,358612,1312.88168000,86877824.54837540,0
1781596800000,66372.0,66992.0,66345.06,66481.73,2144.18658,1781611199999,142798141.39585390,478161,1081.33227000,72021296.89303560,0
1781611200000,66481.73,66818.0,65360.92,65859.76,4190.74899,1781625599999,276467865.75720300,946351,1662.97689000,109728200.78725850,0
1781625600000,65859.76,66248.69,65560.0,65675.88,1862.21148,1781639999999,122574589.55071080,487569,915.65995000,60290810.25994400,0
1781640000000,65675.89,65938.0,65592.0,65675.01,1047.53697,1781654399999,68888147.78341700,260155,511.63315000,33647374.43982790,0
1781654400000,65675.02,66200.0,65477.5,65851.99,2420.24,1781668799999,159334427.21572050,383821,1258.29437000,82851324.41367820,0
1781668800000,65852.0,66048.19,65251.0,65539.5,2085.47507,1781683199999,137031246.92618600,304083,938.09887000,61659925.78085380,0
1781683200000,65539.51,65574.0,64565.0,64810.01,3091.21134,1781697599999,200746666.53014450,484154,1460.08236000,94800434.28330880,0
1781697600000,64810.01,65855.66,64590.53,65752.0,3491.08992,1781711999999,227701989.19458180,786310,1876.84440000,122432079.02357440,0
1781712000000,65751.99,66445.93,63998.35,64301.85,6215.6405,1781726399999,405874457.80352170,1426872,2941.72107000,192146847.25980130,0
1781726400000,64301.85,64529.2,63915.77,64509.4,1744.99726,1781740799999,112209760.41208080,547883,869.26701000,55904981.97530090,0
1781740800000,64509.4,64806.0,64267.86,64282.82,1652.26355,1781755199999,106673009.78248650,391675,873.60740000,56402475.93649250,0
1781755200000,64282.82,64510.5,63696.29,64510.44,2721.52451,1781769599999,174258357.14914940,514280,1285.11966000,82306529.07808380,0
1781769600000,64510.45,64646.75,63878.14,63974.4,1838.10092,1781783999999,118105000.91172210,390224,705.83539000,45338841.44912630,0
1781784000000,63974.4,64445.19,62293.76,62369.44,5194.48784,1781798399999,329845328.84906200,1121258,2406.17033000,152963452.15349250,0
1781798400000,62369.43,63008.33,62272.07,62950.79,3580.0956,1781812799999,224360442.91637940,780414,1874.57102000,117481760.53881160,0
1781812800000,62950.79,63274.19,62742.0,62958.01,1949.12419,1781827199999,122773241.58360950,376080,1003.35872000,63200521.90680410,0
1781827200000,62958.01,63110.29,62386.9,62773.51,2468.91953,1781841599999,155247582.75743970,396596,1110.50714000,69854443.39597080,0
1781841600000,62773.52,62917.32,62409.55,62629.99,1641.95094,1781855999999,102889549.55782390,403487,895.08825000,56087419.36560170,0
1781856000000,62630.0,62782.0,62316.44,62626.0,3116.66446,1781870399999,194868847.01536480,423552,1394.84294000,87205330.18314140,0
1781870400000,62626.0,63419.27,62353.0,63214.01,2901.51359,1781884799999,182844281.08936350,678126,1443.70693000,90946223.98322450,0
1781884800000,63214.01,63387.8,62866.99,63021.6,2487.59549,1781899199999,157065336.32827530,485506,1118.43800000,70636025.60530240,0
1781899200000,63021.6,63666.0,62958.59,63543.91,1630.77999,1781913599999,103187356.02705020,284651,746.62638000,47252085.74065590,0
1781913600000,63543.9,63777.0,63320.14,63476.79,1616.55782,1781927999999,102658991.73585430,312607,778.74616000,49457674.22906670,0
1781928000000,63476.79,63907.07,63402.0,63655.21,1346.24836,1781942399999,85743670.80484520,267883,704.27436000,44861152.03721680,0
1781942400000,63655.21,63798.76,63392.41,63688.0,1481.37623,1781956799999,94207746.81368050,230181,682.35840000,43398238.91727320,0
1781956800000,63688.0,64388.0,63184.21,64160.04,2723.36068,1781971199999,173712718.25309850,540585,1444.96909000,92227634.48693950,0
1781971200000,64160.04,64167.26,63730.21,63936.0,1179.02142,1781985599999,75371411.36499620,354415,539.82135000,34513012.84966070,0
1781985600000,63935.99,64350.0,63853.31,64298.01,1175.53873,1781999999999,75382672.78326760,264410,519.68943000,33338987.09207600,0
1782000000000,64298.01,64472.99,64206.17,64426.0,1550.54505,1782014399999,99682480.48655690,207280,720.29969000,46321100.11114810,0
1782014400000,64426.0,64588.0,64173.08,64191.07,991.47913,1782028799999,63777133.92919670,192899,473.11094000,30442364.02499400,0
1782028800000,64191.06,64483.95,63900.17,64176.0,1273.61935,1782043199999,81766315.41055570,278849,626.37718000,40229066.49814720,0
1782043200000,64176.0,64355.88,63952.0,64224.0,1101.09932,1782057599999,70627900.60740130,261322,575.16175000,36897153.03602380,0
1782057600000,64224.0,64298.84,63933.47,64207.12,902.04873,1782071999999,57873813.43714360,250295,464.74284000,29817767.74628360,0
1782072000000,64207.13,64271.21,63270.0,63311.99,2215.87175,1782086399999,141134531.86535810,577649,973.44142000,61995458.00363890,0
1782086400000,63312.0,64823.52,63312.0,63974.01,3208.60773,1782100799999,206085227.83142430,769958,1703.21570000,109367651.12278260,0
1782100800000,63974.01,64397.57,63868.41,64211.19,2188.39984,1782115199999,140435032.80519940,384238,1126.29106000,72285434.13425360,0
1782115200000,64211.2,64768.46,64044.0,64657.22,1871.87312,1782129599999,120460631.47686000,445403,990.76166000,63769902.27911120,0
1782129600000,64657.22,65622.83,64579.08,64836.95,4214.1224,1782143999999,274338559.65866990,943073,2231.38119000,145271416.91665240,0
1782144000000,64836.95,64862.0,64276.0,64472.0,2332.89568,1782158399999,150577681.12548810,552327,854.54358000,55174978.88530100,0
1782158400000,64472.51,64659.43,63804.59,64020.01,1607.20974,1782172799999,103137424.25870420,426338,771.33966000,49485311.40443920,0
1782172800000,64020.01,64275.38,63828.93,64065.35,1775.89841,1782187199999,113810463.25773200,412000,963.90539000,61769670.54533100,0
1782187200000,64065.34,64095.55,62568.9,62886.03,3954.74479,1782201599999,249769578.91629910,654352,1656.75324000,104543838.57986330,0
1782201600000,62886.04,62945.08,61938.0,62507.06,6446.41259,1782215999999,402018362.60938370,664184,2442.32630000,152289432.28771970,0
1782216000000,62507.05,62855.98,61960.0,62487.79,4100.47989,1782230399999,255890735.68137110,946398,1894.29980000,118224527.72818900,0
1782230400000,62487.79,62846.0,62104.7,62388.49,2461.76341,1782244799999,153768837.40808250,580044,1214.83572000,75920236.63677490,0
1782244800000,62388.49,62799.99,62380.25,62734.57,1483.69383,1782259199999,92835243.37736500,369212,941.14695000,58885922.98105900,0
1782259200000,62734.57,63119.45,62461.87,62729.78,2762.4008,1782273599999,173503244.61735420,524761,1384.95763000,86999525.15634200,0
1782273600000,62729.78,63073.44,62525.49,62657.99,1825.36336,1782287999999,114538754.17845940,343629,869.10988000,54539391.28578580,0
1782288000000,62658.0,63239.06,62318.88,62921.19,2314.92971,1782302399999,145076269.78895900,470650,1277.25413000,80045126.24807020,0
1782302400000,62921.19,62973.2,60249.82,60250.0,9369.88622,1782316799999,573692749.76452450,1507424,4243.54084000,259684789.62194120,0
1782316800000,60250.0,60678.1,59102.7,59958.3,10843.6224,1782331199999,648464612.98165350,1716720,4874.63052000,291609263.21429200,0
1782331200000,59958.3,61276.0,59854.0,61077.99,3562.08294,1782345599999,216610182.97694420,804347,1801.96140000,109535995.03595330,0
1782345600000,61078.0,61163.16,60684.94,60883.65,2441.96666,1782359999999,148617037.71762240,488365,1286.89158000,78325445.13785370,0
1782360000000,60883.66,61962.4,60792.0,61911.04,3236.44626,1782374399999,199336748.64757960,585612,1792.57753000,110375492.28432150,0
1782374400000,61911.03,61920.0,61066.0,61282.01,1957.14848,1782388799999,120376027.91725560,397068,927.34829000,57042676.00598120,0
1782388800000,61282.0,61761.35,58115.01,59557.99,15979.29296,1782403199999,950943210.77604520,2405299,7129.72909000,424485511.14668750,0
1782403200000,59557.99,60067.0,59139.96,59320.0,4724.02547,1782417599999,281118401.70403740,1200956,2194.78081000,130645915.73429400,0
1782417600000,59319.99,60273.81,59319.99,59794.0,2047.12711,1782431999999,122462673.30754640,605975,1074.82622000,64294957.46551780,0
1782432000000,59794.64,60131.37,58337.0,60036.01,6229.08405,1782446399999,368451215.44569130,1223525,3012.64330000,178291906.33004060,0
1782446400000,60036.0,60759.99,59702.0,60532.0,5385.16495,1782460799999,324265183.37085530,866194,3141.58261000,189231485.22033970,0
1782460800000,60532.0,60580.0,59239.78,59413.24,3735.38397,1782475199999,223309628.59902110,807589,1468.82916000,87916105.66468370,0
1782475200000,59413.24,60500.0,58500.1,60328.32,7768.84215,1782489599999,462960390.88879110,1875169,3865.04614000,230602793.91981410,0
1782489600000,60328.18,60583.0,59556.0,59751.97,2887.79333,1782503999999,173431799.05394210,854765,1600.44625000,96156571.48208310,0
1782504000000,59751.96,60117.64,59571.31,60097.27,1397.28878,1782518399999,83683841.01951140,391892,818.94291000,49054098.38382150,0
1782518400000,60097.27,60412.0,59876.22,60305.73,1740.1281,1782532799999,104716833.03028220,306723,1091.61467000,65710216.37867980,0
1782532800000,60305.73,60574.0,60093.33,60548.07,2155.72828,1782547199999,130094666.55314380,266760,1098.21029000,66267447.11795730,0
1782547200000,60548.06,60548.74,60198.94,60363.65,1191.76765,1782561599999,71997666.25199050,219343,611.22112000,36930645.55304780,0
1782561600000,60363.65,60941.17,60257.03,60840.06,1696.07546,1782575999999,102775288.16719890,334232,917.74311000,55614703.49498980,0
1782576000000,60840.06,60855.03,60085.88,60175.95,1431.99252,1782590399999,86663415.56999260,332446,683.31136000,41363072.97351300,0
1782590400000,60175.95,60482.18,59855.16,60029.0,1371.53715,1782604799999,82517393.49723760,303912,665.82595000,40065104.74051100,0
1782604800000,60029.01,60339.99,59986.0,60197.04,1389.16748,1782619199999,83574227.86309280,209442,708.98469000,42655954.64229670,0
1782619200000,60197.03,60259.68,59753.48,60219.99,1116.37628,1782633599999,67045001.28514380,239579,563.41852000,33843162.81460070,0
1782633600000,60220.0,60545.01,60068.0,60342.0,1120.25594,1782647999999,67538204.82020220,274458,589.84647000,35567519.79889950,0
1782648000000,60341.99,60457.02,59817.28,59890.0,1367.98594,1782662399999,82205664.86249690,386310,635.15572000,38171445.38378410,0
1782662400000,59890.35,59943.9,59270.26,59481.79,1660.7754,1782676799999,99019017.18468340,496013,757.82732000,45185510.24521680,0
1782676800000,59481.78,59906.0,58905.0,59577.01,2252.57692,1782691199999,133951104.79549760,693430,1035.41316000,61618297.47578030,0
1782691200000,59577.01,60233.0,58900.01,60049.46,3201.11997,1782705599999,190794022.12911620,914573,1677.02307000,99994738.25472090,0
1782705600000,60049.45,60346.27,59392.02,60026.0,2078.32745,1782719999999,124665585.65469050,563206,956.56694000,57379510.09452500,0
1782720000000,60026.01,60311.95,59745.46,59956.05,2255.33546,1782734399999,135305799.50976790,567816,1116.35097000,66967190.76589330,0
1782734400000,59956.05,60780.57,59011.0,59824.01,8111.4911,1782748799999,485006009.96532780,1726719,4085.86423000,244518323.69002060,0
1782748800000,59824.01,60683.84,59584.48,60433.49,3485.29528,1782763199999,210169563.98276850,776645,1968.79340000,118756487.93590720,0
1782763200000,60433.5,60585.99,60194.01,60260.21,1071.57252,1782777599999,64707256.50234460,335377,529.56366000,31978997.78445990,0
1782777600000,60260.2,60276.54,59600.0,59627.48,1857.16279,1782791999999,111291269.74583370,457317,860.70745000,51580432.43343800,0
1782792000000,59627.47,59712.88,59360.0,59524.01,3053.94506,1782806399999,181807255.24247070,433814,1293.10665000,76973761.62250070,0
1782806400000,59524.01,59551.03,59123.01,59192.7,2089.47276,1782820799999,123956238.48605550,442051,915.25731000,54296713.48806120,0
1782820800000,59192.71,59276.6,58201.0,58381.99,7891.0473,1782835199999,462843047.90289730,1410708,3712.69567000,217772049.05566780,0
1782835200000,58382.0,58839.16,58241.79,58818.05,3095.15267,1782849599999,181042106.22829020,688268,1346.86925000,78800620.32786830,0
1782849600000,58818.0,58874.99,58509.99,58624.71,1653.04729,1782863999999,96971273.88380910,372651,750.91493000,44048118.20403840,0
1782864000000,58624.71,59318.0,57800.19,59197.13,5065.96033,1782878399999,296449825.48587430,842383,2345.61664000,137543085.60454570,0
1782878400000,59197.12,59457.0,58534.31,58768.65,2186.41376,1782892799999,128931387.76297330,462534,946.93259000,55797737.48927000,0
1782892800000,58768.64,59091.99,58500.0,58622.03,1602.12145,1782907199999,94143646.57869300,390029,760.65160000,44704874.81782070,0
1782907200000,58622.02,60536.55,58326.0,60147.15,10086.67787,1782921599999,599670098.40168310,1248868,5705.47011000,339653543.43983320,0
1782921600000,60147.15,60352.93,59787.35,60028.67,2234.35255,1782935999999,134325160.22906320,514984,1150.07969000,69147147.16599780,0
1782936000000,60029.39,61334.0,59876.0,60024.0,3917.92066,1782950399999,237531188.36066430,708051,2027.36232000,122941627.01301390,0
1782950400000,60024.0,61121.78,59588.0,61058.0,2904.94504,1782964799999,174900587.69365310,589740,1719.14764000,103516669.61459100,0
1782964800000,61057.99,61058.0,60104.0,60149.99,3061.89549,1782979199999,185461950.68928430,537384,1325.19091000,80257115.65595070,0
1782979200000,60149.99,61437.49,60132.51,61358.01,4003.42248,1782993599999,244260108.39932820,672992,2265.81789000,138212514.52213600,0
1782993600000,61358.0,62200.0,61147.23,61612.93,6769.2125,1783007999999,417696158.55321840,1187043,3478.53717000,214700180.30405500,0
1783008000000,61612.93,61962.43,61108.99,61479.6,3294.70341,1783022399999,202946737.91866300,616388,1888.43550000,116335627.37488950,0
1783022400000,61479.59,61653.43,61342.0,61560.0,1347.96271,1783036799999,82891026.46594490,279549,717.72606000,44132334.17802880,0
1783036800000,61560.0,61733.11,61248.86,61434.0,2479.18215,1783051199999,152311294.51468920,481811,1143.57615000,70266115.95923060,0
1783051200000,61434.0,61864.99,61332.76,61750.47,3163.90756,1783065599999,195132227.25322000,365987,1483.19684000,91477495.85160600,0
1783065600000,61750.47,62103.1,61510.01,62024.02,1709.37837,1783079999999,105713069.78691620,431910,911.51174000,56373261.74752030,0
1783080000000,62024.01,62400.0,61700.0,61922.72,2814.47654,1783094399999,174600154.20578740,547843,1576.64099000,97819769.92501110,0
1783094400000,61922.71,62317.64,61911.65,62210.0,1297.39519,1783108799999,80657192.04064370,299066,738.50194000,45920762.93010960,0
1783108800000,62210.0,62979.86,62186.01,62583.26,2584.64646,1783123199999,161945993.78202840,444914,1396.55917000,87499185.66598220,0
1783123200000,62583.26,62946.0,62404.25,62627.29,1753.66085,1783137599999,109798769.84953360,333809,746.93706000,46770767.30883710,0
1783137600000,62627.28,62749.97,62328.24,62576.0,1478.55581,1783151999999,92487650.19059300,218521,752.38454000,47066716.87744380,0
1783152000000,62576.0,62674.47,62415.87,62482.01,1079.64345,1783166399999,67502292.53147130,170507,546.35331000,34162775.17591710,0
1783166400000,62482.0,63075.46,62482.0,62943.29,1355.98937,1783180799999,85126276.00392900,303280,750.70920000,47140055.23015730,0
1783180800000,62943.29,63461.99,62786.0,63294.72,1874.87989,1783195199999,118354896.31970120,364574,1042.61936000,65809648.40969470,0
1783195200000,63294.72,63448.0,62927.98,63144.01,1597.09803,1783209599999,100963961.18737700,252597,914.53250000,57806954.62400280,0
1783209600000,63144.01,63144.01,62596.08,62769.04,1315.64704,1783223999999,82720257.83810700,291527,565.73586000,35567419.61982540,0
1783224000000,62769.03,63059.99,62659.65,63020.21,1264.39586,1783238399999,79413824.07037470,215421,660.87175000,41512250.18031250,0
1783238400000,63020.21,63104.0,62436.59,62658.92,1351.262,1783252799999,84811470.41411260,253294,572.28628000,35916011.35475640,0
1783252800000,62658.92,62943.59,62569.37,62740.01,1095.17438,1783267199999,68699977.76884530,239745,542.34685000,34023641.20650230,0
1783267200000,62740.01,62888.14,62590.02,62768.88,1289.13194,1783281599999,80851366.98149160,240237,640.93296000,40194435.59144950,0
1783281600000,62768.87,63999.0,62609.47,63650.0,2856.46636,1783295999999,181369547.53451280,549959,1583.76271000,100558533.76854650,0
1783296000000,63650.01,63920.0,63136.01,63294.0,2106.27228,1783310399999,133811858.23787650,503644,975.29003000,61967431.09156980,0
1783310400000,63294.0,63402.77,62890.0,63089.42,2133.18277,1783324799999,134594693.44501950,364295,955.88054000,60312300.49195670,0
1783324800000,63089.42,63244.0,62483.83,62483.84,2033.95739,1783339199999,127797556.03293060,346341,883.59821000,55539929.43962270,0
1783339200000,62483.84,63550.0,61306.84,63545.98,9407.7266,1783353599999,583941662.21741000,1372664,5817.11599000,361050904.76452760,0
1783353600000,63545.98,63976.16,63386.01,63738.52,3288.31371,1783367999999,209461474.11493870,695266,1680.74984000,107070497.40516550,0
1783368000000,63738.52,64700.0,63589.41,64042.02,2465.83162,1783382399999,158348802.35505160,495685,1243.91731000,79858997.69571960,0
1783382400000,64042.93,64314.0,63150.0,63191.01,2149.22919,1783396799999,137056167.02302490,490629,965.68915000,61610357.32086860,0
1783396800000,63191.01,63445.7,62800.0,63083.18,2868.37826,1783411199999,181221308.93674760,435866,1430.77683000,90420025.42035410,0
1783411200000,63083.19,63467.15,62984.58,63406.0,1660.52847,1783425599999,104988878.85567020,351275,908.58309000,57447486.19902060,0
1783425600000,63405.99,64105.0,62671.39,63930.51,5487.16202,1783439999999,348081870.10461120,1004190,2897.99489000,183891240.51051170,0
1783440000000,63930.5,64243.75,63379.69,63817.99,3152.55165,1783454399999,201532847.58329510,622715,1336.66503000,85477080.71314300,0
1783454400000,63818.0,63901.75,63218.0,63363.99,1516.35864,1783468799999,96386614.38526020,377427,588.49577000,37410096.99442990,0
1783468800000,63364.0,63761.99,62525.47,62766.0,2945.00889,1783483199999,185876396.27049840,609259,1246.36440000,78720530.90114940,0
1783483200000,62766.0,62901.49,62477.04,62888.35,2093.37251,1783497599999,131299060.86932260,444952,871.43626000,54661205.27331130,0
1783497600000,62888.34,62941.46,61743.83,62299.99,5277.16067,1783511999999,327876037.63340370,777090,2321.54841000,144197862.93723170,0
1783512000000,62300.0,62451.08,61544.56,61704.01,4480.13744,1783526399999,277437714.13450360,934639,2002.43081000,124077083.56644750,0
1783526400000,61704.01,62394.32,61692.0,62277.98,1878.09343,1783540799999,116612947.92500400,533138,1095.53071000,67993253.91395700,0
1783540800000,62277.98,62350.63,61956.0,62290.0,1946.32502,1783555199999,120985013.78730350,299409,801.25967000,49806749.41742070,0
1783555200000,62290.01,62642.0,61705.29,61974.34,2507.70329,1783569599999,155686968.14780350,532918,965.14820000,59966966.80769430,0
1783569600000,61974.34,63283.26,61956.46,63000.0,3076.31626,1783583999999,192704715.34862650,513310,1482.94780000,92908995.08176440,0
1783584000000,62999.99,63100.1,62614.66,62786.34,2526.25001,1783598399999,158894710.78797730,380844,1074.16155000,67556973.47353890,0
1783598400000,62786.33,63261.0,62465.39,62868.05,4882.96602,1783612799999,306798645.40625540,859856,2515.21212000,158071042.01652180,0
1783612800000,62868.06,63500.0,62559.59,63248.1,2646.20845,1783627199999,166955414.15400870,603411,1461.64528000,92213723.32621120,0
1783627200000,63248.09,63418.0,63060.91,63230.0,1103.36269,1783641599999,69809359.42481270,285711,423.36862000,26785364.25713480,0
1783641600000,63230.01,64050.23,62926.01,63947.2,3284.75486,1783655999999,209065762.58032730,511474,1624.84149000,103461367.01342090,0
1783656000000,63947.2,64200.0,63802.02,63963.0,1994.74883,1783670399999,127655182.92603610,339861,858.15910000,54916429.28997710,0
1783670400000,63963.0,64494.84,63962.99,64425.18,2735.04064,1783684799999,175885976.50570610,454783,1451.97627000,93355053.95642420,0
1783684800000,64425.18,64692.83,63793.43,64040.0,3985.18915,1783699199999,255992161.03752020,867854,2046.31971000,131465070.70004800,0
1783699200000,64039.99,64220.0,63732.66,63917.88,2956.75614,1783713599999,189060026.41477670,480103,1461.35904000,93455964.23826030,0
1783713600000,63917.88,64222.61,63656.0,64161.72,2632.5116,1783727999999,168438851.53768460,273350,1284.84729000,82185299.38694250,0
1783728000000,64161.72,64310.0,63984.07,64150.42,1101.49145,1783742399999,70642973.06613250,251684,519.94861000,33351493.45230540,0
1783742400000,64150.42,64278.0,64080.26,64162.18,1485.01598,1783756799999,95321721.91352740,216737,645.36795000,41422550.67195540,0
1783756800000,64162.18,64300.0,64129.99,64198.0,1355.34719,1783771199999,87005200.65466690,145928,676.88369000,43448102.12539080,0
1783771200000,64197.99,64504.11,63896.18,64175.75,2497.55472,1783785599999,160432933.20882890,323763,1087.48873000,69853676.23591590,0
1783785600000,64175.75,64402.0,64084.0,64286.0,1218.04674,1783799999999,78261890.95617150,235506,449.66867000,28887930.25362780,0
1783800000000,64286.0,64463.83,63819.0,63819.0,1494.51824,1783814399999,95805154.76748150,232560,528.92797000,33911666.10191400,0
1783814400000,63819.01,64223.74,63702.16,64223.73,4094.275,1783828799999,261736649.47735510,432109,2155.90634000,137835147.13042570,0
1783828800000,64223.73,64245.87,63640.83,63885.27,1737.49927,1783843199999,111033178.07694130,257916,763.59978000,48786169.77775370,0
1783843200000,63885.28,64100.32,63764.0,64018.01,4848.30942,1783857599999,310042852.51995110,500956,2322.33899000,148520297.41127140,0
1783857600000,64018.0,64290.11,63958.71,64176.0,1182.12771,1783871999999,75749744.39933330,221163,620.47070000,39759973.49880200,0
1783872000000,64176.0,64270.0,64018.69,64228.59,890.36957,1783886399999,57094699.03343970,183573,372.04577000,23856183.19483050,0
1783886400000,64228.59,64254.0,63668.0,63780.0,1162.25606,1783900799999,74281448.86092280,323888,522.64579000,33398891.96998810,0
1783900800000,63780.0,64425.0,62741.04,62806.41,3939.38182,1783915199999,250269726.59106980,870271,1601.14699000,101808603.33867450,0
1783915200000,62806.41,63070.01,62500.76,62985.52,3347.70751,1783929599999,210385057.43539350,431082,1597.58768000,100421232.38795780,0
1783929600000,62985.53,63302.88,62862.28,62901.99,3803.06989,1783943999999,239865414.64567150,283594,1616.59696000,101962087.58921800,0
1783944000000,62901.99,62990.04,62101.0,62618.01,5871.90146,1783958399999,367192718.14880720,875831,2793.70484000,174730873.90361390,0
1783958400000,62618.0,62629.35,61824.97,62288.23,3298.41917,1783972799999,205050851.95495490,566280,1565.40198000,97289562.90868430,0
1783972800000,62288.23,62347.46,61882.88,62334.52,1422.02219,1783987199999,88332961.17514650,322654,686.99879000,42679069.60729940,0
1783987200000,62334.52,62666.66,62272.2,62572.89,2249.30225,1784001599999,140485660.97642980,425285,1015.48735000,63424084.91875750,0
1784001600000,62572.88,62872.0,62516.93,62560.92,2088.33647,1784015999999,130917558.23974650,296282,1098.64687000,68878903.63239230,0
1784016000000,62560.92,62923.06,62500.0,62844.99,1732.53672,1784030399999,108634584.45865230,305432,793.20158000,49738974.76390340,0
1784030400000,62844.99,64966.43,62780.84,64743.99,8796.6211,1784044799999,562863919.99205480,1148163,4829.07334000,309100166.83959900,0
1784044800000,64744.0,64896.86,64231.77,64569.59,3290.30049,1784059199999,212650729.38648300,533516,1719.25900000,111134527.76147030,0
1784059200000,64569.59,65100.0,64419.99,65043.98,2395.31681,1784073599999,155302047.62716400,372267,1391.82164000,90267670.15521440,0
1784073600000,65043.99,65065.01,64488.0,64792.01,1693.44003,1784087999999,109586732.76636760,320579,679.01962000,43941213.61038540,0
1784088000000,64792.0,65277.37,64485.0,64549.34,3159.56545,1784102399999,204726915.13259030,419673,1585.95347000,102796762.86590770,0
1784102400000,64549.33,64917.94,64549.33,64732.15,2317.38966,1784116799999,149994663.44050930,289157,1276.87517000,82642899.73128820,0
1784116800000,64732.15,65600.0,64606.0,65427.61,6119.9158,1784131199999,399055943.96930170,962986,3148.54563000,205318487.85747180,0
1784131200000,65427.6,65470.0,64738.49,64977.34,3997.71829,1784145599999,260018792.63659060,465383,1886.91277000,122709232.83905240,0
1784145600000,64977.34,65055.39,64691.89,64756.28,1113.86818,1784159999999,72265275.82315890,211141,432.17696000,28039214.94077260,0
1784160000000,64756.28,64845.5,64392.01,64619.95,1773.62269,1784174399999,114662853.66784370,351949,663.80161000,42916343.31863680,0
1784174400000,64619.96,64997.52,64086.12,64238.0,2728.61151,1784188799999,176196222.66747210,380748,1260.70211000,81412678.72514040,0
1784188800000,64238.0,64380.0,63888.0,64256.53,8083.54555,1784203199999,518405240.00529090,555339,4069.82930000,261021903.36295890,0
1784203200000,64256.52,64896.0,63838.28,64704.73,3169.90689,1784217599999,204127820.80401700,741620,1594.96836000,102729512.19853880,0
1784217600000,64704.73,64712.0,63984.09,64271.84,1783.88455,1784231999999,114685442.70431600,502323,891.66775000,57325903.02744050,0
1784232000000,64271.85,64276.0,63748.74,63830.2,1224.9556,1784246399999,78420806.52825400,281502,526.33694000,33705659.59400430,0
1784246400000,63830.2,64067.69,63380.28,63570.0,2665.58621,1784260799999,169659336.68298940,531177,1236.29692000,78689064.08672730,0
1784260800000,63570.0,63576.0,62710.0,62828.11,4170.00651,1784275199999,262693644.65903850,494473,2061.81218000,129880484.67865140,0
1784275200000,62828.11,63361.7,62666.0,63298.01,2593.38028,1784289599999,163366668.37189890,354967,1388.89422000,87500141.64389790,0
1784289600000,63298.0,63518.0,62537.56,63452.0,3902.37074,1784303999999,246111895.34129800,894383,1743.65879000,109984295.34645720,0
1784304000000,63452.0,64387.99,63312.01,64160.8,3432.25523,1784318399999,219389919.13294950,728454,1648.44804000,105338593.02727950,0
1784318400000,64160.8,64216.61,63884.35,63931.67,1426.29492,1784332799999,91324565.15207720,235842,539.32786000,34534133.89555820,0
1784332800000,63931.67,64032.6,63886.65,64017.84,1370.3565,1784347199999,87640554.75600270,150552,706.83905000,45203317.55604590,0
1784347200000,64017.84,64026.03,63926.39,64002.75,949.10008,1784361599999,60728056.11439490,118016,441.05503000,28221087.47724080,0
1784361600000,64002.75,64097.22,63887.73,64069.89,1103.50008,1784375999999,70619036.03444280,85981,566.16577000,36236242.10698860,0
1784376000000,64069.89,64274.47,63963.0,64123.12,1241.58814,1784390399999,79608426.73221570,210954,648.61472000,41597307.05144680,0
1784390400000,64123.13,64669.5,64091.48,64552.79,1723.19086,1784404799999,110998004.60170320,257153,997.58868000,64255342.29409140,0
1784404800000,64552.8,64865.0,64528.69,64834.22,1643.44446,1784419199999,106360570.44761060,266045,739.95103000,47899483.96066520,0
1784419200000,64834.21,64967.25,64620.44,64706.18,1644.28469,1784433599999,106536390.38213490,198160,813.93093000,52743412.25552230,0
1784433600000,64706.18,64815.65,64610.89,64711.05,1101.66102,1784447999999,71298499.06576870,143399,522.31957000,33802195.34270750,0
1784448000000,64711.04,64743.0,64445.0,64467.64,1538.93439,1784462399999,99445905.38370100,229863,871.05962000,56288382.81110860,0
1784462400000,64467.65,64663.04,64285.24,64585.32,1464.507,1784476799999,94381470.05121550,274299,798.55948000,51470893.01411090,0
1784476800000,64585.33,64752.0,64280.0,64462.58,1160.57272,1784491199999,74890318.85140400,254773,577.55081000,37267479.26438830,0
1784491200000,64462.58,64900.0,64347.89,64722.54,1469.95492,1784505599999,95006518.17877050,363843,698.54960000,45156418.57723410,0
1784505600000,64722.55,65107.99,64416.0,64869.8,1856.81248,1784519999999,120367010.76140540,587702,944.57775000,61249378.29139220,0
1784520000000,64869.79,64869.99,63765.83,64280.01,3162.272,1784534399999,202948573.32073830,587681,1541.49004000,98890291.13265350,0
1784534400000,64280.01,65068.0,63100.0,65002.01,5789.67423,1784548799999,371789253.35528100,511848,1808.39523000,116364461.56957090,0
1784548800000,65002.0,65666.8,64077.76,65598.75,5847.5969,1784563199999,379053519.18600630,1036177,3459.70883000,224389149.92034450,0
1784563200000,65598.75,65799.0,65041.05,65142.0,3294.38969,1784577599999,215471814.64286760,589177,1688.03272000,110422141.28177100,0
1784577600000,65142.0,65445.27,65061.92,65255.51,1372.74172,1784591999999,89552538.99674580,294262,662.62211000,43231706.70969640,0
1784592000000,65255.51,65658.78,65148.75,65566.78,2285.39592,1784606399999,149538223.70845980,450732,1210.89115000,79218363.00610020,0
1784606400000,65566.77,66245.64,65471.69,66186.86,3537.73944,1784620799999,232893727.77605370,468544,1852.89532000,121964973.96204080,0
1784620800000,66186.86,66420.65,66129.19,66345.59,3436.96959,1784635199999,227803607.75170680,427621,1737.22867000,115141147.90533200,0
1784635200000,66345.59,66956.15,66255.73,66676.54,5031.99712,1784649599999,335391888.93805460,858855,2705.33094000,180310152.37236250,0
1784649600000,66676.53,66764.0,66052.63,66444.76,2940.41455,1784663999999,195205977.73440990,522292,1415.65652000,93983062.32927100,0
1784664000000,66444.76,66576.0,66204.0,66556.16,1385.76425,1784678399999,91969264.16553510,277197,623.80608000,41399623.89812450,0
1784678400000,66556.15,66739.89,66176.0,66210.0,2882.6636,1784692799999,191621422.16698660,652324,1571.19039000,104469303.77683530,0
1784692800000,66209.99,66424.0,65701.0,65843.48,4124.6914,1784707199999,272389387.64573550,668048,1861.65673000,122950341.90836190,0
1784707200000,65843.48,66164.57,65843.47,66013.36,5171.31096,1784721599999,341268215.78451210,712578,2576.26413000,170011483.54025690,0
1784721600000,66013.36,66204.98,65553.67,66047.39,3002.09745,1784735999999,197651196.71686230,662744,1520.44141000,100122588.80401270,0
1784736000000,66047.38,66384.0,65691.93,65923.19,1521.20312,1784750399999,100444842.63861470,427993,673.68011000,44490677.40310480,0
1784750400000,65923.19,66138.24,65791.79,66114.49,1372.89949,1784764799999,90583853.35412080,258138,651.23660000,42967586.23897140,0
1784764800000,66114.5,66313.14,65585.11,65662.53,2738.22182,1784779199999,180505912.36650900,390926,1330.08639000,87707894.26637550,0
1784779200000,65662.53,65821.17,65351.02,65442.13,1755.71203,1784793599999,115169792.61320610,313412,775.67186000,50878956.12707810,0
1784793600000,65442.12,65792.09,65419.75,65555.21,1697.46856,1784807999999,111411329.73326650,263480,840.61509000,55168890.87196840,0
1784808000000,65555.21,65589.41,64728.0,64958.36,4309.94067,1784822399999,280331098.68076780,864979,1869.00568000,121573383.72248560,0
1784822400000,64958.37,64961.15,64650.0,64846.94,2433.46243,1784836799999,157702426.45832330,457475,1177.43902000,76302459.43248580,0
1784836800000,64846.93,65235.43,64834.52,65098.97,1763.42122,1784851199999,114870647.60832130,267027,1043.50625000,67971386.62232070,0
1784851200000,65098.98,65464.35,64762.18,65456.7,1824.8823,1784865599999,118798430.76132690,353470,912.29254000,59398433.81727350,0
1784865600000,65456.7,65808.59,65248.0,65499.95,2805.86714,1784879999999,183654410.32570500,327061,1260.31211000,82506116.70586210,0
1784880000000,65499.94,65508.17,64857.14,65083.43,2252.49673,1784894399999,146583171.45130610,299283,1260.81835000,82042450.40676760,0
1784894400000,65083.42,65133.99,63739.75,64093.85,6045.41604,1784908799999,388120898.24330550,916912,2750.13786000,176507013.90558820,0
1784908800000,64093.86,64292.44,63881.46,64225.32,2025.41669,1784923199999,129894119.19347840,374993,997.11536000,63950729.18463990,0
1784923200000,64225.32,64288.02,64121.86,64139.99,1867.1929,1784937599999,119828379.18892970,195972,952.54664000,61130900.00031490,0
1784937600000,64140.0,64179.03,64006.55,64085.36,1828.72886,1784951999999,117173780.09139750,162165,955.26992000,61207222.77483680,0
1784952000000,64085.36,64205.67,63964.57,64003.2,1073.91838,1784966399999,68785852.58661140,150931,503.49498000,32253118.11236790,0
1784966400000,64003.2,64113.0,63810.0,64064.01,2748.18699,1784980799999,175746238.09708650,240400,1444.59246000,92392066.96528720,0
1784980800000,64064.01,64272.0,64043.0,64182.0,929.05963,1784995199999,59611183.00926590,148666,637.27555000,40886526.44805090,0
1784995200000,64182.01,64475.28,64123.0,64388.38,848.44532,1785009599999,54590446.82269440,172305,468.08416000,30121141.20114990,0
1785009600000,64388.39,64430.0,64263.03,64375.0,1434.71112,1785023999999,92374555.47652840,130871,612.77788000,39451582.42425110,0
1785024000000,64375.01,64582.0,64350.0,64557.0,955.90385,1785038399999,61641755.57610440,142517,555.69595000,35833103.86781210,0
1785038400000,64557.0,64599.95,64293.81,64370.0,1238.04277,1785052799999,79788726.33588240,129186,524.07615000,33769509.47616690,0
1785052800000,64370.0,64573.73,64353.0,64507.35,680.86616,1785067199999,43905614.81750470,112877,346.60790000,22352657.65764580,0
1785067200000,64507.36,64827.0,64414.0,64768.0,1456.55849,1785081599999,94137143.56121930,246720,838.34619000,54180778.65369280,0
1785081600000,64768.0,64940.51,64668.91,64695.52,1252.18356,1785095999999,81070372.26075740,163019,597.95822000,38717166.92569780,0
1785096000000,64695.52,65577.0,64631.57,65399.99,2349.50606,1785110399999,153290484.91089120,343704,1228.79530000,80194129.05266010,0
1785110400000,65400.0,65418.81,64892.03,65284.0,1939.56217,1785124799999,126419306.57711480,391478,879.09735000,57303937.99026710,0
1785124800000,65284.0,65744.6,65217.16,65221.99,2549.79202,1785139199999,166808532.28630380,393601,975.21774000,63809910.11940090,0
1785139200000,65221.99,65432.0,65092.0,65100.79,2902.58585,1785153599999,189351686.90261210,299147,1422.64207000,92815193.56480200,0
1785153600000,65100.79,65718.0,64418.01,64554.01,3393.0404,1785167999999,220545627.30122430,923086,1600.79519000,104115820.28342800,0
1785168000000,64554.0,65090.0,64517.78,64984.0,1492.95286,1785182399999,96859784.53911760,436159,783.35114000,50816881.37441950,0
1785182400000,64983.99,65056.0,63605.56,63755.86,2513.97213,1785196799999,161326260.37901420,478165,1033.72579000,66295078.98555820,0
1785196800000,63755.86,63827.49,63059.39,63343.83,3113.97473,1785211199999,197223094.37136350,495493,1467.68926000,92947496.17030180,0
1785211200000,63343.82,63668.71,63221.26,63505.99,2180.40039,1785225599999,138457131.98797710,302891,1281.83667000,81409898.01938890,0
1785225600000,63506.0,63593.0,63294.0,63450.0,1418.41424,1785239999999,90006748.47150430,272253,711.55013000,45152347.37706550,0
1785240000000,63449.99,64026.62,62742.47,63928.47,3870.99997,1785254399999,245194835.70590560,829250,1932.32768000,122497943.77140460,0
1785254400000,63928.46,64100.0,63504.0,63904.0,1689.97924,1785268799999,107805607.90876620,448963,854.11041000,54488429.02879880,0
1785268800000,63904.0,64073.3,63562.0,63915.0,1616.06139,1785283199999,103214086.04810720,331093,822.51415000,52536307.49161560,0
1785283200000,63915.0,64200.0,63658.0,63753.03,2347.04425,1785297599999,150025520.92860520,530540,1359.35636000,86893327.00161540,0
1785297600000,63753.04,64575.99,63598.0,64561.0,2719.58943,1785311999999,174459408.07800220,440332,1471.29309000,94413780.51271790,0
1785312000000,64561.01,64744.81,64283.83,64507.54,1788.0597,1785326399999,115369161.49443940,303739,955.03885000,61624222.77106330,0
1785326400000,64507.53,64718.87,63886.0,63964.01,2735.29639,1785340799999,175763704.90839190,813636,1248.06929000,80209427.18393860,0
1785340800000,63964.01,64648.79,63511.0,63589.46,4593.92101,1785355199999,294567059.21686720,988525,2442.80202000,156627068.13364790,0
1785355200000,63589.46,64131.44,63267.34,63984.28,2596.20834,1785369599999,165440053.02363220,538522,1455.05802000,92724171.17896670,0
1785369600000,63984.29,64411.76,63603.92,64161.98,2334.02034,1785383999999,149574162.28713700,470648,1278.33261000,81918551.24952060,0
1785384000000,64161.98,64182.0,63907.85,64026.0,3046.62914,1785398399999,195108453.32820340,613375,1657.24755000,106127179.70685450,0
1785398400000,64026.0,64885.18,63980.54,64788.0,4792.79575,1785412799999,308892349.18077470,1000641,2310.35433000,148934638.63208790,0
1785412800000,64788.01,65176.6,64607.31,64730.3,3737.13198,1785427199999,242391046.56443980,568667,2004.30850000,130014125.73254530,0
1785427200000,64730.29,64988.0,64688.0,64800.0,1688.5901,1785441599999,109487756.94213080,299193,990.02328000,64190577.46169530,0
1785441600000,64800.0,65086.4,64668.91,64780.02,1532.41755,1785455999999,99402988.62172810,294167,755.92593000,49041462.24370690,0
1785456000000,64780.03,65409.56,64172.0,64370.0,3281.13705,1785470399999,212266362.98571600,576077,1600.86104000,103603291.51438730,0
1785470400000,64370.0,64496.64,63878.11,63950.01,4513.26941,1785484799999,289329878.83962090,350769,1733.84465000,111250772.10973320,0
1785484800000,63950.01,64011.99,63610.0,63805.51,2006.05406,1785499199999,128050427.50956360,285681,1111.52582000,70962992.31281680,0
1785499200000,63805.5,63849.19,62466.0,62716.57,6622.15348,1785513599999,417058298.24137750,911977,3077.25071000,193790268.52921960,0
1785513600000,62716.57,63302.0,62709.01,62972.0,2772.32321,1785527999999,174662192.16741030,422083,1549.50271000,97647372.05846650,0
1785528000000,62972.0,63062.47,62846.0,62887.88,1280.66965,1785542399999,80656021.15299420,193651,586.57650000,36940830.89488660,0
1785542400000,62887.88,63106.55,62887.87,63004.48,1641.61546,1785556799999,103411707.72965090,124285,807.21869000,50851998.02910070,0
1785556800000,63004.47,63142.85,62992.82,63050.46,1267.77262,1785571199999,79950236.83977100,85782,661.67985000,41728865.01027750,0
1785571200000,63050.45,63150.0,62986.31,63076.0,834.60912,1785585599999,52640495.14770450,86193,390.37913000,24621139.31802160,0
1785585600000,63076.0,63127.07,63007.05,63007.06,1057.87378,1785599999999,66745617.16042010,78748,547.05249000,34515704.99078440,0
1785600000000,63007.06,63027.65,62275.0,62529.82,1931.00222,1785614399999,120963738.50061380,310491,869.65040000,54471838.54683510,0
1785614400000,62529.81,62866.62,62482.99,62823.64,830.21584,1785628799999,52100274.38419570,146484,496.25842000,31147295.76904680,0
1785628800000,62823.65,63550.0,62806.58,63461.95,2070.02486,1785643199999,130972008.44585980,259494,1123.57502000,71100282.35728430,0
1785643200000,63461.95,63634.0,63415.26,63506.24,1136.19822,1785657599999,72153523.58893850,123416,675.99459000,42927541.97879180,0
1785657600000,63506.23,63530.0,62982.38,63031.99,1393.24586,1785671999999,88150007.50821870,197628,684.34698000,43318588.33294320,0
1785672000000,63031.99,63231.67,63010.0,63109.14,1015.40932,1785686399999,64093788.73318290,158461,523.02633000,33014564.95048970,0
1785686400000,63109.13,63610.01,63064.01,63456.01,1352.52922,1785700799999,85648276.74478990,217974,799.14491000,50605539.90759730,0
1785700800000,63456.0,63796.33,63344.0,63570.0,1419.60406,1785715199999,90220771.40028390,329091,760.24329000,48315907.60963140,0
1785715200000,63570.01,63596.0,62786.04,62870.49,1580.29042,1785729599999,99839831.40407420,326736,699.29093000,44185968.47383940,0
1785729600000,62870.48,63001.77,62552.04,62621.1,2528.15637,1785743999999,158583910.26811630,254042,1259.64118000,79024210.15789320,0
1785744000000,62621.1,62863.1,62300.0,62560.01,1968.81583,1785758399999,123258099.12630820,280437,1093.51644000,68468282.79819810,0
1785758400000,62560.01,63992.71,62445.26,63694.91,5314.98583,1785772799999,337230182.52507960,932553,3099.62871000,196754818.74236300,0
1785772800000,63694.9,64080.0,63664.0,63869.38,2341.4127,1785787199999,149567720.37557050,440979,1095.83151000,70002295.54151930,0
1785787200000,63869.38,64023.61,63392.01,63520.0,1809.63628,1785801599999,115218772.25663040,259617,739.99510000,47122583.68145340,0
1785801600000,63520.0,63972.0,63322.01,63800.01,2284.2087,1785815999999,145406082.51993030,371522,1284.76190000,81790108.46316690,0
1785816000000,63800.01,64243.81,63506.78,63685.74,2203.45481,1785830399999,140604655.72931840,253042,1033.96701000,65980322.05207100,0
1785830400000,63685.73,63950.0,63451.8,63926.0,1840.43901,1785844799999,117165598.58978030,278134,934.77224000,59513390.26447730,0
1785844800000,63926.0,64238.0,63615.38,64125.14,3355.49264,1785859199999,214613426.29433270,680360,1960.52574000,125401526.58469060,0
1785859200000,64125.14,64413.21,63892.0,64233.36,2494.3487,1785873599999,160051627.07268610,498010,1336.67735000,85775583.44444640,0
1785873600000,64233.35,64549.16,64001.68,64106.56,1512.53523,1785887999999,97216293.09042450,306971,809.75942000,52058939.89973700,0
1785888000000,64106.55,64504.0,63950.0,64183.27,2051.27242,1785902399999,131673610.45792250,373821,1056.89821000,67836680.94640450,0
1785902400000,64183.27,64525.97,63995.89,64163.99,1638.18668,1785916799999,105225246.98319860,240425,869.87357000,55876497.21196730,0
1785916800000,64164.0,64280.0,64020.0,64075.28,1165.7803,1785931199999,74783126.17416520,238191,524.94152000,33672609.16828330,0
1785931200000,64075.28,64744.0,63880.0,64388.01,4094.61341,1785945599999,263646915.59287510,820352,2196.94214000,141453244.25887320,0
1785945600000,64388.01,64936.18,64388.0,64840.28,1995.16889,1785959999999,129169021.52832860,435800,1012.01078000,65517599.15466370,0
1785960000000,64840.27,65025.22,64579.15,64665.23,1797.83358,1785974399999,116432053.51875970,293638,861.81628000,55824110.86865770,0
1785974400000,64665.24,64724.38,64439.34,64531.03,1501.18098,1785988799999,96962499.17125070,246620,684.74301000,44226278.12787980,0
1785988800000,64531.03,64996.0,64496.27,64809.7,1782.75525,1786003199999,115578918.43345830,274759,818.44415000,53058555.22943590,0
1786003200000,64809.7,64999.0,64503.54,64622.09,1307.61434,1786017599999,84640438.20787660,244217,632.89083000,40961407.63563060,0
1786017600000,64622.08,64987.26,64172.0,64631.87,2760.61479,1786031999999,178194039.99090750,741438,1466.27219000,94681645.80345710,0
1786032000000,64631.88,64834.0,64365.0,64446.0,1460.95594,1786046399999,94317559.22025490,388523,644.45394000,41605736.75703160,0
1786046400000,64446.01,64536.32,64200.0,64323.61,1051.31154,1786060799999,67673191.69295970,192394,419.34849000,26997092.83340680,0
1786060800000,64323.61,64544.0,64230.59,64289.99,1225.13149,1786075199999,78853170.66551830,345867,588.19788000,37860179.56035320,0
1786075200000,64289.99,64463.75,64166.0,64319.84,1378.76331,1786089599999,88693539.60203640,221813,649.87887000,41809418.54644790,0
1786089600000,64319.84,65213.33,64304.22,65029.98,2365.76634,1786103999999,153395685.62826650,319893,1085.53286000,70399708.42939560,0
1786104000000,65029.98,65390.99,64788.0,64912.72,4134.62946,1786118399999,269309422.59874350,828497,2118.83564000,138041485.92053710,0
1786118400000,64912.71,65072.31,64525.0,64960.47,1712.98766,1786132799999,111056163.23140360,440108,748.77566000,48552167.83953070,0
1786132800000,64960.46,65102.0,64846.0,64923.19,990.12577,1786147199999,64296131.80959050,127205,448.04530000,29096829.82408300,0
1786147200000,64923.2,65074.18,64784.19,65033.0,1310.57126,1786161599999,85086476.42922800,96354,705.31113000,45795634.51854810,0
1786161600000,65033.0,65071.15,64951.34,64960.0,786.13996,1786175999999,51095645.85920780,75111,372.49445000,24210145.12845630,0
1786176000000,64959.99,65050.0,64948.56,64967.35,776.81012,1786190399999,50492698.28323280,75327,403.71016000,26241700.61488710,0
1786190400000,64967.36,65192.54,64924.0,65080.82,965.25235,1786204799999,62803848.31224630,112522,537.60827000,34980807.31937860,0
1786204800000,65080.83,65150.0,65017.39,65075.41,690.47872,1786219199999,44931091.30339930,83910,306.73611000,19960820.31000630,0
1786219200000,65075.4,65100.61,64936.01,64962.6,1230.89057,1786233599999,80041598.64330570,97223,484.14599000,31479303.50741450,0
1786233600000,64962.6,65002.0,64730.08,64788.8,953.95674,1786247999999,61890284.29746320,103366,406.85620000,26394256.82038820,0
1786248000000,64788.8,64867.11,64777.0,64826.14,905.46471,1786262399999,58695686.42797050,68791,438.09997000,28398359.69428660,0
1786262400000,64826.15,65000.0,64792.1,64950.0,878.41777,1786276799999,57018145.06071280,106398,486.78467000,31594021.39936950,0
1786276800000,64950.01,65300.0,64914.73,65228.68,1218.78551,1786291199999,79419975.98203660,137348,655.32640000,42700750.73561310,0
1786291200000,65228.68,65266.06,65179.72,65180.66,760.315,1786305599999,49586659.22395670,79419,281.25274000,18342939.17196450,0
1786305600000,65180.66,65474.46,64842.59,64901.59,2314.29633,1786319999999,150755456.41208370,308659,939.00924000,61186575.11264230,0
1786320000000,64901.59,65391.14,64826.78,64982.01,1735.05442,1786334399999,112891375.37464950,339541,906.46506000,58980737.22376830,0
1786334400000,64982.0,65379.13,64924.0,65202.73,1621.07764,1786348799999,105654380.06001480,211476,735.81257000,47955776.25847400,0
1786348800000,65202.72,65328.73,64958.87,65125.98,1294.99105,1786363199999,84303871.04457410,219964,650.11354000,42320679.69880810,0
1786363200000,65125.99,65237.8,64203.15,64299.99,3640.00431,1786377599999,235448632.25627850,597064,1875.11074000,121299058.24292250,0
1786377600000,64299.99,64354.0,63806.27,64045.7,4275.95165,1786391999999,273599521.63488950,503118,2218.45876000,141935026.50403590,0
1786392000000,64045.7,64215.21,63920.69,63970.01,1071.3297,1786406399999,68604779.28270610,183184,560.66700000,35904066.79469090,0
1786406400000,63970.01,64176.0,63895.64,64155.01,1832.7232,1786420799999,117375881.66179040,177239,929.48291000,59528927.10276660,0
1786420800000,64155.0,64159.65,63852.0,64065.99,1640.19253,1786435199999,104971889.81427920,159630,720.35609000,46098589.07656870,0
1786435200000,64066.0,64400.0,64044.72,64389.57,1568.1186,1786449599999,100757929.94045290,168286,795.58250000,51122802.91139990,0
1786449600000,64389.58,64515.43,63451.0,63609.87,4376.77905,1786463999999,280160653.22824820,604121,1939.93825000,124178058.84094940,0
1786464000000,63609.86,63660.0,63238.0,63536.0,2424.73673,1786478399999,153931196.19307820,358187,1443.84359000,91667076.05889110,0
1786478400000,63536.0,63768.58,63536.0,63600.0,1049.08237,1786492799999,66794644.82806920,193054,533.80984000,33985137.53539160,0
1786492800000,63600.01,63908.01,63534.01,63835.59,1898.48961,1786507199999,121087078.45711590,219268,1023.43861000,65281436.40048960,0
1786507200000,63835.58,63891.42,63606.15,63837.99,2130.54232,1786521599999,135859656.61821270,207376,1208.52237000,77049243.13819380,0
1786521600000,63838.0,64249.5,63768.01,64240.04,2267.09134,1786535999999,145242071.61158390,301323,957.69318000,61343840.00310040,0
1786536000000,64240.04,64500.0,63316.0,63441.47,3959.44035,1786550399999,252858381.79540220,749720,1935.40324000,123571579.12652950,0
1786550400000,63441.48,63578.0,63310.34,63421.11,1558.61566,1786564799999,98881340.69636850,266873,874.61538000,55490795.78999250,0
1786564800000,63421.11,63661.24,63370.0,63479.99,1812.88894,1786579199999,115034605.04987740,245939,994.15348000,63077046.58433630,0
1786579200000,63479.99,63717.31,63380.0,63646.99,1584.53762,1786593599999,100664999.45132050,258695,863.94900000,54882557.21442330,0
1786593600000,63647.0,64010.0,63591.56,63865.84,1512.6667,1786607999999,96599906.24481710,247721,865.84846000,55297450.27462900,0
1786608000000,63865.84,63915.0,63350.0,63484.3,1451.07714,1786622399999,92398073.07063580,209860,681.81362000,43413904.48083820,0
1786622400000,63484.31,63999.0,63420.0,63420.01,2120.87883,1786636799999,135187139.47621350,524821,1109.04945000,70693863.07975600,0
1786636800000,63420.01,63568.97,62802.27,63407.99,3071.89552,1786651199999,194166446.63825770,630580,1526.72815000,96526142.10544630,0
1786651200000,63408.0,63640.0,63368.0,63490.86,1052.80272,1786665599999,66828129.36824020,207100,540.91324000,34334317.28429390,0
1786665600000,63490.86,63617.45,63301.58,63310.0,1474.95395,1786679999999,93667595.21550660,273190,648.20403000,41166283.94842850,0
1786680000000,63310.0,63472.5,62920.0,62920.78,2090.34251,1786694399999,132100109.47408590,278676,1132.75039000,71592333.35779510,0
1786694400000,62920.78,62997.83,62700.0,62868.83,2437.10701,1786708799999,153184955.49678720,335711,1373.29775000,86321935.47695890,0
1786708800000,62868.83,63089.18,62535.24,62990.95,3460.64272,1786723199999,217135899.85825210,674396,1896.22956000,118988152.93905770,0
1786723200000,62990.94,63247.05,62830.0,62968.05,1783.03596,1786737599999,112422975.44450280,427098,1036.81652000,65373847.76546760,0
1786737600000,62968.06,63066.13,62800.0,63043.56,1094.74684,1786751999999,68897309.21666310,195459,590.97898000,37190672.76036890,0
1786752000000,63043.56,63187.98,62992.91,63051.25,1121.88969,1786766399999,70728949.73459780,110386,572.08778000,36066586.48303430,0
1786766400000,63051.25,63155.76,63027.89,63075.43,1448.06787,1786780799999,91353412.07291000,93334,800.04577000,50471509.08628140,0
1786780800000,63075.43,63085.8,62920.0,63022.01,617.28318,1786795199999,38899181.79523110,76132,325.22628000,20495585.05698920,0
1786795200000,63022.01,63120.09,62946.58,63100.55,700.44395,1786809599999,44159868.88472320,88246,378.50675000,23865445.38663460,0
1786809600000,63100.55,63124.99,63066.73,63095.22,163.91969,1786823999999,10341803.83240810,23920,122.63104000,7736457.77755360,0
